sample_id,original_sha256,source_sha256,source_snapshot,source_file
003cca3f11284b23,003cca3f11284b23509fb73dd630ffb800198e0c543ee32bbc5c963b19c9a938,4f6b3c277af8c22bea5dc06782e79ed18fd6e9e4b11917a35c44c69d5a142691,artifact,repository/even_rank_extension_20261006/existing_serial_42/raw/00670_formal_N16_L48_ordinary_int_r0.jsonl
005fa500e9770b5a,005fa500e9770b5a7cbfd63dda3f4d9f835c0ce8918c23489ff311235451b6e1,9adbf900be5cb1cc41916912c221c98bb350cc55d4b4314c6db1b6c57b5b0007,artifact,repository/baseline_alignment_20261006/runs/v1/attempts/fwht_N16_L6_r0_a00.jsonl
009a865afe9acdef,009a865afe9acdefc538dd09d680c270b4215159aa38891407758aa4c08194b2,601ba218f7ec155fedaa9dc01098bb31ec67b0f7c1b536e677a86931e82a6db7,artifact,repository/odd_rank_benchmark_20261006/runs/v1/attempts/N8_L31_ordinary_new_r1_a00.stdout
009f43cf26c172a2,009f43cf26c172a2418e83ccb9340e9cfbb0f1e3588a8a074fe9650684103436,dfad6fe32a5189d7159909464d9cdd5593e567885ee4272a2a897abe68d552f3,artifact,repository/even_rank_extension_20261006/existing_serial_42/raw/00785_formal_N32_L16_ah_block_second_r1.jsonl
00e89c4cd5667be5,00e89c4cd5667be517b3042d42cd04b922af3df5a2413476dc119cb0ad51f51b,8e684d63e0aeb2275eebd855cd8f6b48864fbf42fd5daf92936e0ef83ff3aca1,artifact,repository/even_rank_extension_20261006/existing_serial_42/raw/00904_formal_N64_L8_ah_block_second_r0.jsonl
010d85dd72006873,010d85dd720068732f9e4d8a30cd52aeb0ca1a2fad55d807dc985f893a81178f,89a4bbcaaca26771c72239a934c85d118ca020bf1b23bd5154e2c1b0b1cb5753,artifact,repository/odd_rank_benchmark_20261006/runs/v1/attempts/N8_L3_fwht_r1_a00.stdout
01a1e37b0d223b93,01a1e37b0d223b93b6065ab5512101bc84cf0168df4f4b3803305404569d65e3,0462d95a9354a44599ec1533c8d7b832c4c3b7f5a9d7c5671f21dcfc5a6dfb57,artifact,repository/baseline_alignment_20261006/runs/v1/attempts/kronecker_binary_N12_L12_r1_a00.jsonl
01a635cbe7a04be1,01a635cbe7a04be1014c9ea7cf23ccca5cf6d5a8bdc7197fb4123e9c1ff3982a,2f4685839c3a9b55dc2dc836c88a85f892bf0c5abcf8c44a336ff7cb30c3643a,artifact,repository/even_rank_extension_20261006/runs/n36_v1/attempts/N36_L16_ordinary_int_r1_a00.stdout
01c52f055c9035f2,01c52f055c9035f2cf8f539e61adbc6e557a9aa5ecf81a33b7585a2f91291e8e,840d934c609f95bd5f4837227b79f89f9e7819461b949bcc229ffb539f259e1f,artifact_extension,repository/even_rank_extension_20261006/figure1_extension_evidence/matrix_raw/00768_formal_N32_L6_ah_block_second_r1.jsonl
021ae369dcc71d06,021ae369dcc71d06a1202e9e05fb4300872fe162d0dac6bded62821e77046d45,638b770146234701552e20c78644bddfdee585ee964d91976ecf4eb2366e238b,artifact,repository/baseline_alignment_20261006/runs/v1/attempts/pari_cyclic_N16_L6_r1_a00.jsonl
022d9bacafbe2286,022d9bacafbe2286159b443a688c91aa83134fdb343a2492709460b6e1ab2033,a4a95f99e889c5e09adf33038d15082e0ce52d63ec14c2d4902d08afa41b708e,artifact,repository/odd_rank_benchmark_20261006/runs/v1/attempts/N8_L16_ordinary_new_r1_a00.stdout
022e4d2df2d61654,022e4d2df2d61654417deb5341b663665dee6322fdf2aa2a1b142cb26fa88a55,ed77ebc0faa39a102c2c4cc4ed2eb7b13ba8811952a77f9773ce0df8182f0537,artifact,repository/odd_rank_benchmark_20261006/runs/v1/attempts/N16_L31_ordinary_new_r1_a00.stdout
02a0d02f284eb9e9,02a0d02f284eb9e94b995691c2801f672e4230d300f7088e92e48c6ff67d50f8,e909d01e391b7e99c2dd38bee86470e28f3c38f5c5a2a216eb6a5d51b70c3687,artifact,repository/even_rank_extension_20261006/runs/n36_v1/attempts/N36_L48_ordinary_int_r0_a00.stdout
03ec53fe8cd4ff07,03ec53fe8cd4ff078ab35f1c77ece866c496f444fae2c9a8edb159480bac0ecb,8105360ae78aca08511c43dffda7d2b46145dd8005453c27cf48357e552f5ab2,artifact,repository/baseline_alignment_20261006/runs/v1/attempts/conv_sequential_N4_L16_r0_a00.jsonl
03f1fe7ad39c7475,03f1fe7ad39c747527c405a887e881cb7ef738d4ae1e502425e00f23d4d00e11,772d96c2b4d58c6940157b07fe6688afb550d108f80cee417bb454b0c2aa0eb3,artifact,repository/baseline_alignment_20261006/runs/v1/attempts/conv_sequential_N16_L4_r2_a00.jsonl
04009387e5ce6271,04009387e5ce62712ffa05de0797a17be0f0e9d7f5e0a6837fe1b574ae59e6c7,cfff780d1b417152b621dc027bb849739296fd1f5132104da5fcd8bd44a14f7b,artifact,repository/even_rank_extension_20261006/existing_serial_42/raw/00732_formal_N24_L32_ordinary_int_r1.jsonl
0482437d18fdfe0a,0482437d18fdfe0a090ce900bfb464e0a9b4a57c77abebf53d62a3b18b6c3e63,439e6c2a14b47c22db4565ff041a0b6af031e5f8ca6aa4185775550058f1bb9a,artifact,repository/baseline_alignment_20261006/reference/attempts/00373_formal_N4_L6_ah_block_second_r2.jsonl
04d22d0bcf83d6ca,04d22d0bcf83d6ca7baab13f60bb5655251b77c238e45027669032e45fbfd6a0,74a84dd328f406bba07fc689f9caf39031898b6df671727f68ae5bdc1d115991,artifact,repository/odd_rank_benchmark_20261006/runs/v1/attempts/N16_L7_ordinary_new_r0_a00.stdout
051a3bfec797abb7,051a3bfec797abb7404c4b1a58e9b8b456be7d6273d6f9dbdbb162843aba5a2c,9e35af9414c01a24038ece9200c295c4cc82c42a8beeddc0a9b4720c5b5daaaa,artifact,repository/odd_rank_benchmark_20261006/runs/v1/attempts/N16_L24_fwht_r0_a00.stdout
05556305904a3cf0,05556305904a3cf0dc01926e0ac6b2d776d9cf9ef31ddca4942226fc1c222dcb,51c62228c94594b98fc0ab14679c24c62361f076d9188c71c71d6fba298e45bb,artifact,repository/baseline_alignment_20261006/runs/v1/attempts/kronecker_binary_N8_L8_r1_a00.jsonl
0558f0895e1213da,0558f0895e1213da764dadc72e5ae055640b8bca32980a34e44f5f63dab80911,ca18a0b7eadb2f3a4a1c35afaf11e91a433f7bc249dc729eee28c756123a242b,artifact,repository/odd_rank_benchmark_20261006/runs/v1/attempts/N8_L3_fwht_r2_a00.stdout
058939c333e54d58,058939c333e54d589f22dddbba1386eb6a063cd7f9405e2e6a38553bd093df2c,d341eb187fa6d8ba0e3d1c09aa076b6efb52a07f861a15fb5431d045f611dd7a,artifact,repository/even_rank_extension_20261006/existing_serial_42/raw/00857_formal_N48_L24_ordinary_int_r1.jsonl
067c6223cd7e5848,067c6223cd7e584877cb71eed9dad494e4f9d90086d5c89e0335242229f1d4c6,aafda1c42224d85411de7066f197cbb86b023d93da323bd548e0cd08e4870608,artifact,repository/odd_rank_benchmark_20261006/runs/v1/attempts/N16_L24_fwht_r1_a00.stdout
068161053ed14a39,068161053ed14a3992ec1b55f56f21410611afdf3c64ec31e6c048fba6873154,34853789d5c8debbdaa2993c2dcd83aeac9b6d6cabc623ad486ebccfdab23090,artifact,repository/even_rank_extension_20261006/existing_serial_42/raw/00850_formal_N48_L16_ah_block_second_r0.jsonl
068bdcff6fa7f02a,068bdcff6fa7f02ae2602e9092b031f935f3e4a73318c5030a5a1fd67af59b71,e281a710e6f33b0318d99461bd74f8ce22565a48211fdb6f70e341bccf82d6b6,artifact,repository/odd_rank_benchmark_20261006/runs/v1/attempts/N8_L4_kronecker_binary_r1_a00.stdout
075dcdb62f2b2c29,075dcdb62f2b2c299fd7acd9f47434047eb9d1a41f1190b44abb2b85dbf9253e,ece7b47642c63a9d4e2f19ec0ed9a796fa570b33e080f7fc58219b0e49f401d0,artifact,repository/baseline_alignment_20261006/runs/v1/attempts/pari_cyclic_N6_L4_r1_a00.jsonl
080211985e0d1ac1,080211985e0d1ac1810d23a8ad29b63c4fb64a4b26d5d87840bfdf0e1bbf5d57,a57292feba9ace9611e1c0829c4ef0bc16bdd38292d42e8a01d9a42bf669aa1f,artifact,repository/baseline_alignment_20261006/runs/v1/attempts/fwht_N6_L16_r1_a00.jsonl
08083f2f97de465e,08083f2f97de465e32485d7d55d0d022e45e6e93177a4b656cbb48675651c9d2,c580d84e5156a280a14aa11ee0b5769c614fde4817196424c5788efb200edf2e,artifact,repository/odd_rank_benchmark_20261006/runs/v1/attempts/N16_L16_kronecker_binary_r0_a00.stdout
084b9a89386be3ef,084b9a89386be3ef203bcc2dc0d572457cee32d3b026d6eb6d8fcceb141e2a75,e53c0fb18fcc49018ca1558af4c6a00c42f9730043de5fee2c210c7ef81263cf,artifact,repository/baseline_alignment_20261006/reference/attempts/00435_formal_N6_L6_ah_block_second_r0.jsonl
0875c70e5920b079,0875c70e5920b079bfa1589a6a70459d8ad9ce7bbc84fac694350294afa313b7,ec8d04db6a222fc6b7a6143cc9f30fada6d5e2759e1448cc5e3a4f506fc1fe7f,artifact,repository/baseline_alignment_20261006/runs/v1/attempts/fwht_N16_L16_r0_a00.jsonl
08a26986bd6a06ad,08a26986bd6a06ad6d421f70ef9e7e6ff7a0f3bd6e16736f9669fd949a9471b4,36567d9485591a91f0fd7b32f234071efc8886bb3d09a269989bf46c478d90e2,artifact,repository/odd_rank_benchmark_20261006/runs/v1/attempts/N8_L8_ordinary_new_r1_a00.stdout
094f42da968ac740,094f42da968ac74089d34235c5661b377ebfe7b17a251e895b7e342d34413563,e91b0dce9a6c82b40d321427746fc7f0aeba4bd23b7285c2f2c97f8d026fd7f7,artifact,repository/even_rank_extension_20261006/existing_serial_42/raw/00790_formal_N32_L24_ordinary_int_r0.jsonl
097e6a30faae75f6,097e6a30faae75f6aeadf894b9811cd5e91c8deb194d36c95695313db338f7a7,256942ee8c00150f5c068ae4b0ab97320d381c695716f070466bda6608e50ff8,artifact,repository/baseline_alignment_20261006/runs/v1/attempts/fwht_N4_L8_r2_a00.jsonl
097eaac624347894,097eaac6243478944cc000591de3a56a3ff9713e9258c32ca0afb9836e762d78,dd9578fdd7d0fa2fe1234f4ba5da401603cebccebbfe968731811944a47003c9,artifact,repository/even_rank_extension_20261006/existing_serial_42/raw/00744_formal_N24_L64_ordinary_int_r1.jsonl
0a4e23f259acc06f,0a4e23f259acc06fbc0d6f7a24b7d8a72befb572d8d5fde146c7f20ae0d7d595,a49a84f27fd72bd416a7e380422db6d4424d63156859e5784045615554b35e4c,artifact,repository/even_rank_extension_20261006/runs/n36_v1/attempts/N36_L16_ah_block_second_r1_a00.stdout
0a5ac4828e3b9fee,0a5ac4828e3b9feecf7fcb0d6a9672a9f6f60ef005cbece1bb603c07bcc75e76,b0c96b8f668c71563b3cc60a6d19686231c198b14e32f3088dd6f3afa7ba0f80,artifact,repository/baseline_alignment_20261006/runs/v1/attempts/conv_sequential_N8_L4_r1_a00.jsonl
0a9d320ed63a71ee,0a9d320ed63a71eefcc0eb6608cbe373292e07ee31c2d89a430f339705c83b77,aaee1f594fda2b8c5ea12e195506d9837e0ba833159fa9d4f0a0548bea09cc3a,artifact,repository/baseline_alignment_20261006/runs/v1/attempts/pari_cyclic_N6_L16_r1_a00.jsonl
0ac667f7d544aeef,0ac667f7d544aeef7920e0bc9cef2e8ea32ad0064eba7ba712b0135d4e201e0f,94a1350ed4ad2b2d8396418d6ae2a9a4a909161f0dd0839bf27a2ad9609ce604,artifact,repository/odd_rank_benchmark_20261006/runs/v1/attempts/N8_L15_ah_new_r2_a00.stdout
0afc539d19929a60,0afc539d19929a6014aa8a3acbf2fcd3ab8bb13fa042a74154964db88c4b8a83,297ec2ac8e76ea6fafb50934241fcf2d9ee87601c0cb0a3fde634b73492a11f8,artifact,repository/baseline_alignment_20261006/reference/attempts/00516_formal_N8_L12_ah_block_second_r1.jsonl
0b18a76df071b210,0b18a76df071b21084e2558d02c458178d5165ebf48930b015450fa23707e0ec,f9e3f77afe06923b92d463d3b801a39c0c36104ff2960942971c81e06afdd799,artifact,repository/baseline_alignment_20261006/runs/v1/attempts/conv_sequential_N6_L8_r1_a00.jsonl
0bd152a7faf0e82f,0bd152a7faf0e82f29dd9867e62170670e9b731fbb183a94347392b9a7cd0709,ec62df914e1820f7aec4ab27dc04e8922c065c7bbb0543a46b74be86d9d0d3e9,artifact,repository/odd_rank_benchmark_20261006/runs/v1/attempts/N16_L7_fwht_r0_a00.stdout
0d0d4456a24dfdfa,0d0d4456a24dfdfab6bd4b846cd046a1d49b7794a6962f6f7f350a56f7556368,3be9904a500037519855b7c4b148bdd892d368e1953bacb73b6c4d22e03c2a11,artifact,repository/baseline_alignment_20261006/runs/v1/attempts/conv_binary_N6_L8_r2_a00.jsonl
0dcece9b423715ab,0dcece9b423715ab95a2c85c4eae03b9c46f6a5e21ded7cf07a9fe9f3ae3e76a,57f9948b4bbe3f58a8b60ba0441912fa74f4e88ed938744817747a82740a8129,artifact,repository/even_rank_extension_20261006/runs/n36_v1/attempts/N36_L32_ordinary_int_r1_a00.stdout
0de50d510de2292c,0de50d510de2292c77b684ce76c03c33924d7732f290641a7bb085e4cc1f9511,99102d1975a62f913f783dfa0dc1edb2369d70044ca09571706fdc90c6bee8f3,artifact,repository/even_rank_extension_20261006/existing_serial_42/raw/00678_formal_N16_L64_ordinary_int_r1.jsonl
0e05d35739ecb27c,0e05d35739ecb27cd5d53763627ac4f2dd4ec9aac77dea8889b27733b61bd31c,9d97176469c2d8fd6be76008a53c79479227fc2cd71f0123806968fe6a0bdc31,artifact,repository/odd_rank_benchmark_20261006/runs/v1/attempts/N16_L31_ordinary_new_r2_a00.stdout
0e7ae14190655fa0,0e7ae14190655fa0d5c470dfa337b13e043d6ad1961466c3e5ea4f817e517328,f7204879e10178d9008ffccbb0b1045fb6c8c2295a228246e66c394357ceeab7,artifact,repository/odd_rank_benchmark_20261006/runs/v1/attempts/N8_L24_ah_new_r2_a00.stdout
0eb6b393a669e4eb,0eb6b393a669e4ebe71315036bd58a0add0bf19aa5fbe0164f609623acbf230b,5f7274cc396a9d4c04944785b1929d392bdb67956af5d278aa0b508a28bcdccf,artifact,repository/baseline_alignment_20261006/runs/v1/attempts/conv_binary_N6_L12_r1_a00.jsonl
0ede3f1e04b7b043,0ede3f1e04b7b043fdfa36a36d0a2c20cfe1fa3a8115a40c411bb02c8664a294,76684d961413c914409156ee2428acd1b74fcdd964b75901d1c943d6da2e5892,artifact,repository/odd_rank_benchmark_20261006/runs/v1/attempts/N8_L31_fwht_r0_a00.stdout
0ef0a1d13512f3e2,0ef0a1d13512f3e2ca4507c4f5e062c25018c622c14adfd41660d563a2a9f471,2f39c44a58f0c7e603e4e976fdbfe27fbf907a0e36d9f59f3bce0de7fe89a2b4,artifact,repository/even_rank_extension_20261006/existing_serial_42/raw/00942_formal_N64_L64_ordinary_int_r1.jsonl
0f1d9d288fc18754,0f1d9d288fc18754ca22c520514a2c21c901ba6191e9b2d78bdf336514f1372e,f81aee0b97ff40b8eeae1c6ea176ba2bad1f5469fd3b6ed7358c63fbdbff0c97,artifact,repository/baseline_alignment_20261006/runs/v1/attempts/kronecker_binary_N12_L6_r1_a00.jsonl
0f48cc6311bfb4b9,0f48cc6311bfb4b998eedfff6c524c2861e5ca1e94b915fdb0125ebf869f773c,0026433e62e601ff02aebaf627209c08d555bb256f7b8f6a548c5ba78d8f7251,artifact_extension,repository/even_rank_extension_20261006/figure1_extension_evidence/matrix_raw/00703_formal_N24_L6_ah_block_second_r2.jsonl
0f517269d321ead8,0f517269d321ead801b3e2cea7552f605728af42a53ec1d2aac483bf0b5714a0,4ac00f3d6926799c84d893072af2710ef5e12381e7c60531259ae5c0a709519a,artifact,repository/baseline_alignment_20261006/runs/v1/attempts/pari_cyclic_N16_L4_r1_a00.jsonl
0f5a8ae6faa7ef7d,0f5a8ae6faa7ef7d2d00fad7ce9653a980c6967d2da8b428e2aff3300d5d7aba,bd5d724dabd5120119f69cb2fb75fdf7147dbb3050da080b2a42147b0f454003,artifact,repository/baseline_alignment_20261006/reference/attempts/00650_formal_N16_L12_ordinary_int_r2.jsonl
0fa295606dd0cdc1,0fa295606dd0cdc111ca6087f6a2cfe4af3493fdcb47bc568cf03e98496b8971,a6bc555dee3c0a6997fd30ad385ffb389a645fa386af37e8f4d1dc598e79cb01,artifact,repository/baseline_alignment_20261006/reference/attempts/00448_formal_N6_L12_ordinary_int_r0.jsonl
0fab4637c64fa548,0fab4637c64fa5483dfa85ab202e2e322ccb1724b60c5ca1be78f7c5c85b5e1f,14f6169177dacf78a4b402691d21619a22985d78d566696a2abfbb6cf57e25a3,artifact,repository/baseline_alignment_20261006/runs/v1/attempts/conv_binary_N6_L16_r1_a00.jsonl
100377d25339f1c8,100377d25339f1c8f3f7e752208aa84b2b0185ef4cc88a6ee5402317f151bdf1,7d4eb13bd1efb92e27d7663a93380f0f68ea42c3a94877b2d04aabf3066bd881,artifact,repository/baseline_alignment_20261006/reference/attempts/00576_formal_N12_L8_ordinary_int_r1.jsonl
102f77bf00545ef6,102f77bf00545ef67ce9e3e09a31111dd8d13d2e1ec4f93cbcc62f34adfa744c,1efe49224d8c12297dcb215edf4e74f3d72fd981611baecde6bd4bcc064afdbd,artifact,repository/odd_rank_benchmark_20261006/runs/v1/attempts/N16_L24_ordinary_new_r0_a00.stdout
1032110e3a607975,1032110e3a607975c9441a943d114526205459fd350c6df8dbee4af305af1ac1,7df18ffddea92cf01f4a6d6fac06308b9a5551e63b0b1977fad9afb05256726c,artifact,repository/baseline_alignment_20261006/runs/v1/attempts/kronecker_binary_N6_L6_r2_a00.jsonl
10531d86aac0af2c,10531d86aac0af2cb97d78db44f9bcbcd431cae7ccb2e6b7a92db402826eab97,d8f337a3b9a7e8d50b5362df20cedcdf9f8a20b5d21b9cc12352dd4a0dcfbdb6,artifact,repository/baseline_alignment_20261006/reference/attempts/00457_formal_N6_L16_ordinary_int_r2.jsonl
10778047f5487f96,10778047f5487f96d8ae7efe930c67f78fc95063244441962536bbbf27561825,2e6d2e30f73b6c2f08119d47dee573bb94f6ee9cde600de9d6e668fe7cb312a1,artifact,repository/even_rank_extension_20261006/existing_serial_42/raw/00931_formal_N64_L32_ordinary_int_r2.jsonl
10a077bff9f0434c,10a077bff9f0434cff23bf5f6927eb8da7299b261a4f0690568719194c065df6,bb6e13adcf33fd28ca59119fde5046cad5cab4608beb468b911399e516352296,artifact,repository/odd_rank_benchmark_20261006/runs/v1/attempts/N16_L31_kronecker_binary_r0_a00.stdout
10c50b9b46123506,10c50b9b46123506cc11180342daca0b53dfb3192e20742343fd1607be76c44d,0e7e5c5808c285358f89bb1ff3b7c78887557c25fa8bb0740e6dd693b73072a3,artifact,repository/odd_rank_benchmark_20261006/runs/v1/attempts/N8_L24_ordinary_new_r1_a00.stdout
119d08e2172a86c2,119d08e2172a86c2189fdf108fe11fb3f3210c8b925aab0e60b483d3573f92f5,120c81c7787a7b585a81ab8412db9c57b2156ba99cc87f4f77cb57f6f93eee5f,artifact_extension,repository/even_rank_extension_20261006/figure1_extension_evidence/matrix_raw/00713_formal_N24_L12_ordinary_int_r1.jsonl
11bf3046d1f66a6a,11bf3046d1f66a6a1737ec5aac51371d2084cf898275de76c41f9cac9dedc4e5,5af7a75d6be3d6755ec813c83bc8a349dde0a44f561776dac324eb395f1bb5aa,artifact,repository/odd_rank_benchmark_20261006/runs/v1/attempts/N8_L4_ah_new_r2_a00.stdout
12d2e6e9b07ed409,12d2e6e9b07ed409ff17ab4915befa2fceacebf16abb8d13644a9a7c4862b060,324a372df42f64cc75cc12b39eb9d5e47e28f46935b1f803aacaa010dc89c64d,artifact,repository/baseline_alignment_20261006/reference/attempts/00366_formal_N4_L4_ordinary_int_r1.jsonl
1311c276424a8670,1311c276424a86707b689abc63f1d0cd458e742cc97df1872e47c6f109350aa1,b6479073a4f97a03f2f80463a411d1ac354ce3d5cf3aeff6327fa3d42526640e,artifact,repository/baseline_alignment_20261006/runs/v1/attempts/pari_cyclic_N4_L12_r1_a00.jsonl
13489b483e668e21,13489b483e668e21222b62e9026646ac90dedd5b8feb179c2cadac22d2c253ce,f23d61438161a454bf5cba76c7d63d4161ebad89697b3bd4608d246b55551448,artifact,repository/odd_rank_benchmark_20261006/runs/v1/attempts/N8_L24_fwht_r1_a00.stdout
13643c2e8d6f8fc1,13643c2e8d6f8fc11a23290bac0786c99c5a121d5b0828742e443bb0510ed31f,55a5f36cd10525f53e95a8c7a21fa961649d4ca5a25fe7b4ea79e9887c466ba3,artifact,repository/baseline_alignment_20261006/reference/attempts/00627_formal_N16_L4_ordinary_int_r0.jsonl
139bb8d389cc3f18,139bb8d389cc3f182fb7e9c552f90da354bbf3c4b333f563adbc801c337c5dcd,268a9a4a54b972bfca0b8fecd6e7e7f1e09da3e549ade9b76771f306bfa6a31d,artifact,repository/even_rank_extension_20261006/existing_serial_42/raw/00892_formal_N64_L4_ah_block_second_r0.jsonl
13c6484f98dcf792,13c6484f98dcf792c962ff3a6301ea791dc9615a856b532c5f65252ab4fe659d,4f175a23d9b42ab23ed311aa4061d93b55b7483a721f70b5e2deb56d25241aca,artifact,repository/odd_rank_benchmark_20261006/runs/v1/attempts/N8_L31_fwht_r1_a00.stdout
14434ffc3df1d957,14434ffc3df1d957da76a1269524c476648fff767e279fc6da5173c3568a0e85,f96d2a969dd06892173485b023f5be7ca4cbd1a3c88e4fcc36eb8333ff707df9,artifact,repository/baseline_alignment_20261006/reference/attempts/00364_formal_N4_L4_ah_block_second_r0.jsonl
147f5146e5da4316,147f5146e5da43169d536399548e79d8a7cbf4f920b1a98a90a4a16b0ed1c56a,337703439ffcc8d3a1cb1c5ea5f11a8c16fb475c0ef0252f0b698fde54812256,artifact,repository/odd_rank_benchmark_20261006/runs/v1/attempts/N8_L24_kronecker_binary_r1_a00.stdout
153e30753ea63e13,153e30753ea63e132e683e19b3df5605b6e4e044b1228dc9bf005ba3a348ccef,485bbff6cbc5435804fdab705167e4718e63e02be962adfe8a157ad32368b2c6,artifact,repository/even_rank_extension_20261006/existing_serial_42/raw/00830_formal_N48_L4_ah_block_second_r2.jsonl
1599b4c7408a9e7c,1599b4c7408a9e7cae9cc4ac25b0543172bc7b2b39428425ecb62701207fe288,0fd1ddd07a2e88cf46a44d94a0212779c1611f27603f2f1d5b15cd048dddda77,artifact,repository/even_rank_extension_20261006/existing_serial_42/raw/00676_formal_N16_L64_ah_block_second_r0.jsonl
159b72b035410aa0,159b72b035410aa0c367cb2b3e8e9e37dc5e7bb7caa9a772bf2f08c09cd48472,78d4dc6d3b8e32821a508b62afcece0002459fb204e642d9fd639d4a406ffb5e,artifact,repository/baseline_alignment_20261006/reference/attempts/00384_formal_N4_L12_ah_block_second_r1.jsonl
15be106f7a84e231,15be106f7a84e23167b695383c27983944c4fa116ee68ad3b327e82c07c1d841,223f3998dd3a0820d667c0fbcd6e8449e6a5dd09309832b58e53fe249110964f,artifact,repository/even_rank_extension_20261006/existing_serial_42/raw/00809_formal_N32_L64_ah_block_second_r1.jsonl
15c77ec7116a98fe,15c77ec7116a98fe1151e34eb5b33cfcb0cd6f0f09887afe58a135b0ade8ebbd,9e84f1696f3367d20fff412d7c1d5be0f217bed6df2c5d01fabbeca8005048dc,artifact,repository/baseline_alignment_20261006/runs/v1/attempts/conv_sequential_N12_L6_r1_a00.jsonl
1649e92e40dc3c8c,1649e92e40dc3c8cc2f1fb01037cc296a69b2230bbdb8e5d77916d8d51741ee0,97e9b59dd1d481277a7a9df4241f0af3d2b11f72dbee3a007c187c4f8ca86a15,artifact,repository/even_rank_extension_20261006/existing_serial_42/raw/00722_formal_N24_L16_ah_block_second_r2.jsonl
1654984c14023a6e,1654984c14023a6ea4598ea6dfed2a75e908d02112c35fdb77587ba29a13310f,286cb1b9dd76eccb6c602724cc9805f9670f2d3e89dfc29fc0b4b4ab0a01a830,artifact,repository/even_rank_extension_20261006/runs/n36_v1/attempts/N36_L64_ah_block_second_r0_a00.stdout
16625e2a5ca96c42,16625e2a5ca96c42e568ce187a09f959de21dabe86dedf6817dbd3efb54db33e,cb1fb5f5b81290ba98f73f5d15c6353ad43e5601968f12d1cf4a19fafbb52f47,artifact,repository/even_rank_extension_20261006/runs/n36_v1/attempts/N36_L24_ordinary_int_r2_a00.stdout
168d03376e8ae40d,168d03376e8ae40db34ef2d9ee40d10d67725733be104c438181864998db5dbe,9853a309eda905ba8984641a7eaaaefe343ac266fbded67a3004de5d9c34de4c,artifact,repository/even_rank_extension_20261006/existing_serial_42/raw/00810_formal_N32_L64_ordinary_int_r1.jsonl
16d87d4e67c92e34,16d87d4e67c92e34d0d178a0462d2aca344806d14cd69b8aaeb099a878434380,d11e5edfdcdbdca8c4e168e5482c6bd1b29d735630303ce136324d208ffcf8b1,artifact,repository/baseline_alignment_20261006/runs/v1/attempts/pari_cyclic_N8_L8_r2_a00.jsonl
172724d1360dc338,172724d1360dc338c4a91b187e4e7497c6a23afb12f07720f8110adbdc340a53,7c8c5b8f8878e9994262cd0ea7e9f1e3ebeeed4d367015bac5ebe20fcc211a6a,artifact,repository/even_rank_extension_20261006/existing_serial_42/raw/00804_formal_N32_L48_ah_block_second_r1.jsonl
17419a15dd87ab49,17419a15dd87ab499a645cc40d2edf445f3333e9b8636ee043078368e1791359,b744f21e2417ba65356e65cfae08e08a1b648dae9e556836d3757e28047e6b5b,artifact,repository/baseline_alignment_20261006/reference/attempts/00636_formal_N16_L6_ah_block_second_r1.jsonl
17835f47eda8680a,17835f47eda8680a499972bbf9d0b17fb46c1554ca694994180e7545f4cd7831,fea5ef16dfedcf3584dbcf33102b39841ea4a5ea288aa3d5b7b23beae9fc1087,artifact,repository/even_rank_extension_20261006/existing_serial_42/raw/00936_formal_N64_L48_ah_block_second_r1.jsonl
17cc761ad6a60757,17cc761ad6a60757938f923d4e91ce754dd3d9dfe1e248ad0ed3bf5bfbfd72ee,4cdd7f55fa3f678f3a023c4c00c95000080d435b26005443a725ace7aa3135ec,artifact,repository/even_rank_extension_20261006/existing_serial_42/raw/00829_formal_N48_L4_ordinary_int_r2.jsonl
180d86785aec6d6b,180d86785aec6d6beb3cba22fa8c6600cdae108693f11fb77d6917f21ce2e09d,5a9ac1b70b4d4bf4da7a502e1ba16c1b660b72e9cd5e4a7ebcfe0e781a11b379,artifact,repository/even_rank_extension_20261006/existing_serial_42/raw/00855_formal_N48_L24_ah_block_second_r0.jsonl
1860065f79bf471c,1860065f79bf471c76ec396ac1800e6ab65ed3b2751afff9e929aeaa5f441335,e8f6f8f01500a92bd975a238fc35bb6818bba5238a68b6f0875bc90079152fc2,artifact,repository/even_rank_extension_20261006/existing_serial_42/raw/00927_formal_N64_L32_ordinary_int_r0.jsonl
1895b92a7a536436,1895b92a7a5364363f6739ebb07d19197b15ca289de2f7f2d176d4ef6b75fd57,eea6291ffe98f32bf8d9b8dc5d939d49571a1cbb9c8ae8569589e33c8e027d05,artifact,repository/baseline_alignment_20261006/runs/v1/attempts/conv_binary_N8_L12_r2_a00.jsonl
18a76e20a2a81b60,18a76e20a2a81b60b0f417f154881a65996b7ca5f122faa6b21844af5dd1a1ce,ba67469ad8fcbd8b4815b0ace71abd9a943163aefc0eff961d9c48bbd25f44c0,artifact,repository/baseline_alignment_20261006/reference/attempts/00390_formal_N4_L16_ordinary_int_r1.jsonl
1909d907e1629038,1909d907e1629038346169f79a7615f88e532169d7f7dd63438c60110a347435,e14e9c305612dd4f061f2326230458ddbd7e3dbbf08f470a160e1e20eb43747b,artifact,repository/odd_rank_benchmark_20261006/runs/v1/attempts/N16_L32_kronecker_binary_r0_a00.stdout
194b577340727d83,194b577340727d83e8de931494d9f77750914f2d6256fa80ade88940a61c5224,fadd81e1c6e0fc88222b5881911b97fb3e8cb3b47bcba73dfe91ffaa715ffd2a,artifact,repository/even_rank_extension_20261006/existing_serial_42/raw/00548_formal_N8_L64_ah_block_second_r2.jsonl
19f3078a23b8468e,19f3078a23b8468e59f7f69d8b5443a5a042220277be5fb4a7abef561976bd0b,5f954ec00e5415be9df7d5078efa7ff099fbc8aa17bade651e2814f05edd5444,artifact,repository/even_rank_extension_20261006/runs/n36_v1/attempts/N36_L16_ah_block_second_r0_a00.stdout
1a499136aa14ef7e,1a499136aa14ef7eb64475406bb4a270bf0355e51971f7f18bd6289bb4d1bfc9,6e804b6c68f1b562212e46b63ade2c6c30deaaac1d95d613df3268b99b8a83db,artifact,repository/optimized_pair_20261004/reconstruction/rank_extension/runs/rank_v1/worker_31.jsonl
1a64bcfce54bcd35,1a64bcfce54bcd351bd78d1c52e4efdea5da2b93027201e3a253bb5e81fa3288,6de854829b6efec736a5374fa50a3e5b895b604d137b9ef8869eabde90d40e04,artifact,repository/odd_rank_benchmark_20261006/runs/v1/attempts/N8_L23_fwht_r2_a00.stdout
1aa30a35c986740e,1aa30a35c986740e9c3ab4270e1d5bac2531a5cca66fffed97cd88177ca3c5bd,a5c45286a5c816e29b7c5f2a25a39ab2bc059e38fc2071e74fccd46dae13d368,artifact,repository/baseline_alignment_20261006/reference/attempts/00497_formal_N8_L4_ah_block_second_r1.jsonl
1adf2a9d0853216e,1adf2a9d0853216ee900584eb003ffd6e9915f4b4217036a2b1387c82194bd8f,50d5404d4a9dc7173d6dfa83d12ddd03969d7b4133e0ee0130904d705e631c4a,artifact,repository/odd_rank_benchmark_20261006/runs/v1/attempts/N8_L24_ordinary_new_r0_a00.stdout
1b56bf4055cc682c,1b56bf4055cc682c76c637c28393abd856a11575df8f8849fa02feea5738243a,5c02438236f9c0b0ab88abb30327e8f562621099027d1eee91c16bf5b3c47e7c,artifact,repository/odd_rank_benchmark_20261006/runs/v1/attempts/N8_L23_ordinary_new_r0_a00.stdout
1b86daa5b9d1aa8d,1b86daa5b9d1aa8d6fb05b8a87df84dfcf4aca2948b41816e0cc12a86c4c6e4a,6a3b0ffecd2514d659b8e0c2ce46e89edc8fc83036fc565776e6a8d02092a495,artifact,repository/baseline_alignment_20261006/runs/v1/attempts/kronecker_binary_N4_L4_r0_a00.jsonl
1ba1c847e083004f,1ba1c847e083004fd39d955cd3b833ad1548f52218f4906fcccf76bbb08e0199,491488e9987b497c7c1199be08c2337da6aff69942eccdb02485bc636988158b,artifact,repository/baseline_alignment_20261006/runs/v1/attempts/pari_cyclic_N8_L12_r1_a00.jsonl
1bc07637b248e3c9,1bc07637b248e3c9883abd2767b80d29ff21661da39042f1fc69011154c5a588,00744e44b0ec1264807c9182cb9a2fdf6500bbfedb72bde00068e3dfdbfc0d7d,artifact,repository/odd_rank_benchmark_20261006/runs/v1/attempts/N8_L31_kronecker_binary_r0_a00.stdout
1be224c43c9651b8,1be224c43c9651b87efc1dccfbfe27d64068c773561288338b542816de06963b,04429413c52ba48b288dd17e2378e26b218d19a999e63245e6880d912afc25f8,artifact,repository/baseline_alignment_20261006/reference/attempts/00520_formal_N8_L16_ah_block_second_r0.jsonl
1c3168455fbfe003,1c3168455fbfe003f5ad64fd83423f34424a02865eb65d35b7714e13e8e989e8,87bcd6c2adf7e8ba55e901fcd96c4b375f894995c4787843f414e33a43fe9a6a,artifact,repository/baseline_alignment_20261006/runs/v1/attempts/fwht_N16_L12_r1_a00.jsonl
1c82ea8c5c103d02,1c82ea8c5c103d0218925f9152a3a151235caff496f13edf31697fac9829c800,8a35191d579071fa323ebb86d3a0eeae7824255829ede19448a9d2f78e01e55c,artifact,repository/baseline_alignment_20261006/runs/v1/attempts/fwht_N8_L8_r2_a00.jsonl
1d746949a9854ff7,1d746949a9854ff74111f7c435824e8bcf881e587de29996ae8b68500ce2003f,34c412a741a94dfbae280950a5d275e9a43a6ef81671eb05c7288eb3a23ca6ad,artifact,repository/optimized_pair_20261004/reconstruction/rank_extension/runs/rank_v1/worker_25.jsonl
1d8bfecc02e09cde,1d8bfecc02e09cdea616f1f36f99d47a4d391122ea6542b520f92700a3c0003c,1a8e8de4655f815ba40f57a50c00dcfbd83cf94f7ffdbd49a01d4336245f7ea3,artifact,repository/odd_rank_benchmark_20261006/runs/v1/attempts/N16_L3_ordinary_new_r2_a00.stdout
1db1e4943c5526bd,1db1e4943c5526bd689cd73c4ccbc3881bf9b217282ed4c5db5c4269c4acbc05,3a8110c4d1b40035b9d4a35d58b484d06708f6a5de533be2c30bb223bbf1f203,artifact,repository/baseline_alignment_20261006/reference/attempts/00510_formal_N8_L8_ordinary_int_r1.jsonl
1dcf4120c120b8bc,1dcf4120c120b8bc2dbb658aea88528c91870f1f05c55e8b6a665fa8818dd4f3,d33d7dbb8c09998ac178544a273abc86ff1ea0bdcf8ddbcd0020b5c1206e2572,artifact_extension,repository/even_rank_extension_20261006/figure1_extension_evidence/matrix_raw/00832_formal_N48_L6_ordinary_int_r0.jsonl
1dda8d66b21a7fc4,1dda8d66b21a7fc4e644dc60c66c482e6680398088962d4eafaf26a634edd751,4da9d959b48eb65a7f0b7833e7a7e847b6247dab33edc3bdc5c9bb3a862c14de,artifact,repository/odd_rank_benchmark_20261006/runs/v1/attempts/N8_L7_ah_new_r2_a00.stdout
1de0c7e1319234ea,1de0c7e1319234ea47b890bfbbba92ba433ef556dabb3b84c3c141740602981e,4fe48db32d67f0dacb3f670c0d06686eab202e99728f39fcb8be8199cd46515d,artifact,repository/baseline_alignment_20261006/reference/attempts/00581_formal_N12_L12_ordinary_int_r1.jsonl
1e002fe228c59e8f,1e002fe228c59e8fd9c019cbe081a4e936b15d0204a6bfde7de1956e0a70d68c,e7434da640dd557ac00eee96b177f699599ae102780b91ee8e63a44678e129bf,artifact,repository/even_rank_extension_20261006/existing_serial_42/raw/00840_formal_N48_L8_ordinary_int_r1.jsonl
1e8c39429c179cf6,1e8c39429c179cf6ca8393fa98260fb66462830efcc9ecacc5942005215086c6,408373af44a804cb63cbaf6b6cb3d7f6c632582cf9ad0a324c7d23fcf234e1e9,artifact,repository/baseline_alignment_20261006/runs/v1/attempts/pari_cyclic_N16_L16_r0_a00.jsonl
1eaf1865b2b54b05,1eaf1865b2b54b0511668ac09da68a487afe31fe248bda85b62a3502bec5e627,75e676807e77889a96fbe2e9887b79e008765947f5eaf4232b824c89470b52a3,artifact,repository/odd_rank_benchmark_20261006/runs/v1/attempts/N16_L7_fwht_r2_a00.stdout
1eb66a0640fee74d,1eb66a0640fee74dd36dcf92e25b75959bf2fb0ca2cc5cda3b345f9e76b315e6,8f5422f59b4e7fe875519826bcafa626a5bea0a7d56ca6a78a4030ea7799b821,artifact,repository/odd_rank_benchmark_20261006/runs/v1/attempts/N8_L15_kronecker_binary_r0_a00.stdout
1ed228c539652597,1ed228c539652597eb50896262700108e467277ef756434c1d9ef8c08060bd74,bd3d2ed06e4c3a03c563bbcbfe594788ba8e6bd99b6b21fbdb0a269a4046a318,artifact_extension,repository/even_rank_extension_20261006/figure1_extension_evidence/matrix_raw/00902_formal_N64_L6_ordinary_int_r2.jsonl
1efc2fdda5007e40,1efc2fdda5007e40bbcd5e98da608c1907ae2ca7ff4b8635c6bfb22569be0c6f,643cfc7d87676c8d093167155f0e685e4863c74a67bbc9adc7f88f38081f47ec,artifact,repository/baseline_alignment_20261006/runs/v1/attempts/pari_cyclic_N6_L16_r0_a00.jsonl
1f080420fece80fc,1f080420fece80fcf1a63a81803e9b3f7b8d0d91c38c9db9cba6eda57457a5e8,7aa2d506aa6018adfcc8014320eb1529bd8013fbb792c975a48f3ba1e3ceab3a,artifact,repository/even_rank_extension_20261006/existing_serial_42/raw/00537_formal_N8_L48_ah_block_second_r0.jsonl
1f1f0ee41638d9f1,1f1f0ee41638d9f155919475573069a53ed80ef06c52189df691e0e570f836a4,87f7e836b84991269c9a78dc677875feb0015e4cb848c8429c2a3b0edcb9e55e,artifact,repository/baseline_alignment_20261006/runs/v1/attempts/kronecker_binary_N6_L16_r0_a00.jsonl
1f71a26e3a53bda9,1f71a26e3a53bda9fc7b7363ccf8b018781c7851fc06b68eb3beacb5c9fce07c,0f0a48e63ba0e7e44a41b4dc1f7b0332b66b04c6442cce9fc48e67396a37408f,artifact,repository/even_rank_extension_20261006/existing_serial_42/raw/00801_formal_N32_L48_ah_block_second_r0.jsonl
1f785164c73d6552,1f785164c73d6552c1692d49c370522f5029f8415e439f16e4de108ae39b20a7,85fd5be1c0e65f48ffb5f679677b765a48dffe392018f4e20e38f8e3f3505567,artifact,repository/baseline_alignment_20261006/runs/v1/attempts/pari_cyclic_N6_L8_r1_a00.jsonl
1f84821969d50aa3,1f84821969d50aa3a2f521ca89cbd888afabbc0106dc859e1f3b8042ac35b44c,7dd52b5df4c0158f9b9b8e350ff9602e537ea682f8d7786ecbb3b86565033cd5,artifact,repository/baseline_alignment_20261006/runs/v1/attempts/conv_sequential_N6_L12_r0_a00.jsonl
1fcbadb7865f2d5c,1fcbadb7865f2d5c9bf5195d4624c64c80b0c516925824567d31c1244cc015c3,8c0209410bb80d54f0fcdc8a0f5f2ece46ca61b5947d8711548b035737a06b9d,artifact,repository/odd_rank_benchmark_20261006/runs/v1/attempts/N8_L23_fwht_r1_a00.stdout
1fd57549ab7debe1,1fd57549ab7debe1860406b994f41a9a34240de617fd1e173174c254bb8b4165,935e36c81880df3a0d38ddc2fcf2e464accf880b572e6801789fa65dfed8be3a,artifact,repository/baseline_alignment_20261006/runs/v1/attempts/conv_binary_N6_L4_r0_a00.jsonl
1fe886a6871b9b9b,1fe886a6871b9b9b4024a6a25d61742d1d6548451833d2fce814067ceee7cdf7,4b6bf748a700f0dba22e1224eb79aeed5ecb078ec0fca67611a041c5f7a53711,artifact,repository/odd_rank_benchmark_20261006/runs/v1/attempts/N16_L15_fwht_r1_a00.stdout
1ff0442462984d11,1ff0442462984d119ab6def164dfa96385a7351710105fb7c72af0fea3cc8f5b,3cc6a8a0a223959ec14368e965c42d05a83eac8379b7baaa8b697ac2c432fb83,artifact,repository/odd_rank_benchmark_20261006/runs/v1/attempts/N16_L23_kronecker_binary_r2_a00.stdout
202b0145c44792f8,202b0145c44792f89ac933c0c620cf38e18dfea63fad912b25e4703ba404ea84,344afd91378b8e439bb358885f052d230ef33379c3cf0a31d96ac123f13e010b,artifact,repository/even_rank_extension_20261006/existing_serial_42/raw/00668_formal_N16_L32_ah_block_second_r2.jsonl
2036b117d77c4940,2036b117d77c4940851267143061a476acbe15c23897723b4a34b299dff143ec,8d0fd80d36b02bce8788ec97f5c65bcf47c416409f5d8769f3dbdf81a9567cf2,artifact,repository/baseline_alignment_20261006/runs/v1/attempts/kronecker_binary_N6_L16_r2_a00.jsonl
204ed36e1ab70c31,204ed36e1ab70c3171f8a4243bc33c25beca7be0c2402768b241c30dfdb7e70b,a259ba0d791ff2a4e3aa94a51891a39736a863b7e5ea3a2bc0cea09599ebc52e,artifact,repository/baseline_alignment_20261006/runs/v1/attempts/kronecker_binary_N8_L6_r2_a00.jsonl
205f5cdf24f26cc2,205f5cdf24f26cc2cfae64055e7540ab67f7de891a5f16d68a0c61e93c6fd550,943d2629850334dc16a8b9a702827307220cb4cccb6d0171b04b119923bd9450,artifact,repository/odd_rank_benchmark_20261006/runs/v1/attempts/N16_L15_ordinary_new_r1_a00.stdout
207489b6036a30e0,207489b6036a30e03722652b59200f0a6505e7fcf9e4ee6b1664074f9138760b,82354b26e84d1b00c58a42e729b72b4a4bcc28ae259722e5bb4d6084fc71cd45,artifact,repository/baseline_alignment_20261006/runs/v1/attempts/kronecker_binary_N6_L4_r2_a00.jsonl
20a1d72068975866,20a1d7206897586641634eb7cbacb0a0c8f8f6c91fba281222e38cdce491e01a,d23236824b1522b78d915b0a0c00ae82ffc82ac26b6847937b4f1403a90766ce,artifact,repository/optimized_pair_20261004/reconstruction/rank_extension/runs/rank_v1/worker_14.jsonl
20b981676d8a9695,20b981676d8a96955a9bad8241e40096a8bcbb62bbc8f053c09916775ac6619c,812c42dd6c3356b8b2a41d013351aede3e380b3be932eb03df876ee9bd12c2ca,artifact,repository/odd_rank_benchmark_20261006/runs/v1/attempts/N8_L32_kronecker_binary_r1_a00.stdout
210888e91d9f949c,210888e91d9f949c33c2b2001fd42c6216c752ff1db23a7647eb84452a710b85,38196398448ea522d49bde2c14a9278ce0c16be6eb4e27c4db2f2f2af4bd06f3,artifact,repository/even_rank_extension_20261006/existing_serial_42/raw/00808_formal_N32_L64_ah_block_second_r0.jsonl
21518fdb4cb144c2,21518fdb4cb144c2e2f550e52d369abcc88342d36c2f776a8ca95ca47630f3a5,6e922b3de12bdb69cfcdc4fe1a24ccb7f41672a9fda615b46d9f90e9af7d9a72,artifact,repository/even_rank_extension_20261006/runs/n36_v1/attempts/N36_L24_ah_block_second_r0_a00.stdout
21831e2a0957f9e8,21831e2a0957f9e8e9870d29e9534de45b2ff1bfce1728ca010f251a7e7bb5bd,ed53c31a8efd0596bc7695d1b1f4aef0c5a6e1a6ef7b13d51ea45511ddaeae49,artifact,repository/baseline_alignment_20261006/reference/attempts/00498_formal_N8_L4_ordinary_int_r1.jsonl
21bd589e8a362a43,21bd589e8a362a4320da4f5b5b23973129e48f574eba23537f1b893d033c88c9,88e601a487b948391397db0cb6af50fdc403fec3254162a99d1bb2d04e87f6e7,artifact,repository/odd_rank_benchmark_20261006/runs/v1/attempts/N16_L23_kronecker_binary_r0_a00.stdout
21d01745e93f89ca,21d01745e93f89ca4dbf9165c17dd273cf37c14353ed60e108b4484c4c0b2dad,6d44481f94bd14c76701eeede4aaa1d8f67f10219a34c6df23bae3e17aaede7c,artifact,repository/baseline_alignment_20261006/runs/v1/attempts/pari_cyclic_N16_L12_r1_a00.jsonl
21f03cc83561aa4f,21f03cc83561aa4ff5d23b565dc3f33cca42ecc740266db5df86aba382faa1cd,ce6eeee7472f2e36014281030416a77a10c99881ba3d9ca2999307b4020704bd,artifact,repository/even_rank_extension_20261006/existing_serial_42/raw/00698_formal_N24_L4_ah_block_second_r2.jsonl
22aad5876336a4a7,22aad5876336a4a7bc6ba77671315cfe2fd1b1173b9489daba695724653c4cca,868085200b823ae951cab3fa19092dadd6694d04364922fa2d623087b16872b9,artifact,repository/even_rank_extension_20261006/existing_serial_42/raw/00526_formal_N8_L24_ordinary_int_r0.jsonl
22d253e57f61f95f,22d253e57f61f95fb432689619a63c4dd0443c869515243cd6e839334fe13a72,b754c57436a1e2a026fb2bcd0ae0da37a1c35e633630625bf5d3e3ba44023b3c,artifact,repository/baseline_alignment_20261006/runs/v1/attempts/conv_sequential_N8_L4_r2_a00.jsonl
22ddda41d528aa3f,22ddda41d528aa3fa46b66b3b4f56d492da89b42f096224cc0cfebcb67495220,042b94b39f632b1c8587b134c7af4fc4b557177e7f8822feed833b8d9e9245b7,artifact,repository/baseline_alignment_20261006/reference/attempts/00379_formal_N4_L8_ordinary_int_r2.jsonl
22ee596fc327eb92,22ee596fc327eb92c668898ce62e84dcd75811be7f20db9ebfee0ac23f520d29,fc5c3b2143f3abebde0daedae06a55cf3252f0ba6e87802b4ee9145ec153c843,artifact,repository/baseline_alignment_20261006/reference/attempts/00573_formal_N12_L8_ordinary_int_r0.jsonl
22f586cb166185c8,22f586cb166185c85d9808146c36ae2841da1683cc6f949b70667d513087f1bc,1365d2c0763cc9d2a53a33cfb243d68b088688e2b4b125438770b56aa7f2a862,artifact,repository/baseline_alignment_20261006/runs/v1/attempts/fwht_N8_L12_r0_a00.jsonl
2318d2c91c79ee8a,2318d2c91c79ee8a90251b90938a53ad287ae768c0983f1756f532013286bfae,8a8f022e77107a9fdf61064142a2bab6514440e60c658b3a7241fba98875b1d6,artifact,repository/baseline_alignment_20261006/runs/v1/attempts/kronecker_binary_N4_L6_r1_a00.jsonl
236f94c5133c2c0d,236f94c5133c2c0dd2ff6ae438d2976c24383dfbc77ec88153af4dc1faf758a6,14d76bddbc27d1cb9c1e4e6909a8d9c664c44cc5c0bc2ec506e9064d427cd25e,artifact,repository/even_rank_extension_20261006/existing_serial_42/raw/00869_formal_N48_L48_ordinary_int_r1.jsonl
2388d992380c9570,2388d992380c9570335f0de86eb05caa8758fc755c72fe9f64d9f5beafaa356f,651bd04b4000d8ced4f8ffcc375459f16cf8708583ac6a103b25b7c0d946d830,artifact,repository/baseline_alignment_20261006/runs/v1/attempts/conv_sequential_N6_L6_r1_a00.jsonl
23b0f55d66325bf8,23b0f55d66325bf89471935e91ed1465007a0614a57a582eb80efd11ff76c6b8,9c75f89fca1a9565e094a540f4b4c4fe75e0988b7432c4f6ef02aa1a9bec9e3c,artifact,repository/even_rank_extension_20261006/existing_serial_42/raw/00924_formal_N64_L24_ah_block_second_r1.jsonl
23c0633967660ad4,23c0633967660ad4ce130d8f6a234cde2b0948af5295ca99aee43518657518db,027e87a2ab219fb9d90836409ab1108aba55402a1e303acdcd5a318c44658480,artifact,repository/baseline_alignment_20261006/runs/v1/attempts/pari_cyclic_N16_L8_r1_a00.jsonl
2423c8a88801ffb9,2423c8a88801ffb9bd89ff51f90208c3cbdb86025b76ad066de9081e1515aea0,b91cee4a2ff65d889bc1f161fbd9cb6c63bca6fbefb1e44608a45d7dccb5a046,artifact,repository/odd_rank_benchmark_20261006/runs/v1/attempts/N16_L4_kronecker_binary_r2_a00.stdout
24d1fef9162af478,24d1fef9162af4783376d5eb4471bb88d15f10cd0bd45e4fa6f65ef1efabd8b3,ce2731ae81980a584e85db015cb015c765173e06438d8d3f07a9cd98b655eb76,artifact,repository/baseline_alignment_20261006/runs/v1/attempts/pari_cyclic_N16_L4_r0_a00.jsonl
255547251cef7249,255547251cef724943e8999d1ebda996cb84b7151bebc4c2380901786191c7c9,d3010c4ec4309e8ca3d7b5ba3226885d9e498ba15a963883bb95a8e7d8f3224e,artifact,repository/even_rank_extension_20261006/existing_serial_42/raw/00723_formal_N24_L24_ah_block_second_r0.jsonl
25ac5f177a4210e0,25ac5f177a4210e079feb52e7fe578b13e4a03f5a43a668e263146cb6f2517ce,39ce469ebff591f52df91ebfaf4b80be31986f0c411ad0df07d96642b524b468,artifact,repository/even_rank_extension_20261006/existing_serial_42/raw/00854_formal_N48_L16_ah_block_second_r2.jsonl
25b25b6d0b789290,25b25b6d0b789290e9957f34bfa1e4dc73a73560bd0f68fa5dc5cbcb40b85b54,ed9c4b7fd783274f5b8e9c1592f77293c2a9ab0d577f845f89bbc996d2d524d5,artifact,repository/baseline_alignment_20261006/reference/attempts/00451_formal_N6_L12_ah_block_second_r2.jsonl
2602dc46096019ed,2602dc46096019ed958e89769ea8501c5754d8ca2b196babae6e2672512d1007,2c9b16102cbf502aa3b627831bcc35aa3c5eb13dd1a2c7d471c0285048d65635,artifact,repository/odd_rank_benchmark_20261006/runs/v1/attempts/N16_L23_ordinary_new_r2_a00.stdout
2620cdd363bd5989,2620cdd363bd5989a0e93195c6053e0407fc57edef6b5c9970840287cbd50cd9,b730a08400519a16bf4225cef36688c5f1b2f10d0ea6ecf73f94686ea874bea4,artifact,repository/optimized_pair_20261004/reconstruction/rank_extension/runs/rank_v1/worker_16.jsonl
2647b2aeecfb9bb8,2647b2aeecfb9bb892334bf5acf099579f1b706249b63585a8f4fddcddd321f6,40dfd031e89d0320acdddeb54dc9734f82ee73534cc5881f92ec0b28eb3554e2,artifact,repository/baseline_alignment_20261006/runs/v1/attempts/pari_cyclic_N12_L12_r1_a00.jsonl
265790bd2c038320,265790bd2c038320fac5925d5121ea02d8e593081ae4081de4d38f86de72da17,051ff280b0ca0af804ba2ea9820d3f25403321594ffcf7c34682a25139897644,artifact,repository/even_rank_extension_20261006/existing_serial_42/raw/00860_formal_N48_L24_ordinary_int_r2.jsonl
26f82d7ee031a2b4,26f82d7ee031a2b48b5006ac38a06574d42402d75102c19a015e92aa18b1e8ca,820a0b9cbc63bd200191c4257bfe0b82800508bd4c4e693696e72aa3b395880b,artifact,repository/baseline_alignment_20261006/reference/attempts/00363_formal_N4_L4_ordinary_int_r0.jsonl
27288b68d9927783,27288b68d992778358365bd08497c54a4d0f508efcc84ecc736f9897ac516620,36a31195cb4d7990ce0097e8313f5c1adb3502a309f0a29e630dcd2a294cc79d,artifact,repository/odd_rank_benchmark_20261006/runs/v1/attempts/N16_L4_ah_new_r1_a00.stdout
274722d8505b6268,274722d8505b626846e5736173958a144e58fe61ae1811fc84ea1bef3285b1ea,1d200094990554c35d6f9790e8efedc65fc0156c965c2ab90645856cecbedbdc,artifact_extension,repository/even_rank_extension_20261006/figure1_extension_evidence/matrix_raw/00778_formal_N32_L12_ordinary_int_r0.jsonl
2778dab65b1dfc8e,2778dab65b1dfc8e535536817a66043c8ad6bf2e2cfc55c0a02977a0577e0257,0b4be1fc617ad93068dd00dab2cd933c1987ca2704f1960555ee09917e2efa8d,artifact,repository/baseline_alignment_20261006/runs/v1/attempts/kronecker_binary_N8_L12_r0_a00.jsonl
278cf0eb8b637eda,278cf0eb8b637edae4acba85834146246ae52ee9566a83ebf14162682d784ed4,23939b4aaaec7268b34dd078911255fdd4a43e46f8b7bcdf888036dbb2f646c1,artifact,repository/baseline_alignment_20261006/runs/v1/attempts/kronecker_binary_N16_L6_r0_a00.jsonl
27e43d296cfb9385,27e43d296cfb93859dcc9419f241218fd6643b53602f86229d6d2bd2cef8b4af,53282f976027c42149c8598242d28c492d7fa3ebb43b98cca2c65e863073d15d,artifact,repository/odd_rank_benchmark_20261006/runs/v1/attempts/N16_L4_fwht_r0_a00.stdout
27e6648576b2c3c2,27e6648576b2c3c24cf321c79c079c58b8aec8610f5c454d6720c1911d3156a8,99c1d92ffb74e91d787c9db4f6e45f06074311503b05601269bab58799b39f2c,artifact,repository/even_rank_extension_20261006/existing_serial_42/raw/00891_formal_N64_L4_ordinary_int_r0.jsonl
2876399b84bdf00f,2876399b84bdf00fb53e7660925b63e241e0d0443fd3f010fe6c5dbdf2bc86ee,72ae42ff17d728260bd1beced8cd57e4792f58d7f35458f4e87a1576c9bcc958,artifact_extension,repository/even_rank_extension_20261006/figure1_extension_evidence/matrix_raw/00770_formal_N32_L6_ordinary_int_r2.jsonl
2876f2b77a8b0273,2876f2b77a8b0273fe78fcd2c433ad6e62cfe22a371fe8c6409642119fc5b182,f2cf2750354b4f5efa7d38f07d6f81c630016596a8ba6734a03ae90c23f6742d,artifact,repository/baseline_alignment_20261006/runs/v1/attempts/conv_binary_N16_L6_r0_a01.jsonl
28a74613cb83bef8,28a74613cb83bef838834f346a8af45fca60ded4b0def47daa936d189951c80e,cf6db039be867f41ff90a2473be97492b07c77957f414ab9d601826a6f57d3a6,artifact,repository/odd_rank_benchmark_20261006/runs/v1/attempts/N16_L8_fwht_r1_a00.stdout
28d8c0a0f2c25a6b,28d8c0a0f2c25a6b3ef3e67a1cde0fc3b240456595c0f153d0eb0e690ee69ff0,e9b058b3d19e19b3d9335fe053ca205bdaa87789a38411b03815343cc7cdf8b8,artifact,repository/even_rank_extension_20261006/existing_serial_42/raw/00533_formal_N8_L32_ah_block_second_r1.jsonl
290bf9476899d79f,290bf9476899d79f34df3e440d6afb6f4194bb76516be1447fd8027c03c35a9c,d03ec55ac47a4370a9bd19eb2e0afd581175aad551661878b9d2014b2b7588dc,artifact,repository/baseline_alignment_20261006/reference/attempts/00653_formal_N16_L16_ah_block_second_r1.jsonl
29849c04916191a2,29849c04916191a2a43815fe1d362813830e605d4f34420ee095200c3c9bd20f,bc3f8738bed3eb0fc19752bdc14606921abb6561f2f55dac27b4ac78ff6c9551,artifact,repository/baseline_alignment_20261006/reference/attempts/00499_formal_N8_L4_ordinary_int_r2.jsonl
29cb3eb5395d10d1,29cb3eb5395d10d1fe6ea638817cef52d85f3dd53313b2d97723575868268fc0,09dd43ca817cd911904e382ac9b4957911d6349f17e1b74243eb046be6352bdf,artifact,repository/baseline_alignment_20261006/reference/attempts/00450_formal_N6_L12_ah_block_second_r1.jsonl
2a0f073240fbabdf,2a0f073240fbabdff8684a49fb2336cbe37c6d8d8de0c8736563e566238a25de,7a6ec605e046af065672e6387f96adc77478352d9c37bab01e74be6549123d8a,artifact,repository/baseline_alignment_20261006/runs/v1/attempts/conv_sequential_N4_L8_r2_a00.jsonl
2a1e84fb0cd09394,2a1e84fb0cd09394e462c60360449e4f1fbe388d879712b14095b42f72d354fd,71aaf1ed4603f7a9224bfe66880ae3ee94dc74f6deffdbc00e2ff3cac3f231b9,artifact,repository/baseline_alignment_20261006/runs/v1/attempts/kronecker_binary_N4_L12_r1_a00.jsonl
2adf038f7944e550,2adf038f7944e55078947a2e5bdcae2900cefc2ce4045d44856cbafae8e66636,fb131316e8a660f0f312180bf54ce8bf9d4c69488ca5698ef15abc3ec177ca02,artifact,repository/odd_rank_benchmark_20261006/runs/v1/attempts/N8_L7_ordinary_new_r1_a00.stdout
2b12884410eda1fc,2b12884410eda1fc3ac0b5b9760929125107188cc4a639c6781de1a2534ae91f,f71ce0a890c1a03a278e283dc74aa5922264b98375c4303f1d48ce6838ada409,artifact,repository/baseline_alignment_20261006/runs/v1/attempts/conv_sequential_N6_L6_r0_a00.jsonl
2b44d2e706531c9d,2b44d2e706531c9d877d1f35a1078d19380b1b8eee8cdd267e5ee32bdd2f08e2,4d5888f45aefdc8cb37d82187b425c6cf1c88094144f441d1a857a7842538598,artifact,repository/baseline_alignment_20261006/runs/v1/attempts/conv_sequential_N4_L6_r0_a00.jsonl
2bae115c1e98b1b7,2bae115c1e98b1b7a1878cd3f0ea98c6d844d298b668860e0ba01d581b509476,22fb83557b1738030f51ac08ed10a59d0eb5c15864fd2bd24cae96371ba5dadf,artifact,repository/even_rank_extension_20261006/runs/n36_v1/attempts/N36_L48_ordinary_int_r2_a00.stdout
2be43925039bbdca,2be43925039bbdcac9488b92fcdbe8abf3b92d4fa2230556e3388f41fca9c72b,c6acdc3bdd867ff3679eec240d8aff6eb9979c74ef39438e20ddab0a1c16637e,artifact,repository/odd_rank_benchmark_20261006/runs/v1/attempts/N16_L23_ah_new_r2_a00.stdout
2c19bf5d24a96b23,2c19bf5d24a96b231c0ea4de5a8d5c94e6f94f625fc6a957afb8014cdc1f73de,f2d438cd4a9931686e6d23aebfe96b080baa67710b542604084bee1f1f41d66c,artifact,repository/even_rank_extension_20261006/existing_serial_42/raw/00868_formal_N48_L48_ordinary_int_r0.jsonl
2c32580c6dffbf23,2c32580c6dffbf232e5f7a67b9dcedfb68858c8ff61f674d6236e4f620967592,6aaad499bcb0614afdedf691a0f7ffcff9b3b0bbe6fb853795a3826e85763861,artifact,repository/baseline_alignment_20261006/runs/v1/attempts/pari_cyclic_N4_L16_r0_a00.jsonl
2c5004f902d405f5,2c5004f902d405f5fcd309ef35c2c81671e6ac7a1ddcd80614c0dc5697488dce,f93e1d9b3d99c390e054c97e753c2f99bdbf193a6b40935d80ce98facca9ac55,artifact,repository/odd_rank_benchmark_20261006/runs/v1/attempts/N16_L32_ordinary_new_r1_a00.stdout
2c89e6f28f567d74,2c89e6f28f567d74b2e5b5d4f3f78b08816bfc61961efb673b6831307033a5a7,d7607466c1c799d44ceea353b1a8f62aa11a9340d7a74adf1fdbfe3ecdd3aa5f,artifact,repository/baseline_alignment_20261006/runs/v1/attempts/conv_binary_N6_L8_r0_a00.jsonl
2cd4f05f55df387b,2cd4f05f55df387b37cf1b12d4a287b95635e5e57f7e60a1c806355e0c7dde51,9a521929340896552a827f9c9afd8338ea8ff87234c7757fcc7cf2c115ab03d3,artifact,repository/odd_rank_benchmark_20261006/runs/v1/attempts/N8_L15_kronecker_binary_r2_a00.stdout
2cdc0968a81d9225,2cdc0968a81d922558e75e43accbec98be0b0f56941a641dd6d900fd7fb30f94,09d9ecb550615ebfdd9ea6e4bceba35b92289acbfd43c490b506a60d07db8923,artifact,repository/odd_rank_benchmark_20261006/runs/v1/attempts/N16_L15_kronecker_binary_r0_a00.stdout
2cf86b8b72021f65,2cf86b8b72021f655d6493b72ae5958df599b34c940ae93beb8ab4852bfdc7ea,c435cfb9255c7075e1da3dedc9e9810884eb000b73141e19ccfbeb9be502c5f1,artifact,repository/even_rank_extension_20261006/existing_serial_42/raw/00760_formal_N32_L4_ah_block_second_r0.jsonl
2cfeae895443c359,2cfeae895443c359b51b982ec9a242309a3ce7e3ad6213a48ffe3b32aa58958d,ad972ad3050331303658581860fdc71327ab04a682dc323e6b620e9b284ab6c6,artifact,repository/baseline_alignment_20261006/runs/v1/attempts/conv_binary_N6_L4_r2_a00.jsonl
2d03302c28c40158,2d03302c28c40158be1756498efa33e5463f8b7c997ead31495b8d28ce5bc450,2b6d85e297da19ab7242da4a08b53504ca8414fe1111e447c9c08d2e99b08a76,artifact,repository/baseline_alignment_20261006/runs/v1/attempts/conv_sequential_N16_L12_r1_a00.jsonl
2d9d37ea2e779955,2d9d37ea2e7799558887a0f6a7c38c2d45158ff5b6aeb0af2e9c18ed122b99af,d21836050fe103ad90210661559b3308cc68223dd667851f87239b82a952a853,artifact,repository/odd_rank_benchmark_20261006/runs/v1/attempts/N16_L3_fwht_r0_a00.stdout
2e0946bb35930869,2e0946bb35930869d4e0bb85dd664a1d9cf539ae4ed1ddf9cfdec3323fc10592,a1687edcefab01a0c792b42968bb31602303fe72cf6cc0124bbebec7a9ea53c2,artifact,repository/even_rank_extension_20261006/existing_serial_42/raw/00759_formal_N32_L4_ordinary_int_r0.jsonl
2e2feb6624636ebf,2e2feb6624636ebf0f7968fd2ecd9def0b3f425e23ceed9fea33c7f764566298,b210e944f529cd02b54e4133efd6c9106931060833428d17f704686c080b79dc,artifact,repository/even_rank_extension_20261006/existing_serial_42/raw/00666_formal_N16_L32_ordinary_int_r1.jsonl
2ec4b35f6fc47708,2ec4b35f6fc477083e06d9f14915f36463739b3d3c42d183a5492059460e7591,19a2bd8e8b96d65e325847e391dc2cd07400530419afedd7b72e963add326dee,artifact,repository/even_rank_extension_20261006/existing_serial_42/raw/00907_formal_N64_L8_ordinary_int_r2.jsonl
2edec53056fff54d,2edec53056fff54de2c6fe079f99b332204da516db404d5d53fa660c961d8901,bd0b2dad50f52a9551fa8f23fa6b9765dd80daa5b5b9796de13e3c9d839b1cd3,artifact,repository/odd_rank_benchmark_20261006/runs/v1/attempts/N8_L4_ah_new_r0_a00.stdout
2f5ca03b020a1300,2f5ca03b020a13007ce517ca2a6ce4377f571799f82a22e635df1a7c178a3afe,76bb92984bff62cb51de9fd92a3be5d79d66544f45fc73e426569a80a4017ce5,artifact,repository/baseline_alignment_20261006/runs/v1/attempts/pari_cyclic_N12_L4_r1_a00.jsonl
2f7a09bd9f5fd6e9,2f7a09bd9f5fd6e92736a68a7eb319f604c436365923002618dab6ecf540cc44,5573647762e6c1b58233dbf84874f13f28b8c595ea54b567bd72d69a375ce130,artifact,repository/baseline_alignment_20261006/reference/attempts/00513_formal_N8_L12_ah_block_second_r0.jsonl
2fe81dda564afd57,2fe81dda564afd57639ead4f3528b2092655468e5ef58d6e607da7c8cc096652,e657a3b12775c444ca9c5c774f47b258b842c6a6901fd63a15a6a111980aa0aa,artifact,repository/baseline_alignment_20261006/runs/v1/attempts/conv_binary_N4_L16_r2_a00.jsonl
2ff3a2428c254856,2ff3a2428c25485660a46c8cd1d6d6b0c9a3e6373662849027df14b6887eb8b9,d1f0065332640614f7ffa85f1ce9e7ffee1716d519b169182da476fc06021923,artifact,repository/odd_rank_benchmark_20261006/runs/v1/attempts/N16_L4_kronecker_binary_r1_a00.stdout
3001148bae000649,3001148bae000649f5701996c8f965dbe5eac40ec3d72ca7b06046691b884016,c39f46eadea8bbefb0fb3efe1785df69ef0a3276b64ef5533ec85ab7183668bb,artifact,repository/odd_rank_benchmark_20261006/runs/v1/attempts/N16_L24_ah_new_r0_a00.stdout
307c0e7e1667f5f3,307c0e7e1667f5f3c41c4020ec66d362fd031428c8fff5fadc1f128a37c6152e,ff54acad47d391a9a70b5ed5eb611b13df62364a7ad91f44aad9c57e13b9624c,artifact,repository/odd_rank_benchmark_20261006/runs/v1/attempts/N8_L31_ah_new_r0_a00.stdout
30a86ac897d6c789,30a86ac897d6c789ebf2794d903d734eb8662119264a654c5f8e585852c74332,514920bd8de2106e3440d25806c9a2a34dcaee70d83c55c9b46a6c085bf7d4cd,artifact,repository/baseline_alignment_20261006/runs/v1/attempts/fwht_N4_L6_r1_a00.jsonl
30b6ec4e0bff14f3,30b6ec4e0bff14f3c179b6afc5baa6c794ed88701fb139de33ba11e688ff1989,9fbd07c3b584791f685107d99698efe4c394fb0efde1d0dd524ee220c3a2acb6,artifact,repository/even_rank_extension_20261006/existing_serial_42/raw/00807_formal_N32_L64_ordinary_int_r0.jsonl
30f89068608cb9aa,30f89068608cb9aac416d2e13c50be7f4c15e314109fbd6a192373ca97de8575,095447c0ec86efaca42d2e7f1eef08b452252717e1ca98b2180cc7f21ca2329b,artifact,repository/odd_rank_benchmark_20261006/runs/v1/attempts/N8_L32_fwht_r1_a00.stdout
3132d1a32865b20c,3132d1a32865b20c030f931075410c3a771ec1114d28cad76efc0fd594d8aa4a,3b306e758ffb10d320d5882217eafd9ac2d35072cf0b2195e5a3b55ff5d1d7da,artifact,repository/baseline_alignment_20261006/reference/attempts/00566_formal_N12_L4_ah_block_second_r2.jsonl
318115d20a1ef3ea,318115d20a1ef3ea171272e1899e8fd78c786e961bbf059e429b66936ac23e77,2e05cff488231f84170a91de6ab43a4ad901e433916a1ca62f95d1577cdbf997,artifact,repository/even_rank_extension_20261006/existing_serial_42/raw/00706_formal_N24_L8_ah_block_second_r0.jsonl
318fcd164738e0c4,318fcd164738e0c4ee5a871ea34288eb1ed369125a84943491344a520533d82c,b574ed7b8fc0d620500e031ec1d6b4880dc8ff43c422c36d201b6e485d6406cf,artifact,repository/odd_rank_benchmark_20261006/runs/v1/attempts/N16_L24_kronecker_binary_r2_a00.stdout
31e20a0e3978a953,31e20a0e3978a95395d2b401ed98b602503f50895ce58caef129aec30fa85ec6,94eff665c04c3ab65dea8e2b13686d76a83735be2d41ced343f22eba9fc7a660,artifact,repository/odd_rank_benchmark_20261006/runs/v1/attempts/N8_L4_fwht_r1_a00.stdout
320c6c57fe86ffa4,320c6c57fe86ffa4d3b5280c087fd068ab75ddb945a72c5e368fe3aae1ff56b4,ed3de1ea7fc4e3158b00c794472c63e397917054743357575bd1392bc0c01cd3,artifact,repository/even_rank_extension_20261006/existing_serial_42/raw/00672_formal_N16_L48_ah_block_second_r1.jsonl
32c7d626272a2237,32c7d626272a223704a0dc4ed88f91d51ce8d34131c798760dc97f23b019da8f,098ab92359aa4120f1186f58e30ccead5c75d225a92fc690a03437789d3a0df2,artifact,repository/even_rank_extension_20261006/existing_serial_42/raw/00792_formal_N32_L24_ah_block_second_r1.jsonl
338702578773149b,338702578773149bb3960b45742cbc7d06ebccaa28833a2ea2a4f935117aba0c,19902ce898c28d89b7634c62d60671b9d6979aeb1335f418c0ad73c6729fc42d,artifact,repository/baseline_alignment_20261006/runs/v1/attempts/fwht_N6_L16_r0_a00.jsonl
33b0fa320d7fc67b,33b0fa320d7fc67b3b1a5af7697d88bd35884264849573675cd4baaed09126f0,bc26cb81dbbc12bfb14bb063bf5c4cc489c6f102e20f3ede45d122ef6a0238dc,artifact,repository/odd_rank_benchmark_20261006/runs/v1/attempts/N16_L31_fwht_r0_a00.stdout
33e2133a8e2d5c94,33e2133a8e2d5c9400016428188bc9c03812d51fbe65cb866dd122f8f8723315,77625ae38e73ed2b0bd418feb4a871087a0b1b0aa06e56b281bf81beecba2813,artifact,repository/odd_rank_benchmark_20261006/runs/v1/attempts/N8_L16_ah_new_r2_a00.stdout
34266fad7938da9b,34266fad7938da9b42174d277745d524cdb6030528823c372c6ca2bc866e6976,e503692a76a4f96143b6fb651a249d22c2b36bf4d71313f263dfb09c0f3c0483,artifact,repository/odd_rank_benchmark_20261006/runs/v1/attempts/N8_L31_kronecker_binary_r2_a00.stdout
345e2fad983e5878,345e2fad983e5878fbbb1a9c784c4f17ad2641971070bfa681c652b505750df0,2f9af9557227d9d4169e60080f13bd6b02fd9202d0c24245cbf2e40240296a75,artifact,repository/baseline_alignment_20261006/runs/v1/attempts/fwht_N8_L4_r0_a00.jsonl
350524b3cffc185e,350524b3cffc185e7b57f55c9ba15e415ce2d14cb92c3dca66e1a38fd6549e86,0803d8d13c8bb69f3118c362af0f77c5a0f257dce03847b7806a01a89bc6e3e2,artifact,repository/baseline_alignment_20261006/runs/v1/attempts/fwht_N12_L16_r2_a00.jsonl
3505c4f1c5b98a12,3505c4f1c5b98a12e682398aee3a98f84ac5eed3551c6e6267bcd5b2055cede2,29b51b5cfbe214c34c1b233f4a94e0dc8da1a953a225c2857c6a48127a8ff949,artifact,repository/even_rank_extension_20261006/runs/n36_v1/attempts/N36_L8_ah_block_second_r2_a00.stdout
354f20e61fd8bf3a,354f20e61fd8bf3ac71b2a2d4029ed329b1416c235e4f856f14110222334fb5e,17c1090630c6d9830d74cb28585be5d21cacc58defee3d795f6b1bc3c5e1a9a9,artifact,repository/baseline_alignment_20261006/runs/v1/attempts/kronecker_binary_N8_L8_r0_a00.jsonl
358e8ae7da52a4c4,358e8ae7da52a4c4b30fe5f22bb5440ef7772fda1343d712dfb0eeb07aaac418,6782fe926916511a48ee03b5e2b0f363e596706dc3078890608ccc5b61c109bf,artifact,repository/baseline_alignment_20261006/runs/v1/attempts/pari_cyclic_N6_L4_r2_a00.jsonl
35c0d1b04dd3058c,35c0d1b04dd3058c87264123de367b48d41bcee95e0ec21e85bdb9c2868729c9,ab65e32f4143a0fd82e150f0cacd3dcf1a87cdd45c491f7de8d2323347524461,artifact,repository/baseline_alignment_20261006/reference/attempts/00574_formal_N12_L8_ah_block_second_r0.jsonl
35c70273ee4866e8,35c70273ee4866e839ec0e6ef98831d12f2d3499018890ff730688ab0dd97a1e,da555e72d04e92b17d02531d736e13b579e857f7253d21e67241c815b5c6d9f2,artifact,repository/optimized_pair_20261004/reconstruction/rank_extension/runs/rank_v1/worker_10.jsonl
35cd3c3210055ebe,35cd3c3210055ebec9c039a3c1f2b55aa5912aac93aa89a8738fa0f37e8d6957,d75a8d43801671511bb98f72154de80dd0f2cdf83601a31cbce9646aaf8ad5fb,artifact,repository/baseline_alignment_20261006/runs/v1/attempts/conv_binary_N12_L4_r2_a00.jsonl
35d529eea6fcb855,35d529eea6fcb855a4c02d7c1131707b5a90dd0059e23a533ee0e4a72ad1c6f2,56b800cba05cf5d144f5a963df9901446307d6d8f4d059b9e42cb66d04bc4e04,artifact,repository/even_rank_extension_20261006/existing_serial_42/raw/00693_formal_N24_L4_ordinary_int_r0.jsonl
3604067065dcb6af,3604067065dcb6afae54197ac19b2aec8f15af55e7ea7239ac0bd05eab84beae,b1d64bde097cb677cd8ca515ddc3cc41ad168e897501b8acda12ce821310ffd8,artifact,repository/baseline_alignment_20261006/runs/v1/attempts/conv_sequential_N16_L6_r2_a00.jsonl
365cda9519f4ee23,365cda9519f4ee2354e505238f62fc31d977c8bd8a08f427975ea9df034f7d0e,79492ae6405b31925c6c9648ad50747bab3e383668294e30eac775752b63212d,artifact,repository/baseline_alignment_20261006/runs/v1/attempts/kronecker_binary_N4_L8_r1_a00.jsonl
369784ca7f4b0a78,369784ca7f4b0a78ace9c3776071d4d2864a35f192e43ad629ad00cfae814263,78cf54232834f953e6ecad92ba3ab8268af59fa2cd1c0b0c84e39ae14618d37f,artifact,repository/baseline_alignment_20261006/reference/attempts/00575_formal_N12_L8_ah_block_second_r1.jsonl
36a5df1880d18f3a,36a5df1880d18f3a324c3295b5037cecc3e31aa5a7dc7277b81010bd132b8c4e,138637ac17c32e68459c3ad89d0baaefc5b24fef6d03465841da361256a3d66d,artifact,repository/optimized_pair_20261004/reconstruction/rank_extension/runs/rank_v1/worker_20.jsonl
36adae104933416f,36adae104933416fd524e462834cc9b09cf59a6944367cf41f62da8b2ef77dbd,e31d587f2b1a2f186702504ea981157cf190e2f3e55bc72db047f48985d088b5,artifact,repository/even_rank_extension_20261006/existing_serial_42/raw/00669_formal_N16_L48_ah_block_second_r0.jsonl
36c7d04918e806c0,36c7d04918e806c0b2f4377c4cb5f774254feb302e790231303817f73dc9a57a,68b497e9d4d2c93eebd66bd31cd02715cc89109120bac0bbfc677e3abce18353,artifact,repository/baseline_alignment_20261006/reference/attempts/00445_formal_N6_L8_ordinary_int_r2.jsonl
36db11fc1fc5ca91,36db11fc1fc5ca91a8aea2a9a80f8bd9fcac70dd0044d3e25bdf291580d68be1,7a513f51c81a6bef698fdd71194761eb5f964f636bcdf94e03e00a5ea46d5222,artifact,repository/even_rank_extension_20261006/existing_serial_42/raw/00541_formal_N8_L48_ah_block_second_r2.jsonl
3704af11af41aa2b,3704af11af41aa2b1e97735cd4899fd89ebf31a9a9bf2db05d9e7e55a53ee27d,3b542ac89a32c3fddde2b5a32c5177d74d2c8ece3fcc0d9cb605cf347ec04f74,artifact,repository/even_rank_extension_20261006/existing_serial_42/raw/00937_formal_N64_L48_ah_block_second_r2.jsonl
37538d0ca19b5394,37538d0ca19b5394fc23c5b11d2879a0a1d126b0d56fc82382af1231b2518a23,40f4935ab683e18324f0328a496f2563e34544ce5966f97c84db7f8c71af06c2,artifact,repository/optimized_pair_20261004/reconstruction/rank_extension/runs/rank_v1/worker_07.jsonl
377ba6825e2f8370,377ba6825e2f8370430819838732723d9f315496f75cd882117a279571227e5b,88c01f18c091b590a229077c3b0845762182896fb9b14c9729ec74576844161b,artifact,repository/baseline_alignment_20261006/runs/v1/attempts/fwht_N6_L12_r0_a00.jsonl
377c6c6bb397782b,377c6c6bb397782baa8b30f446d4267a0c7f42e0c9449f79e32c771e8bd5775c,affa34c91d104725468f356fe7a544b1d5577c319bf37417ebdfcbceba24b961,artifact,repository/baseline_alignment_20261006/runs/v1/attempts/kronecker_binary_N4_L16_r2_a00.jsonl
37eeeb450a72a659,37eeeb450a72a659e57b6d533a9d054ab2d37a5a6895763b697afadd5c4f3ec8,99919d37b3181520367920493b2fc869d974a9eafa6a9bf4de884e674d5afe23,artifact,repository/baseline_alignment_20261006/runs/v1/attempts/pari_cyclic_N8_L8_r1_a00.jsonl
37fe97a524bb6f84,37fe97a524bb6f84c796e6c0644a9d64b05700d58abfc6548af0c92c66abcddf,d7c84f53e90b2517d4e43d28b9e56dbc3c013f5f770565f096533c46693adf4d,artifact,repository/odd_rank_benchmark_20261006/runs/v1/attempts/N16_L32_ordinary_new_r2_a00.stdout
38196476a55746d1,38196476a55746d15c0a0a8a0f37178c9f2d64ae9aeb6d15fadbb92492c58896,bac036abbb8e49fa210c86ff68901e3a35f25c0a4eaaf129a332535e72a68c76,artifact,repository/even_rank_extension_20261006/existing_serial_42/raw/00729_formal_N24_L32_ordinary_int_r0.jsonl
3845866e4933f73d,3845866e4933f73dac51b8a63abe1de8f21cd805834deea82d5e1924e9f46d70,b88b71871a1544f3a1c70b079e9bb31dcbdb12d054c86463a0d615822af5a3b5,artifact,repository/optimized_pair_20261004/reconstruction/rank_extension/runs/rank_v1/worker_18.jsonl
38859ebdf989c52f,38859ebdf989c52f63fe52ecb4715aa5fbbbb0e198a0cc5165e134990730cac7,d86fe4bfc1a168c063076ddb329b98470aa9c20a237cdedd2f816c7cfb1605b5,artifact,repository/even_rank_extension_20261006/existing_serial_42/raw/00851_formal_N48_L16_ah_block_second_r1.jsonl
388d1ff87785ea85,388d1ff87785ea8557ca96cff5a27742047f9e22612adfa1987a0a74cb4b513b,2e4bc99e06fc9f08718fab21bc5ba65fd2c04fd6d9cf9e82a5b5db4ae249dfd9,artifact,repository/baseline_alignment_20261006/runs/v1/attempts/fwht_N6_L6_r0_a00.jsonl
391011373bd588b1,391011373bd588b1247ebb21ab365d3ecabcfb0052a71abbf2795751145b3f70,a91fb1bb4e985b3af9200c4eb439420a3e580237d47d8b4de76384ba1489792d,artifact,repository/baseline_alignment_20261006/runs/v1/attempts/conv_binary_N16_L16_r0_a00.jsonl
391c5d68dfc2ff79,391c5d68dfc2ff79477b5db33f8de916515e4fd71f178e6c16b3700807e37ee7,b0e570b1707334a362a86e8f438fb9b9f8dbd4d1ba03c1caf06238a8e13a8637,artifact,repository/baseline_alignment_20261006/runs/v1/attempts/kronecker_binary_N8_L6_r0_a00.jsonl
394e51bb119cd4f3,394e51bb119cd4f3c6ea4c4fd5d51204bfa7ada5f0abaf2d6d2e068f71c3e63b,8fff2c8d22a4c20758cf46145b4b39d803bbb23a643d8148d01fb1807aeb7506,artifact,repository/even_rank_extension_20261006/existing_serial_42/raw/00875_formal_N48_L64_ah_block_second_r1.jsonl
398ce6d9c4f2eeb9,398ce6d9c4f2eeb93c22f27e2b5a3b818d1d1cb5f7189469cb753e16ccff4253,8b6f044f8e833c63aa68a9326807f649ebde82aac3f1bc423b675371ed00b0a0,artifact,repository/baseline_alignment_20261006/runs/v1/attempts/fwht_N12_L6_r0_a00.jsonl
3a0d6a9ce6260b16,3a0d6a9ce6260b1670db12b1c62992e8b9cf32d0a2a8767385c8700592b0b355,d8e7a4e5022ef199467af0237a7a4ee1c0eddc9237af0c1b07f4854e8f9c6d37,artifact,repository/odd_rank_benchmark_20261006/runs/v1/attempts/N8_L24_ah_new_r0_a00.stdout
3ae6e0709e11a6b9,3ae6e0709e11a6b99d68630e5b8af2869e2a9a6101ff2dc2f23d950f04ae9bed,6ee1f3a89568d3fa96a54c75082c4294b24b8e249f54a4db86b4c42df7834deb,artifact,repository/odd_rank_benchmark_20261006/runs/v1/attempts/N16_L7_kronecker_binary_r0_a00.stdout
3b5d2db4c07ae3d1,3b5d2db4c07ae3d1a1e6c5c46eaf1ae0d6a89941d057dca6cfc407ef15e2083a,64a5ab465f5fc5b669a44656aaf001d9875719d38aeb876ad651ecdc9eaea1c8,artifact,repository/baseline_alignment_20261006/runs/v1/attempts/pari_cyclic_N16_L8_r0_a00.jsonl
3ba657644450b0ae,3ba657644450b0aef2ff85ea76b81fb3cabe0baeeb0f79cdec7410c6db853c44,0a9f62aee09e0e3a8398ba40714de0df1c313c680c8a337c5afe9f82657d3c22,artifact,repository/even_rank_extension_20261006/existing_serial_42/raw/00916_formal_N64_L16_ah_block_second_r0.jsonl
3c386bcab7518088,3c386bcab7518088d8a7b04f667c4a7a8bcdc9d3c451335b8427f4a8f699caee,1e6b5684c28323ffcdb9abe7aaa0be094533dd56da10bffc5c7d3a683bb54623,artifact,repository/odd_rank_benchmark_20261006/runs/v1/attempts/N8_L23_fwht_r0_a00.stdout
3c87e56bf0e45cab,3c87e56bf0e45cab75fd12ccdbec1ef5442315b3013cf2bce270bc69b7cae48e,6b25ab8f2ff42a0482c656bf60098f9ec5cdcfda2fe0139af8bd93b7329979e2,artifact,repository/even_rank_extension_20261006/runs/n36_v1/attempts/N36_L24_ah_block_second_r1_a00.stdout
3ce16d44f07796c0,3ce16d44f07796c0dc89e69f2b507cbee0dfc30b78ff84409e58cd6eb6e4d64f,c4c31d8bfc31d01a94785983f1e8b8d0a5e8b111336586310ac3e1c21ecfc2b7,artifact,repository/baseline_alignment_20261006/runs/v1/attempts/kronecker_binary_N16_L8_r1_a00.jsonl
3d36f32b9e534e4c,3d36f32b9e534e4cd977252a4987b0b0b8002c7db70d647f422c477fb918b7fa,d143d5734ded98cf6e502e5f43b74852b3823c63163d6aa8adcda60d3664588f,artifact,repository/odd_rank_benchmark_20261006/runs/v1/attempts/N16_L23_ah_new_r0_a00.stdout
3d8c9a54bd048480,3d8c9a54bd04848028b7df54738473929c4a70901b823cb0827e63eded0ecbdc,ef4c37713fa7221d60f31ec68388c75a86b313520acd741ce18660c088fa9e29,artifact,repository/odd_rank_benchmark_20261006/runs/v1/attempts/N16_L3_ah_new_r1_a00.stdout
3d9e8ff7539116e0,3d9e8ff7539116e04bd65aec9ae359dc71fac50f8837d8f556d33dca60def769,459c5c737dacf03a1226ee82a6453abd48cf9312aaa3a8b91ac5119146471d2e,artifact,repository/odd_rank_benchmark_20261006/runs/v1/attempts/N8_L32_kronecker_binary_r0_a00.stdout
3da96a45f8b0faf4,3da96a45f8b0faf4647647975dba71dee62ac2a18120d53470abc0f56b9e97ae,eb99f6dd854d8aebef0a02f0c472447243b7f0243a7d1aa36385401a93577f0f,artifact,repository/baseline_alignment_20261006/runs/v1/attempts/kronecker_binary_N6_L4_r0_a00.jsonl
3dbd0673efec79b7,3dbd0673efec79b748463f1229f9c16cb39cff6ce2da709fd2a0d9537f7711b3,343bf5643c8b3a26bd8d40c6d779b044e860e54a2591c02d907df769aedfc80c,artifact,repository/baseline_alignment_20261006/reference/attempts/00440_formal_N6_L6_ordinary_int_r2.jsonl
3dc0b88b032cb24c,3dc0b88b032cb24c8db10610d733133fcc0c1697d466add5394e625b3b322d0e,eeaa32b2af3a48ef589470b3eb41e294610460be0060236b1ee8ef03be6e4a1f,artifact,repository/optimized_pair_20261004/reconstruction/rank_extension/runs/rank_v1/worker_30.jsonl
3dcc828a2fe2df22,3dcc828a2fe2df22eec7382268f794599ea4750316fbd1dc5bdc729147acf0c0,8e2f6e6c7f69dd6a74f0b8e848b6805677babdd1f323bf35d4ff54f83ff4d3bf,artifact,repository/baseline_alignment_20261006/runs/v1/attempts/conv_binary_N4_L8_r0_a00.jsonl
3e9000175117a647,3e9000175117a64714c4d05ac46e86ee30b817c449ea0d9d5928fa9eda1e02a4,67f07678451836a6afa0eb8b369066d305f794cdf91942ecec51d2a344b09c8a,artifact,repository/baseline_alignment_20261006/reference/attempts/00378_formal_N4_L8_ordinary_int_r1.jsonl
3ec6f9682b0110f5,3ec6f9682b0110f5aeb791c10b0e71266c79a885511549350b33c49f055ae6bb,2f03aab941e8c175a2eeb83f301d4190973c5a00a69142ee9eea8e6936f9a662,artifact,repository/baseline_alignment_20261006/reference/attempts/00392_formal_N4_L16_ah_block_second_r2.jsonl
3ee56d11d15102dd,3ee56d11d15102dd6f91372b7794883a3db1fe9838cc6f722499ae2532b7e3ac,5d0c4bc1ca3ba6d9d165740c535d609698d1b4d6fcbbe0bab57d4b22d0acded2,artifact,repository/baseline_alignment_20261006/runs/v1/attempts/kronecker_binary_N16_L16_r0_a00.jsonl
3ef00641155fc196,3ef00641155fc1963730deca3b62767259f547ff8b740217ea0a597bc3542447,e113f1925fd867c7e2269e3fcab96b54c59caaddee1c0488edcb4f6021bc3f9c,artifact,repository/baseline_alignment_20261006/runs/v1/attempts/conv_sequential_N6_L16_r1_a00.jsonl
3f15e5457993cd5c,3f15e5457993cd5c7b5451ba1875791b3f511122cf223ad5861cd3d74dd72424,e85526c789890d5ce1d7812b95d938ed695d1e318099797457a21f5298f9369f,artifact,repository/odd_rank_benchmark_20261006/runs/v1/attempts/N16_L3_kronecker_binary_r1_a00.stdout
3f291d27d13f0beb,3f291d27d13f0beb6aa307a5d646e655ec82c74d91e12f8a503b5a7a8189709a,5c8ede608b153bf23074ebba69f4e3b800c4078b4d57652ca233068ddc08c8a8,artifact,repository/baseline_alignment_20261006/runs/v1/attempts/conv_binary_N4_L4_r2_a00.jsonl
3f4cc04d4fd265bc,3f4cc04d4fd265bcf83ebcf8f0474fe58728a1289c5bef8dbbc08f3fa716d405,9b03c947d1f2b8f8d9bba22e166b8571a8edb8767be0d4d3d4c5ff4e15697be2,artifact,repository/odd_rank_benchmark_20261006/runs/v1/attempts/N16_L16_ordinary_new_r0_a00.stdout
3f5963699b69bbc7,3f5963699b69bbc7f2b29f84127ebb0016fcf4083abba7f4f70963194369a624,7c48c13325a89eca43f6310bfcd00bf8a621ff52e550a99515ed94e0e53d77e8,artifact,repository/odd_rank_benchmark_20261006/runs/v1/attempts/N8_L4_kronecker_binary_r0_a00.stdout
4030343b4353e0bc,4030343b4353e0bc4a6ee9ca45f92d0a712a9cb3ada4370994b457b8cb6940aa,dd6f6d5e097dc9398ecc05db74905a7849eddf57e1b2ab9f96da354cf75c4d30,artifact,repository/baseline_alignment_20261006/runs/v1/attempts/pari_cyclic_N16_L16_r2_a00.jsonl
4090e16a83dbfefc,4090e16a83dbfefcfa83de32e8f797d4825e91896ea7cf21a53cdba0ec58870f,6853b2268bac606f0bcce6e8daf4e23f6a01a54cd8ec0b4896e826456b2d7bb1,artifact,repository/baseline_alignment_20261006/reference/attempts/00646_formal_N16_L12_ordinary_int_r0.jsonl
40c0afeefe40a54c,40c0afeefe40a54c74a4ecba11051b8521a3e2a76f94e87e04836c96f3462548,f1336eb3f386df7fa0bd683f0ab2f9b599954208bbf6083d93d5ed14d74b9959,artifact,repository/baseline_alignment_20261006/runs/v1/attempts/conv_sequential_N8_L8_r2_a00.jsonl
414fe593e4e49bcf,414fe593e4e49bcfc566dc45a52057baf268921e77b9b5b74c18bdf9334b375f,a4e4f58bef6d0522152280b2cdfe4484359c110f84d32137e66789c313bbf192,artifact,repository/baseline_alignment_20261006/runs/v1/attempts/kronecker_binary_N6_L12_r0_a00.jsonl
4188550c4f0335d7,4188550c4f0335d7f070d00a9620448e7677f3a09210c60954160b667d5332e2,fa3d9e5e4790739cc6f0ac2bbb957df150c8d04561cc38367a0d206408f61ece,artifact,repository/odd_rank_benchmark_20261006/runs/v1/attempts/N8_L3_kronecker_binary_r0_a00.stdout
41a3eb99bdfc7a83,41a3eb99bdfc7a83a6cf2649b12a5a66ccb9c62ce266b0d6c7c28bc20ab56dc4,f4339edc97d52ed24b1682c9c635582455d20e62f4a935eccad5de9d5b66ba5c,artifact_extension,repository/even_rank_extension_20261006/figure1_extension_evidence/matrix_raw/00781_formal_N32_L12_ah_block_second_r2.jsonl
41acec9d348a1fb1,41acec9d348a1fb10b6bb3b4b23ef38c360b6a52705dee481f2d4bf99938f9b2,9e71ebf025eddabc915bae2a3eea9e16063378e1f1fa5483a2743c7a099d8c17,artifact,repository/baseline_alignment_20261006/reference/attempts/00634_formal_N16_L6_ordinary_int_r0.jsonl
41b756841b4db8cd,41b756841b4db8cd132f888795aa7f462cb32329216d05272129496d13c537c1,6121bcd713a7a316baebf8bfcec6070e63e34812323e2460a8584080d9360643,artifact,repository/baseline_alignment_20261006/runs/v1/attempts/conv_sequential_N4_L12_r2_a00.jsonl
41c9bc8996a7f4fe,41c9bc8996a7f4fe01a3d5207d5d57e22d752fd2645927a8695400c0870592f0,24b29f8dc00c5399ee4e4a8b4e60d767235d9f911677b122ec8841703b50cd51,artifact,repository/baseline_alignment_20261006/reference/attempts/00645_formal_N16_L12_ah_block_second_r0.jsonl
41cd0ffb12f998cf,41cd0ffb12f998cf85373617d2270dad103c5e7ab1b4d3fb976f83fa8c11b37b,5af3d2f1be255b2768c3ec782293dd0c6d79849f1dad586692147a8f2cd5f2c6,artifact,repository/baseline_alignment_20261006/runs/v1/attempts/fwht_N6_L4_r0_a00.jsonl
41f5d0c7fd7c5e6d,41f5d0c7fd7c5e6d4faac74c41f821c84e9b2d8885797fb4d52f111fd151304f,aae743577461132e8d4f08ea928b92e17d24ece3c82c1452036d92f4a64c59b1,artifact,repository/baseline_alignment_20261006/runs/v1/attempts/pari_cyclic_N4_L4_r1_a00.jsonl
4203117258c1c800,4203117258c1c800e8ed0b52081f794a4500f5b77856a3de8ff39bd0f6ce5cb6,dc9492823a1fb80c42d3a617dfd8ae48174fc5ba98531202636df557e7d6ebc0,artifact,repository/even_rank_extension_20261006/existing_serial_42/raw/00828_formal_N48_L4_ordinary_int_r1.jsonl
4229b1a698d79fb2,4229b1a698d79fb20b26493a1bcdd9e29159e848db6eccfd4e902cc77380ffc2,37af5aefaddd1ffc1a24352fabb169a097cc967b1c44874cad4770d9dcd92a81,artifact,repository/even_rank_extension_20261006/existing_serial_42/raw/00938_formal_N64_L48_ordinary_int_r2.jsonl
42529f2489c642da,42529f2489c642dad0c6e46706d2848acd360657036da3a132b8de62ce8f8737,49e84da5639be0aa5f40491d38f8bc1bf26ef75a424e5c6ff32254f6c29e9553,artifact,repository/baseline_alignment_20261006/reference/attempts/00375_formal_N4_L8_ordinary_int_r0.jsonl
42cba20c2363e428,42cba20c2363e428ce57d8eeecb0cbe8861c6b9720a155bd27c0b4d7de9e2449,baaacf8463fa4f0936a45e1c4aecf710caf85cd186b0a721318928d08d507d55,artifact,repository/even_rank_extension_20261006/existing_serial_42/raw/00738_formal_N24_L48_ah_block_second_r1.jsonl
4333ef7d8d0a6dea,4333ef7d8d0a6dea56d86d4496cb7e9a47b0beb11d9b838302766d8fab499284,68f70f8111b112e6a82cb6409f7458fcf5dcb6590b0d4925f4d62f08127a21a2,artifact,repository/baseline_alignment_20261006/reference/attempts/00631_formal_N16_L4_ordinary_int_r2.jsonl
436211afab983aab,436211afab983aab318271a12faa8f03d094cafa8d77836b4468af80c1a63ca1,ddf4a42084ed4fa327e5e44eaf83b31c70fcdddcfe0e8d35403b284f7988e6b0,artifact,repository/odd_rank_benchmark_20261006/runs/v1/attempts/N8_L16_kronecker_binary_r2_a00.stdout
43f13e23b215bb4c,43f13e23b215bb4c6ca9656f9b3d03c7ebf368ba61de3a2642d96d62cc3d4877,cdfab33cf73a1469c5b9de0232a731c826f46bfa2b2ac1d7c20dbd29214eae7e,artifact,repository/even_rank_extension_20261006/existing_serial_42/raw/00806_formal_N32_L48_ordinary_int_r2.jsonl
4411e3173bf8900f,4411e3173bf8900f0baeb8b41f9266884c19bbdecc31f0b1c9f1706d20be7402,bcc23af89a97139b23f16c9ab1a4a3c51105275d27a7d7eea4eeadaa835e3f44,artifact,repository/odd_rank_benchmark_20261006/runs/v1/attempts/N8_L16_fwht_r1_a00.stdout
446078b8dc7b1c48,446078b8dc7b1c484b00c2fc6f4f2c020aafde6075735e3f34f181a40bba2f03,95bba1e969afb313ddd83b8bf5d8a5cedfd24ed12213dc7e38b6674df3a68985,artifact,repository/odd_rank_benchmark_20261006/runs/v1/attempts/N16_L8_ordinary_new_r1_a00.stdout
446879238569422d,446879238569422d25e21709a04d2582e72c14c8b5b9a1b261a29113390d788c,e417e9c4fc860d78462ba927b7d8fdc039fa01e271588fe7dbe4eac4e0c52a9d,artifact,repository/baseline_alignment_20261006/reference/attempts/00564_formal_N12_L4_ordinary_int_r1.jsonl
44b5679c13bcc51e,44b5679c13bcc51ebe059e5d8178f30c943459baf4ab51da312faad3c961d807,f4034fd8e01918e9b7594e07d424701925d2acbfa83909b36e6657a9b2491326,artifact,repository/baseline_alignment_20261006/runs/v1/attempts/conv_sequential_N4_L12_r0_a00.jsonl
44d16ce7b270c610,44d16ce7b270c61067e64af2046da796bf789d3b401026b99b6bef0e7d8675e5,98f6d96b8ab8ac5695bd4117ab3e247b3a4f179ca0fe972c8f57a37df05e7584,artifact,repository/baseline_alignment_20261006/runs/v1/attempts/fwht_N8_L6_r1_a00.jsonl
44d299918eb9cd97,44d299918eb9cd97cddc29259db1663fa5a5b9d68058d8be94bc1593674cd34c,e074e6d0bbc7384b9a554d1c85e3102e7b917c052d97310f048200c03cc6f299,artifact,repository/baseline_alignment_20261006/runs/v1/attempts/conv_sequential_N16_L12_r0_a00.jsonl
450137c05257aae4,450137c05257aae4cc48767a0fa4df1ca9743a06fdf03ba7387be3a1c3e441bd,fe53bdcb1547e2d8f153de6c42a02d3334f365df5a7526532c8e3a6a2a1d000d,artifact,repository/odd_rank_benchmark_20261006/runs/v1/attempts/N8_L16_ordinary_new_r0_a00.stdout
452bb4029129a0d4,452bb4029129a0d436f83826b2ddd9d4c34355b183cc9d12a917872b15d7e299,0dbe3fefcac274a020346e3d05c06be3c8c0fc405539643950d5759fb34cb6b6,artifact,repository/baseline_alignment_20261006/runs/v1/attempts/fwht_N6_L4_r2_a00.jsonl
45a078b4c5c0a3cf,45a078b4c5c0a3cf0ef34ab9690bd5ac98e01e0f6ae293d4111e6bae4ee3cc95,dfc97cb87095e227c2a030897601d0a2ee07620475d69348b4c7dc9103c2b294,artifact,repository/even_rank_extension_20261006/existing_serial_42/raw/00926_formal_N64_L24_ordinary_int_r2.jsonl
45c7b59304d0b406,45c7b59304d0b406b116ba3db755be10a8a60bcdb948277b31727052e53250d6,4dc59abf215c197e1872e378be78e85d593cb2ab3ae31cc9f084545075ddfc95,artifact,repository/baseline_alignment_20261006/runs/v1/attempts/fwht_N12_L12_r0_a00.jsonl
45dc7f674eb9c139,45dc7f674eb9c1398acfc37cfa26badd03d285da3c170741770bec4c1331d318,b6b62485c9f51963259626c0ce5359017d84db9c0a292fb92f69ea6fdd74ab2c,artifact,repository/baseline_alignment_20261006/reference/attempts/00584_formal_N12_L12_ordinary_int_r2.jsonl
46054e379938b94c,46054e379938b94cf1dcb791d7315a67b18da3449647d59807acc78ba8f6cf88,027d5045c396638db0254966bc0ad08dc2f8a529f14e7db19332f2252f4e36f5,artifact,repository/baseline_alignment_20261006/runs/v1/attempts/kronecker_binary_N16_L12_r2_a00.jsonl
4614823fa9f16779,4614823fa9f16779fcd0c391be22b41eeed985836cb5a9b1a3dcb6ae77852691,9c627b06e393f200184c3e3ec15a9d48f971585e472d982fa45dc31fd3f5ffc6,artifact,repository/baseline_alignment_20261006/runs/v1/attempts/pari_cyclic_N6_L6_r0_a00.jsonl
462d34feeb3e5d73,462d34feeb3e5d7373032eceba18b5e19f6495df5f0f8b632267e80a69cf0fd3,19169887eed07926b7d611661a26e86f875fcb5e40a530426bd7e1db424548c8,artifact_extension,repository/even_rank_extension_20261006/figure1_extension_evidence/matrix_raw/00898_formal_N64_L6_ordinary_int_r0.jsonl
46cee5be5c3c1fe9,46cee5be5c3c1fe95e8d7c96b3874f75d9c3171b35f6a1f29d6d4a8fe42b1f8d,ff9756510f416d4f0014079207a8d41d8dc1efd83f90c7e66410611385ddca36,artifact,repository/baseline_alignment_20261006/runs/v1/attempts/conv_sequential_N4_L8_r1_a00.jsonl
46df2e1d15d84d10,46df2e1d15d84d10f4cbfb61af12a44fe88aca73efb78adad95cb2f72f8a2b7e,d9c03fc86d2ac3f2317bd0d95984b94359ba5f1f150e5e9f0cb23fb927c7b8dd,artifact,repository/baseline_alignment_20261006/runs/v1/attempts/fwht_N16_L4_r0_a00.jsonl
46fbae4f15894d73,46fbae4f15894d73a617e63f9baa0fbfe526f89a9c4e5700491d048ddf8d29c7,ccadc4527caee18f195a6ef7274bed4a06dc12bcae12d671f48e01bf260c6dd0,artifact,repository/baseline_alignment_20261006/reference/attempts/00367_formal_N4_L4_ordinary_int_r2.jsonl
4756228bd83c90c4,4756228bd83c90c4b3c87b1fce00d9c449d92d75a32652cf94bdaea5be10aaec,86f5d906d4ed09a81e0ad6c30fcef22a42350deedb6d14e5dcc9b5b114448a14,artifact,repository/baseline_alignment_20261006/reference/attempts/00647_formal_N16_L12_ordinary_int_r1.jsonl
47899841e2b8ad42,47899841e2b8ad420b0241112eba6b25a4f7febe3306532003235aaa99f26a68,5b3a7664600fd5c034a1159f6b79abd30bb2de7508f9bcaa6357eca84ebf00c6,artifact,repository/baseline_alignment_20261006/reference/attempts/00585_formal_N12_L16_ordinary_int_r0.jsonl
4808e9ed013c631b,4808e9ed013c631b29ab4cabf31c93ecbb77648738b3f422951d9d0e61e1cb90,2ee659318d5600cb2cd91bace0644fcc990239c76d6ecd6a17a1981fe52c9524,artifact,repository/baseline_alignment_20261006/reference/attempts/00502_formal_N8_L6_ordinary_int_r0.jsonl
48667be2c142bd0e,48667be2c142bd0e8c3efca85dbd027b97d10e8f9f11c12705da443dc4021c4e,470af4fadac8fd2f8c2bb81c6dc3aa2e2cd8a45a1c53d5d3054e57f6cb8a561d,artifact,repository/even_rank_extension_20261006/existing_serial_42/raw/00705_formal_N24_L8_ordinary_int_r0.jsonl
48c6cf7e5ce00d86,48c6cf7e5ce00d860b24c6e96d9c587bf856035a578213a3cc7e05e718cffc96,7a8cb0830ea0e5af5877ed74d27174e125dd149597eb7933e79b3ef2120f5ecf,artifact,repository/even_rank_extension_20261006/existing_serial_42/raw/00534_formal_N8_L32_ordinary_int_r1.jsonl
48fa4f04cdb57c02,48fa4f04cdb57c0292901f7828a6bac448669d3781e9b37c2bfab4371e0af589,c32cec3d8d8c4a10a8c4f3097297a903de0546ff8791993546915ea10e109f5d,artifact_extension,repository/even_rank_extension_20261006/figure1_extension_evidence/matrix_raw/00833_formal_N48_L6_ordinary_int_r1.jsonl
493174678913d055,493174678913d0555c698e965a2a3f18b810f7509dc5726bc91be481df663f48,b03585e7978d3222afe21a6f897f85959d233d42f0688001d9ce644a47f621fd,artifact,repository/optimized_pair_20261004/reconstruction/rank_extension/runs/rank_v1/worker_23.jsonl
4a0ee7fbd83dc92c,4a0ee7fbd83dc92cd8424fa114f94073a35351a6fa1d67477222a76c028377db,3e73e929f6f111abaa92dc74f068effccaae842c435754d4cf81e40142f5ce17,artifact,repository/baseline_alignment_20261006/runs/v1/attempts/pari_cyclic_N4_L16_r1_a00.jsonl
4a736761b4e26b92,4a736761b4e26b92ab9f051dd8b1ed84e1d8106eedfdc437d182ae3336b197d8,a3870a1c648b7908eb2eb460fe158954eaaa9ed47a350e7ae28009e6dd27f127,artifact,repository/baseline_alignment_20261006/runs/v1/attempts/kronecker_binary_N6_L16_r1_a00.jsonl
4ad0aa2d7abad0af,4ad0aa2d7abad0af3ae55a1d743511d10d0d7eb6428ce580e24f58f22cd09575,cf3999bb93f692ecd3fbbb63e2c575a79e190190223517d627b692d9eb5aae4a,artifact,repository/baseline_alignment_20261006/runs/v1/attempts/conv_binary_N6_L6_r1_a00.jsonl
4ad5d85b2e1d302e,4ad5d85b2e1d302edeb0c6377b388fca4ce7eec7c7305f5f9acba9c68eb78e83,97fd52d7920fdad2d41394485f20bb7f4fbe7c4880b1afeb2bf1ee4ce41369a0,artifact,repository/baseline_alignment_20261006/runs/v1/attempts/pari_cyclic_N12_L6_r2_a00.jsonl
4ae44579fddcd622,4ae44579fddcd62243af7b4db5913ca176724069e492677a68f29f5b7d032387,90a4a674a90390b535e1bc2c74575b6a2a65c6406fb39ed826b11be1eb140e9b,artifact,repository/baseline_alignment_20261006/runs/v1/attempts/pari_cyclic_N4_L8_r0_a00.jsonl
4b1ad68c77384085,4b1ad68c77384085f6c61c3b17b43760c69d4dfdbecb192b83d114abf70a0b54,573de2f8d1192560b93de1ffc181e1b0ad9a7e2aa0ca2503eb2b58235014bf20,artifact_extension,repository/even_rank_extension_20261006/figure1_extension_evidence/matrix_raw/00699_formal_N24_L6_ah_block_second_r0.jsonl
4b24ee7f108590af,4b24ee7f108590af563da60dc4614ce929db1059cb273eaa6828949f6bb70210,b859b2068676f954172c844b656c7291a274d34079daf1bb4be2d28a107786fd,artifact,repository/even_rank_extension_20261006/existing_serial_42/raw/00719_formal_N24_L16_ah_block_second_r1.jsonl
4b7a275a474def04,4b7a275a474def048d94fd2ece10f3363c29f07a6252b2fba95101311228f634,bc8f7492e6c63c34b519d602aea6ca5fc45b4fca3131804a91b20bdd958ab32f,artifact,repository/even_rank_extension_20261006/existing_serial_42/raw/00718_formal_N24_L16_ah_block_second_r0.jsonl
4c5e4e7dfc22094c,4c5e4e7dfc22094cbc72de0fc4f1086e34e5e6b5676322473176df4884802896,46081ea2f8f2596368bfc0459e455d9f8d9ca802b4475fee3b6aaa91ed521ad9,artifact,repository/baseline_alignment_20261006/runs/v1/attempts/conv_binary_N6_L12_r0_a00.jsonl
4cb91e7b50707df4,4cb91e7b50707df442056857d656c8b4c944b6a485e4c00662073869a4b49505,a636edafc04fa31039ae86ddbcf4b047adcbf31d4c96b008d7f67204d09736d9,artifact,repository/even_rank_extension_20261006/existing_serial_42/raw/00527_formal_N8_L24_ordinary_int_r1.jsonl
4d11528c8b1755ac,4d11528c8b1755acb15fa034c012812b6164dfd1da6c982d6ce14b0cd72e7fcf,c7b82323fdb3a87c9dd573b8106b511bfaaac575d4bd2d2c31427378e16317ae,artifact,repository/baseline_alignment_20261006/runs/v1/attempts/conv_binary_N8_L8_r1_a00.jsonl
4d82373b881108f6,4d82373b881108f658523e9b1599727e4277719feb5a2d1031aabe0bb17da60c,7f15f11eb65e709834fa1c6c0a8357b5198b9c9c0231a4cfdf9f0e4fe98898d3,artifact,repository/odd_rank_benchmark_20261006/runs/v1/attempts/N8_L32_ordinary_new_r1_a00.stdout
4d94ddf645ef890c,4d94ddf645ef890c3ac7224e91e0cc0ab16f755cd5afbd6bad13a3c13ed8cc91,08dc47e366e8968543d48b0844c7668f519da65be9a0cadd75006ec6aba8ac72,artifact,repository/baseline_alignment_20261006/runs/v1/attempts/kronecker_binary_N8_L12_r2_a00.jsonl
4dd25737c1f07edf,4dd25737c1f07edf6220904d6d6c1ca9ffcb258783f14aa2d3b03bcf2bc8d916,59959fb15b063811fbdc6c57409fc16d366078765233674525a4a2561870d77f,artifact,repository/optimized_pair_20261004/reconstruction/rank_extension/runs/rank_v1/worker_09.jsonl
4de000fd4b0d0ee7,4de000fd4b0d0ee72e45f3c126c5ca81c8b61ef952f0e23ac57877e9bb5c7628,72ba58eb758a6a08bcc403eda1d50444afa8af785868510ae740cae214f8a2e2,artifact,repository/odd_rank_benchmark_20261006/runs/v1/attempts/N16_L7_ordinary_new_r1_a00.stdout
4e16148ac5806bc9,4e16148ac5806bc93adc68e49069d0d47c85271efe8ae03695c8170b952f79f6,56f0724eef4d89ec613b0e17cdd123ed55e026928821c7617841f9a8e9d75281,artifact,repository/even_rank_extension_20261006/existing_serial_42/raw/00877_formal_N48_L64_ordinary_int_r2.jsonl
4e997f4a592bb9ed,4e997f4a592bb9edc5299890ebdb48a194183c7e2e706be51d77912f2d3d3475,353b1f1a9049c6e3083e50e0c67fdfa8d3872ea34e7af497bec1a5396f71df59,artifact,repository/baseline_alignment_20261006/reference/attempts/00436_formal_N6_L6_ordinary_int_r0.jsonl
4ea86942c1a15d73,4ea86942c1a15d7382bdd3d78b6557159b2dc21d018f62bf3e8357e70e0d3910,c431747aec69d3b197ff1928222231faa2cfae86ad9758af4ae573a580f57491,artifact,repository/even_rank_extension_20261006/existing_serial_42/raw/00771_formal_N32_L8_ordinary_int_r0.jsonl
4ec9e5e00e0b2af6,4ec9e5e00e0b2af649bf763a2e42ebaa97dbe8c52750008198f89bbdcdecf612,f89ab5d51bff1f603e66cf417b52ba3bb7b389fc1cec4718ab84388dadec2f3d,artifact,repository/baseline_alignment_20261006/runs/v1/attempts/conv_binary_N12_L16_r2_a00.jsonl
4ecf2fdc32d1cf57,4ecf2fdc32d1cf57ca2268e09f05bf51882f38d9bf7ba67047d130c8763a2cfc,0c26a3fdd15974678d4c7a52bf84ac56cdfff059c7902ce2b04979b29daca5a1,artifact,repository/baseline_alignment_20261006/reference/attempts/00385_formal_N4_L12_ah_block_second_r2.jsonl
4edac0b94c88030f,4edac0b94c88030f65bf8ca72b7cdb34be0031adb5c8bd0bc60013274ff4bf58,1661a843f2ee40ffd07208204fb7775bdf75c1f97aecc317fb572300f1ad61c1,artifact,repository/baseline_alignment_20261006/reference/attempts/00514_formal_N8_L12_ordinary_int_r0.jsonl
4edd26c3a42941fe,4edd26c3a42941fedb089a8890c6a48eb3b3e1bbb8b3f1b4cc0e9d05f2791af8,905d0ab2839278b9fc4856f0a908da692985e73647003691e0475a521b5c6f60,artifact,repository/baseline_alignment_20261006/runs/v1/attempts/conv_binary_N16_L12_r1_a00.jsonl
4febafff8ea42bc4,4febafff8ea42bc470117d33c458bb15713cc243283c031e1fbd8cc64cd80b0f,f4b38d6d306786be4bdbb6e460d066ac15687546257ec0ed1c490e714e427fa7,artifact,repository/even_rank_extension_20261006/existing_serial_42/raw/00697_formal_N24_L4_ordinary_int_r2.jsonl
50074d50aba38bc6,50074d50aba38bc6149f59af9109ab5582ee3b7ff215d6634f114e6e760cf4e6,2b1ca58fe3a884fe9d9cdb017355c789f39750dceb756a9892db4927bd441452,artifact,repository/baseline_alignment_20261006/reference/attempts/00641_formal_N16_L8_ah_block_second_r1.jsonl
50742edc339ea96d,50742edc339ea96da5557a837b07b460df9fffd46aa83563c28ad7a0e0cdf1f0,7d8d79fda98bd282930e9c4263ad6a4131c105f7d7f11aeecf57ad810b57cecb,artifact,repository/baseline_alignment_20261006/runs/v1/attempts/fwht_N8_L4_r2_a00.jsonl
507a47ddc59cf74a,507a47ddc59cf74a0103459df2f6bfe6b4cc5f6307d01c8e5812389531c13d97,1acc63d568dafe561c035c8a4cfa3ea4ed209ab98bac886615d6100804f453d5,artifact,repository/baseline_alignment_20261006/runs/v1/attempts/kronecker_binary_N16_L4_r0_a00.jsonl
5116f491e09b862f,5116f491e09b862f6e0566c5d4aefe1a765d1b524ec46e439f19c484a21c073f,9c2df6a3847d831fb1ee47ee61db4d3fd469f5b74607cdcfdc6b90ffa331f2a1,artifact,repository/even_rank_extension_20261006/existing_serial_42/raw/00873_formal_N48_L64_ordinary_int_r0.jsonl
512e96d47647d09e,512e96d47647d09e17eeb82f96174175efaabbb9f02a83344015b16ae6b22d88,ef4c317c2abf29a576e2aaedf1393ee099c3a7022f1dc494423c6dd829a657c8,artifact,repository/baseline_alignment_20261006/runs/v1/attempts/conv_sequential_N8_L6_r2_a00.jsonl
5136c9b6495e84b6,5136c9b6495e84b62a6eae77586291bd14afdaf512df784c1ea751bb70ee204b,ba458345153a8104441e332b3503a8228b21d984545e8d38122729dff46f1fec,artifact,repository/odd_rank_benchmark_20261006/runs/v1/attempts/N8_L31_ordinary_new_r2_a00.stdout
5199658f049f9468,5199658f049f94683125d90d70b0b003a828aeb3adeaba21477cb1a50d35314e,2527ecce66dc6d402d0b18899620b49bdc516b42fc82e92559d6bbfe8f8742a2,artifact,repository/even_rank_extension_20261006/runs/n36_v1/attempts/N36_L8_ordinary_int_r2_a00.stdout
519b536071a301e6,519b536071a301e6d0d75e0e538a50052cd08e3e08dcb2e73873249134eae486,38b139191200273e631ea858b1ca7d5eb217e65dcc49efd11cbf07e8c66a1256,artifact,repository/baseline_alignment_20261006/runs/v1/attempts/conv_sequential_N6_L12_r2_a00.jsonl
51afd5406334d17e,51afd5406334d17e0e5b32b55c9875b72027f1c20e38ce3f02ac5f86f48b580b,b05dee33714598a001f5089a1c52665b92836b7bc9685ddb38d242363b097deb,artifact,repository/baseline_alignment_20261006/runs/v1/attempts/fwht_N12_L8_r1_a00.jsonl
51da85c151694825,51da85c15169482515edadb0355ef2ae56726f74ba9d05aff050c3c0ac5448c5,454ec740a3cce89f24fc3ec74d99c67e6490426a1fa3ac5c5dbcc71b9d0503b8,artifact,repository/odd_rank_benchmark_20261006/runs/v1/attempts/N8_L15_ah_new_r1_a00.stdout
521a29f58aa0a5d5,521a29f58aa0a5d5a63cb356ad61b48091617c75a941acce56cf7479a37c2b4a,9d303ff1deede178d5a8a04697298a09f4a09eb826601e04a853f96a1998ba65,artifact,repository/odd_rank_benchmark_20261006/runs/v1/attempts/N16_L32_ah_new_r1_a00.stdout
522f34eac66d36c7,522f34eac66d36c7161a69942aae78c345e1e3f0e2a787d1eec0c75da9b2d649,187a8690199ca469da6923e3ded22f430f30756a0038ab32611d00c69fc27a82,artifact,repository/odd_rank_benchmark_20261006/runs/v1/attempts/N16_L8_fwht_r0_a00.stdout
52b5a7c920d2d538,52b5a7c920d2d538c1c87b1154200a41c2e55328c795a08a5652aba78b875ead,cef307734a59b4a3d46aaf3a7d211a823974ea39f0eceee5a0c1877827342405,artifact,repository/odd_rank_benchmark_20261006/runs/v1/attempts/N16_L15_ah_new_r1_a00.stdout
52f701127d02336a,52f701127d02336a5dd7cdc7276dbe2b6991c558201d5a55d88e3de091752cff,0716eb810da179158caa5153fc7c1c19fe13af5f6729c8c10b88a542592f067c,artifact,repository/baseline_alignment_20261006/runs/v1/attempts/conv_sequential_N12_L4_r0_a00.jsonl
53265edde9a1b24d,53265edde9a1b24d3f68539868a3cca7ffc12b0fabea4ed0f99eacc6a2d16822,6828b713dacf12a333135a5c294a426a552611f4db109e30227c9f00d9c16633,artifact,repository/baseline_alignment_20261006/runs/v1/attempts/conv_sequential_N16_L16_r2_a00.jsonl
5349f40ca705bb86,5349f40ca705bb86995db481ee0f73fe69f536ba6ca5bac3deb7f83ae7bed3fb,6969267bc30a7dbc6a6a1b2f10908ce8ba73426f275749689062b36cbf73f255,artifact,repository/odd_rank_benchmark_20261006/runs/v1/attempts/N8_L7_ah_new_r1_a00.stdout
53915f5532a1ae4f,53915f5532a1ae4fd7f30145782792e7119ff8540809693860a17d1381b85048,be18e4caff32fa9ba464773d6b24d6cfc07ed103ca4e9bed7284591d9c29361b,artifact,repository/odd_rank_benchmark_20261006/runs/v1/attempts/N8_L8_fwht_r1_a00.stdout
53d477d29b532a6a,53d477d29b532a6afe104308b2e6e496a7e4952521a15cd55e47eeaf42c0f989,c42be1553b019cff56eecdae3cee3b3b9842aa345b57196ea317327d0d37527a,artifact,repository/baseline_alignment_20261006/runs/v1/attempts/conv_binary_N16_L12_r2_a00.jsonl
5430d3f0e8452a7b,5430d3f0e8452a7bdc4ff7cddb511c208880c602485e924070f72ca28390468f,8da9f42414a5e4fc48a32c4325c082c3794052460a050fb9c50029e41cf9f0c6,artifact,repository/baseline_alignment_20261006/runs/v1/attempts/kronecker_binary_N12_L8_r2_a00.jsonl
548dbb665e92a184,548dbb665e92a184bdbce1da6e1dc14a99a22fb06b0fb03e606a32fc926c1d6e,e96ba3ba4a462fb76f9610d639992ef3621e8ad3ce7f309e320b333cdb630616,artifact,repository/baseline_alignment_20261006/runs/v1/attempts/fwht_N8_L12_r1_a00.jsonl
54dc1366dbf6b455,54dc1366dbf6b455731a4e5386181a738b2b9b38bc10193a1bef6fe786072c69,fb56ff3815bdfa1f6e176aa3a10d59c34b480d53c4dd49776ca2d875f6e834ca,artifact,repository/baseline_alignment_20261006/reference/attempts/00635_formal_N16_L6_ordinary_int_r1.jsonl
54de131a9750a2cb,54de131a9750a2cb9ffd556ad3d3fbb7993554ff1106af9250b7fe867cd1b2ef,5758b323f06d3665ca9b9582dab15aa2e94c80687cbcd4d16d47854abe7e06d3,artifact,repository/baseline_alignment_20261006/reference/attempts/00432_formal_N6_L4_ordinary_int_r1.jsonl
551024be30840bf2,551024be30840bf2677b7e114c04628cf950acc252e74b7829b121555591093a,f55f08643ff53d09815170efcbfe1fe673f9702970f3272cfe5225a3855c0d43,artifact,repository/odd_rank_benchmark_20261006/runs/v1/attempts/N8_L15_ordinary_new_r1_a00.stdout
5574b02fa8f94e7b,5574b02fa8f94e7b9fa69a8b2365f89584c4dd99645685147029478f556448c1,020e8668aef7d79868fb5bcdc2557423386ff6c0ba3f1194a9d400d8a30c218b,artifact,repository/baseline_alignment_20261006/reference/attempts/00444_formal_N6_L8_ordinary_int_r1.jsonl
55b88d4166abd634,55b88d4166abd63410767c5d80a1da9d4f6144976af01a7662b745112a777dc7,fd661e93e2175f3e2d053aad5da356d559951535bdd8e8684599f80f7be59a6d,artifact_extension,repository/even_rank_extension_20261006/figure1_extension_evidence/matrix_raw/00712_formal_N24_L12_ordinary_int_r0.jsonl
55c402b2c7ab408d,55c402b2c7ab408de98e6e70f1fb99ac3eb31f52f95bedb6e47547f23eb2d676,8e31e92900fddf1b36c12910d9f28f9251d1b6bebaada5fbbef883c6e55744ed,artifact,repository/even_rank_extension_20261006/existing_serial_42/raw/00663_formal_N16_L32_ordinary_int_r0.jsonl
561485df973aaf79,561485df973aaf79f54f56cbdb24bb2d56a0b2a91f464231f0b9c32ae3e704c3,08da894a151f2009e649302f57165348a5df2b01523111240e1fddd30911c0df,artifact,repository/baseline_alignment_20261006/runs/v1/attempts/pari_cyclic_N12_L8_r2_a00.jsonl
56dd23ef332466e7,56dd23ef332466e7e8945e4d78992c1a9dadd69755256cd153bc4e29edb39df9,4bfd9f930883db33ad97145d03e2757cfd1ca9c27cfcd5e4707a06529049e352,artifact_extension,repository/even_rank_extension_20261006/figure1_extension_evidence/matrix_raw/00899_formal_N64_L6_ordinary_int_r1.jsonl
56ea1b7db8fb53be,56ea1b7db8fb53be4bc696cec66312f409e0c4604171567fe3c82dbdf50eddda,4206d961b4c60d8dea4c420acfa220791e185ed2ca12aa91143c25ee1f38d7ca,artifact,repository/baseline_alignment_20261006/reference/attempts/00633_formal_N16_L6_ah_block_second_r0.jsonl
56ee2c8a909ff9bf,56ee2c8a909ff9bf562d788c01dbad24b334c3ac0f807273b30e4b3ee0619534,5d83ba8cbe5d3e952b115aaee8e1f418f853ac4b883717f00ccec153514393ab,artifact,repository/even_rank_extension_20261006/existing_serial_42/raw/00798_formal_N32_L32_ordinary_int_r1.jsonl
5773a0bdb90beff3,5773a0bdb90beff3996a8cf2a00c0b586c4a7905fa37faaf41f5fa9afac8bf30,afc47582f58ec87672d9c6d9367f1bc98ca6978c48874b86dff33935cea55fac,artifact,repository/baseline_alignment_20261006/runs/v1/attempts/pari_cyclic_N16_L12_r2_a00.jsonl
579290c9fc3e682c,579290c9fc3e682cc9a907448c8606d33c3e7d4583c8f4534261bcee70815794,b75f8b93ea7bcf075fdcde78a997de14cb41e70a2afb96f9af5d9cf8ca82a152,artifact,repository/odd_rank_benchmark_20261006/runs/v1/attempts/N8_L24_kronecker_binary_r2_a00.stdout
579f0ce5c13c97a5,579f0ce5c13c97a5b901dc9e65299551d0649686d5639526581410e04ff9b504,1f96abbfe88faa49e33b7c8317fe230fddef5efc7e532707bb3d6ffb2fc6dd92,artifact,repository/even_rank_extension_20261006/existing_serial_42/raw/00827_formal_N48_L4_ah_block_second_r1.jsonl
583a83fbc8127675,583a83fbc81276753a7b23540ad52e1bda53db75908aac760197447165c5fe65,e2ca63267a3fef517c3de1e91a6f90d69c48fec1e87551353a4278a064ae1230,artifact,repository/odd_rank_benchmark_20261006/runs/v1/attempts/N16_L15_ordinary_new_r0_a00.stdout
587080e5b69288f4,587080e5b69288f4d2c852aa19f2edcf6a8321815df3381bdb596ca3da2ffd4c,3cf824075b53a107e0c3fa6363352719284ce5728fc734e21f6e9d9353a35cc9,artifact,repository/even_rank_extension_20261006/existing_serial_42/raw/00746_formal_N24_L64_ah_block_second_r2.jsonl
5895c2244da83f59,5895c2244da83f594d238f350e231b13fdb0fbb2efa3e3cc739e9bd5edd3aeb6,05d9e4fb00d465084c8aa95e862acc4348557a2972c8773965120d0059e436fb,artifact,repository/baseline_alignment_20261006/runs/v1/attempts/kronecker_binary_N4_L4_r2_a00.jsonl
589e19af38a7b9f4,589e19af38a7b9f4118235379a5727df32ee654a95dd6a7ff297884b7caa30c3,30388cf935e20ae17c4a0e2f2d6ead49c2383e55841b2c6ec02b92bc3710fea2,artifact,repository/even_rank_extension_20261006/existing_serial_42/raw/00717_formal_N24_L16_ordinary_int_r0.jsonl
59481d1f146e5de1,59481d1f146e5de168ec265885ab879f1d751391519a0495f6e2bce78ca87c86,cf48812673c4db9d248053920b9b85dac0ecdc883c68a92a969a96f442bb1331,artifact,repository/odd_rank_benchmark_20261006/runs/v1/attempts/N16_L16_kronecker_binary_r2_a00.stdout
598c61b5836404e2,598c61b5836404e21d3da65e3728db632fd1f0aa46491a8e171de6e096d9846b,dba9dfea3d71869f46aa119eb5755fa0f160f291833b38c746c66e480b08c515,artifact,repository/even_rank_extension_20261006/existing_serial_42/raw/00728_formal_N24_L24_ordinary_int_r2.jsonl
59e6b244d64e95d4,59e6b244d64e95d4586fb8b75cdd1be524a5581356baea4286bfac3c554f93ae,859ea53a1c7ad4e517f92c12e9aaf97abb2171bd06e3914100b5155fa6c0b81e,artifact,repository/even_rank_extension_20261006/existing_serial_42/raw/00800_formal_N32_L32_ah_block_second_r2.jsonl
59ed66505011154b,59ed66505011154b842372789cc713ebf9014824f38df6d40f2fbcd904342693,907e24412b98960a9a55ae0eac64d46a2b1830ac93cd8e5f3d12109e83794fac,artifact,repository/odd_rank_benchmark_20261006/runs/v1/attempts/N16_L23_kronecker_binary_r1_a00.stdout
59fa99f7422390c0,59fa99f7422390c0fff2c9c45c5143c3ee324e4c8099e4c4abc63918f6aa7047,eb772b30d8647f72f8db4ff577192cc7e03957cdcc6f575a843f93fb2a28aefa,artifact,repository/odd_rank_benchmark_20261006/runs/v1/attempts/N8_L4_ah_new_r1_a00.stdout
5a4e735c9b91e8a3,5a4e735c9b91e8a3e9da455f2177475fe524981526698075cf0657d8708c0358,46ac5914eeba6e51719e03f46388b2de36885257b3eb8207327cfb823ea753b0,artifact,repository/odd_rank_benchmark_20261006/runs/v1/attempts/N16_L8_ordinary_new_r0_a00.stdout
5ad96abfb4c2031f,5ad96abfb4c2031f405a4716e6a6ddf6fba809143834e9084a3a3750a5b24acd,e60e6e2c38afa7998bc847ef9768324de8a120a7bcb794cf971201e1fbe41159,artifact,repository/odd_rank_benchmark_20261006/runs/v1/attempts/N16_L31_kronecker_binary_r1_a00.stdout
5b2b3195b4bed488,5b2b3195b4bed488eafa42103d061ca928e25a8be42057e267435a62e6d82b7d,8fb7c98f84995f04413e7c167e51d914cbf148bd84a1328a2312ecccc266c667,artifact_extension,repository/even_rank_extension_20261006/figure1_extension_evidence/matrix_raw/00715_formal_N24_L12_ah_block_second_r2.jsonl
5b2c1d357e997d91,5b2c1d357e997d91f9c4d5450faf0e0cfdd35065bd2fcf8f6d95693ade580547,4017630c0ef253a09dcb751747d2c7a6e281d8b05f951edc6760f0ee3e72eca1,artifact,repository/baseline_alignment_20261006/runs/v1/attempts/conv_sequential_N16_L6_r1_a00.jsonl
5b6a3ba0bcf52751,5b6a3ba0bcf52751d109eaafc333105b6ca67ca58e4a1765458f324e2a8cf416,e8b394c746cb088760a64209b0b067ae75ad3a0ff8f2bf2ae0ba7c29c78af6fa,artifact,repository/even_rank_extension_20261006/existing_serial_42/raw/00905_formal_N64_L8_ah_block_second_r1.jsonl
5b7b18371b892db7,5b7b18371b892db78dc9461d9af1483406c84d9d68ebfdbfc6d92d02135bad9d,ca314b87e97ca3698a057dab3059300d8cf58ac1066b006c1d1019b965e2d926,artifact,repository/odd_rank_benchmark_20261006/runs/v1/attempts/N8_L8_ah_new_r1_a00.stdout
5c1b986700ee4991,5c1b986700ee4991f27646f101cf00290abb80b47387876d64064086aeb6f513,8cd604f81425e00b7a278bbf081abe830d5987a3170395757545c9feb8fc443a,artifact,repository/baseline_alignment_20261006/reference/attempts/00501_formal_N8_L6_ah_block_second_r0.jsonl
5ced5128ed48cf24,5ced5128ed48cf245d8375931b598e5bd0f8342a38a1ea38c7f1500d09796742,6c45a0305643dedc8b469b2459cbc0d7f4cfe9b2cf08530c9a308ffa2d8b71e6,artifact,repository/baseline_alignment_20261006/runs/v1/attempts/pari_cyclic_N8_L6_r2_a00.jsonl
5cf4f55b319bcc98,5cf4f55b319bcc989baa701f996b9a63173a3d931ef4f9b4a63809f5efee3c7d,6774a677203c32ddcbee645450066edc818f43373b4eb52ade8bb572eee4b910,artifact,repository/even_rank_extension_20261006/existing_serial_42/raw/00794_formal_N32_L24_ordinary_int_r2.jsonl
5cfe728a405474dd,5cfe728a405474dd2d03b86361d79132045fa8941a26742f0eefe89381f23738,cbf5affca588a0f5670a4e57d4fa205a0e5c055272763806be5f8f7827a5f6fc,artifact,repository/odd_rank_benchmark_20261006/runs/v1/attempts/N8_L3_ordinary_new_r1_a00.stdout
5d7c3f9c5b824cb0,5d7c3f9c5b824cb03165f35af982f38b1adcaad16a5051669a16aad9f4be8ece,8635b72a835f67bd0457841ef032791f07d3c8139394b2c5731fe4e2e3350251,artifact,repository/baseline_alignment_20261006/runs/v1/attempts/conv_binary_N16_L16_r1_a00.jsonl
5e0b7df4e68035f7,5e0b7df4e68035f78029b8044917d93d47b21a7f0a24d2a6a9fa0398988afeca,08da5b284ee038477c44391a4d53e43229722537ddf74d944b4339c0ff5f895b,artifact,repository/odd_rank_benchmark_20261006/runs/v1/attempts/N8_L7_kronecker_binary_r1_a00.stdout
5e202a67cd8996d5,5e202a67cd8996d51faa6a83707d24068c4be1204a9bfb219ec57d75bb83d528,a3581f25c5863d5d2f353cdf55f3c219ad5de6b9386fea412776aeaf22ca253f,artifact,repository/baseline_alignment_20261006/runs/v1/attempts/conv_binary_N12_L6_r2_a00.jsonl
5e20bf643fa228d2,5e20bf643fa228d200893bde12b8887a0be5df9643eea127c6dfbe3ea46d7df2,383e8d68fe1a4d8bd859baf56d0a4ddd0539e611d681af1f3c9e42de460bdbe3,artifact,repository/odd_rank_benchmark_20261006/runs/v1/attempts/N8_L15_kronecker_binary_r1_a00.stdout
5e2392dcec7689f3,5e2392dcec7689f33adca0a3a709e76ff9b28e42a370e1b5f7544c42d96588d7,95d7b151ff523196c615d535303f65d1f9437a98145b70ad86cc3b255d86a480,artifact,repository/baseline_alignment_20261006/runs/v1/attempts/conv_sequential_N16_L8_r2_a00.jsonl
5e3a647652b9f48a,5e3a647652b9f48a8f2c1759494af2eb1760d87739cb407493066e2845f53b85,0b356f864f49a87ceb31c11305851bae9755568da1023bb923fe9b73c6903e02,artifact,repository/baseline_alignment_20261006/runs/v1/attempts/conv_sequential_N16_L16_r0_a00.jsonl
5e4bc4a8908bab50,5e4bc4a8908bab50a3a19d500e18f510e0b66d936d590530362fd62430cb262d,a602daf02a347ad869ab2711b0a7878a833038e55bca4a91cccdce761a19ba98,artifact,repository/baseline_alignment_20261006/runs/v1/attempts/conv_binary_N4_L8_r2_a00.jsonl
5ea062d96b0862fa,5ea062d96b0862fa0e1667dfb2721a16749cd9a698eba417bc68c87ee3e69752,d54908263ac92adf91584a25c92c81a779c0263fa72d0e2116a182cadee9146d,artifact,repository/even_rank_extension_20261006/existing_serial_42/raw/00796_formal_N32_L32_ah_block_second_r0.jsonl
5efc3f6015eb32b8,5efc3f6015eb32b87a1227f2d05362ed564c953c7f4b9b34b0c0bcb1405873e0,14601502f3648a3d096a0d35c48dd069a981aca40bce86abbd59e3db416f4a7a,artifact,repository/optimized_pair_20261004/reconstruction/rank_extension/runs/rank_v1/worker_28.jsonl
5fbc82a84f50270d,5fbc82a84f50270d9c910527993ade8da0b7878e088c0c3764e8ed5a49d26e93,5301e7856505016633d0c0cbd68adff8c1e347afc98a21c6d54aa610246bf8ae,artifact,repository/baseline_alignment_20261006/reference/attempts/00569_formal_N12_L6_ordinary_int_r1.jsonl
60e417e27138f9c3,60e417e27138f9c33d4524a2519d01dd45dbb9d3a49c1e2c25ddac76a09264f3,d7e267bdcd49d5a8d5eb2f60dc7e95152ee6396e2091df50ea0ace4e353bef27,artifact,repository/baseline_alignment_20261006/runs/v1/attempts/conv_binary_N12_L12_r0_a00.jsonl
6122ed8c07bec1ab,6122ed8c07bec1ab3591c6b9e1327ff9e3cd1d966235df94b0e67d11d7d910aa,ea436567bf648575969bdbe5e7bd08b10e4cb855c869991c103b45f627add137,artifact,repository/baseline_alignment_20261006/reference/attempts/00371_formal_N4_L6_ordinary_int_r1.jsonl
612e951a2492725f,612e951a2492725fca15bea84791a5c09498989c97d065a78f2a9ebfea5111bc,7116e825f85d11bd9d19661662cffe7ac41106de081cdc3ab5e24da6a6b7b04b,artifact,repository/baseline_alignment_20261006/reference/attempts/00370_formal_N4_L6_ordinary_int_r0.jsonl
6133a2fd1f9206f9,6133a2fd1f9206f95929e79431fadd2041822932965c621327a6cd278166546b,a3614548db4d6fde0096b795d465ab6b98bd3332e7902179520bc7d9dab02d6a,artifact,repository/baseline_alignment_20261006/runs/v1/attempts/kronecker_binary_N16_L6_r1_a00.jsonl
615421717a5dc9fb,615421717a5dc9fb5ae3ea96ba61967d047ebd2ad56b6b7d562a3fe646c40d98,751cdecdebf03b938c7e4b13b4d16d76f89fac03b55a6777c1c26fd1039f2178,artifact,repository/odd_rank_benchmark_20261006/runs/v1/attempts/N16_L24_ordinary_new_r2_a00.stdout
6159236a6ff09050,6159236a6ff090508800c9dff1d7655cf817c2450340c03a4d3e12017d8b0a0b,954ffcba1c2f611629acfa3a54a5fe8cae390b4c3c8ac7f4c186beac6415d654,artifact,repository/baseline_alignment_20261006/reference/attempts/00568_formal_N12_L6_ordinary_int_r0.jsonl
615a6f8d03cffb9f,615a6f8d03cffb9fbf5d481a05a9caf0e245104bc4d669b811f310b4e1dec05f,aa74ab345dc7813fae434fbd21058f91ed19d8b473e4f0ed72f7a80a207108c6,artifact,repository/baseline_alignment_20261006/runs/v1/attempts/kronecker_binary_N6_L4_r1_a00.jsonl
6178463a2c50b280,6178463a2c50b280f72d9f8b1ecfdaa3d018faf6cc603abdd4e7446eea413a6f,9b16ab63c78f5fd5d0e25581531d2606b8857ed4ab1681b46fa2a88762cf1069,artifact,repository/even_rank_extension_20261006/existing_serial_42/raw/00944_formal_N64_L64_ah_block_second_r2.jsonl
617ea825b55fe042,617ea825b55fe042aa0aed84ef9967d7a8d5981b80228a3aa887fec86a439ea1,6f9f0603fe8c17b68a9282a63fb9bbeaa00ed987caae59631f0b79b65e13445a,artifact,repository/odd_rank_benchmark_20261006/runs/v1/attempts/N16_L16_ah_new_r0_a00.stdout
61cd27362839776c,61cd27362839776cc83fe2ff6b6996ea159e89d2666a6ce3a53ee10a7b11b5e8,3ad6463f8fbbf30c1db350c3c622e3bad8e1d4a67244840a8a7a5c35b2b35933,artifact,repository/baseline_alignment_20261006/runs/v1/attempts/conv_sequential_N4_L6_r2_a00.jsonl
621f444936fb9c09,621f444936fb9c091afbb69fc7c970daa1c103b4cabda07a9ceb369df60aecf7,f61c01d993dfeffc5a8100e7b05c93ac37c16f52eedca0a8d66535a12fffbb5c,artifact,repository/baseline_alignment_20261006/runs/v1/attempts/fwht_N8_L16_r1_a00.jsonl
6286f895d4310351,6286f895d4310351ccbea6e906410e3aa0f04908b888184829ee253dbcee0aa5,ca5c600cc07e5a28e5794e3c65b4a2fa3cf33f43fbbd5afd833614499428d9ce,artifact,repository/baseline_alignment_20261006/runs/v1/attempts/conv_binary_N6_L16_r2_a00.jsonl
62ccce8e51f51274,62ccce8e51f5127471d984f5e4c8c549886248d047696e6ba5c4d7c4fde03d27,5b57688b30cefaaa620849407c38ee3f00b4deff01aead64ddf28df40f0d8a5c,artifact,repository/baseline_alignment_20261006/reference/attempts/00377_formal_N4_L8_ah_block_second_r1.jsonl
6304805e87f0d942,6304805e87f0d942549b79c78884b1633cf256625c03192552cc5bdfce39be1c,14ad66cea43f4fa0161d18f68ee431e19947f2af0cad0a92520205ee8796f490,artifact,repository/odd_rank_benchmark_20261006/runs/v1/attempts/N8_L8_kronecker_binary_r1_a00.stdout
633ca187462349eb,633ca187462349eb906e28cccab0becc5ffd30348f91a4b62121f7d1a8fbdba5,63eff9ac965a32d70839e3ccc5f0add60a5bc69886e7444dd91e599537ae7c12,artifact,repository/even_rank_extension_20261006/runs/n36_v1/attempts/N36_L48_ah_block_second_r1_a00.stdout
6351f0d78aff289d,6351f0d78aff289d8d09eb0fe15f57464ef91acbee72856c7c53ef81b8d507a9,d996dd330441163eddf36660816621c58113350c14b6d09618515d5aef7cc992,artifact,repository/baseline_alignment_20261006/runs/v1/attempts/kronecker_binary_N6_L8_r0_a00.jsonl
63b5ef803a6b9dc8,63b5ef803a6b9dc82ef60e706975e538d7fa461cf7ff3e084e58ed4dbe7cd6cf,9a9d1c99d8f65eec50cae06cae2a8fafd398a6f8a5b26a75393f26636ae9f0a6,artifact,repository/odd_rank_benchmark_20261006/runs/v1/attempts/N8_L3_kronecker_binary_r1_a00.stdout
63cfa098b6cd5e54,63cfa098b6cd5e54adf561b12eee175f09ebfe34eab1c8233325dab3e10058d2,c149a0eaddd596bab1d5de390046bd37f16099373448b1d2899a4b2829d763bb,artifact,repository/baseline_alignment_20261006/runs/v1/attempts/conv_binary_N16_L4_r1_a00.jsonl
6423888b8831c674,6423888b8831c674d5bc981a20af5ceab07a2d09b9355dda45e42641c5b670be,94c3027e4d765936f5b0af387eb1290f7bd8acd7740c688633bce3674aa27a6d,artifact,repository/odd_rank_benchmark_20261006/runs/v1/attempts/N8_L23_ah_new_r2_a00.stdout
64287132dc1c9eb6,64287132dc1c9eb66a8d5d2d137cf6dd312987964d28488838e98ad001207660,57e375d9466430e337fc401b637a4f61e9bdfa884bebb5cd4eebb6b8eaa0caae,artifact,repository/odd_rank_benchmark_20261006/runs/v1/attempts/N16_L4_kronecker_binary_r0_a00.stdout
64412f3f8199e007,64412f3f8199e007534289eb25e6045443ac12f890f281d0c03d8ef73b6af788,a171624a47f46494f665fd605dd8b67b8c8eab7827281fb72a9c9fc9e402a5e5,artifact,repository/baseline_alignment_20261006/runs/v1/attempts/kronecker_binary_N16_L8_r0_a00.jsonl
64533de6fa11ac17,64533de6fa11ac179e9bc77979aa22580b278faf191009ab6e08795170ea535f,1bfdf3368923c6827d394fdde0e9e0512fa051abf9e1adaef0f8e9352f6133c8,artifact,repository/baseline_alignment_20261006/reference/attempts/00389_formal_N4_L16_ah_block_second_r1.jsonl
6486690ad5278e14,6486690ad5278e14cfec9b3e8a774797db5a5cd265e36ed614c6b7a469c1b126,be7e47fe1cfc9c69fe89c78e013da5fc177966b6e2c7bfea5056c239f66b8efb,artifact,repository/even_rank_extension_20261006/runs/n36_v1/attempts/N36_L48_ordinary_int_r1_a00.stdout
650044a5d2671301,650044a5d2671301d2b26e503d596b19470bce9d461bd453f17e3245e3d0c7a1,669edeb45486d8ef602c99116415bc4f8bf38a67e2e84ca4acab560d5ccfdb46,artifact,repository/baseline_alignment_20261006/runs/v1/attempts/pari_cyclic_N8_L16_r0_a00.jsonl
6545459f6ee9a3f6,6545459f6ee9a3f68b8965af4f28d049122280f42fd2127ff2405be3c73b7130,06c9c3cbbde93b0280a2eebcc2df1e6221f14264f8ec032cea271426ab2018f7,artifact,repository/even_rank_extension_20261006/existing_serial_42/raw/00529_formal_N8_L24_ah_block_second_r2.jsonl
6585a54e2e48675e,6585a54e2e48675ef0fbd2097586123e10669c7f48e5f5a5c536be6604dbe94a,fa7e0db48e500fe385e242d906bbd404f7982dd4b30799e59b3c084bad0912b1,artifact,repository/baseline_alignment_20261006/runs/v1/attempts/conv_binary_N12_L8_r0_a00.jsonl
65a1a863a95a9d91,65a1a863a95a9d916855198d4370c08f6ab5750360a923858ebc8fb7b04c1011,a52680b4c29501f14b9f777b46d703f07693da985400bc26d26a611bf8e12f34,artifact_extension,repository/even_rank_extension_20261006/figure1_extension_evidence/matrix_raw/00779_formal_N32_L12_ordinary_int_r1.jsonl
65bde4e64088c283,65bde4e64088c283492ee03916466677b01d587b68a4bd69bee99826828ad841,c47b390549187e2f94a43172900295c939e096578f194d19ab251d5c6bf906c3,artifact,repository/optimized_pair_20261004/reconstruction/rank_extension/runs/rank_v1/worker_04.jsonl
65cc8678e45ec4be,65cc8678e45ec4be2ce30da925e363a360a2df31c08b7175458e184f0bd1156f,a317252d1dfb580f9b455555adcd7f99d5ee6e5ffd268422afb6ced5be9beef3,artifact,repository/baseline_alignment_20261006/runs/v1/attempts/conv_sequential_N4_L4_r0_a00.jsonl
661cda3fca7d63f6,661cda3fca7d63f6f6a55b4c8b35c33a60ed909afd0c9516e25c75b37a159bce,078910ef21596a92b6a3b1f3586348b5b8de752d0ac8dd04ffb0941f8a93d87a,artifact,repository/even_rank_extension_20261006/existing_serial_42/raw/00862_formal_N48_L32_ah_block_second_r0.jsonl
666295ead45ce783,666295ead45ce78353080b4e6b97ba0ea7b4318f9c4535196ff731f6683d1534,9496354e73a733c4742fdfb559fda0078344ed1f175d103c726e4f2d8c7fdc65,artifact,repository/even_rank_extension_20261006/existing_serial_42/raw/00680_formal_N16_L64_ah_block_second_r2.jsonl
6688ea7ca41157c2,6688ea7ca41157c2aeb259390bf4a396603c96545a830ceac95253a13a93120a,46de33cfd5700f7c070449579facbfcf812d77c18bcfbe2d172d56a99ae568ce,artifact,repository/odd_rank_benchmark_20261006/runs/v1/attempts/N16_L4_fwht_r1_a00.stdout
66ef78d4ecb377b3,66ef78d4ecb377b39f48db0ce3ad03dee5d858c22296aa2a15d2f94f5d7704c8,e5afa3af38827dc840a47368de2d15231b65b3a3753359ed2ff77cbbee61e2b9,artifact,repository/baseline_alignment_20261006/runs/v1/attempts/conv_sequential_N12_L16_r1_a00.jsonl
66fe67888783c869,66fe67888783c869c7674904953432632b66843b3f4eb2bf5abc8cdefd8f45e4,cb30270bde9f0557c43891a6275a51bc8cb03d30e7ebc1a066facda423762dc9,artifact,repository/baseline_alignment_20261006/runs/v1/attempts/conv_sequential_N4_L8_r0_a00.jsonl
673f8017ace0e0a7,673f8017ace0e0a7edc63b97eb457486d9a6e3c28f5add93820fbbb1b0b89726,8290148f8cb18529272d67b27a487c069a3a66088fd87894724227751a662145,artifact,repository/baseline_alignment_20261006/reference/attempts/00630_formal_N16_L4_ordinary_int_r1.jsonl
674696d34c3360f9,674696d34c3360f9d86404035f9938cabd16024b5d1b2cc58dd4e68262b63439,e2d584d769cc60a17241a30f83b0e9be45783dffc490645db1c7c3fbc49ed507,artifact,repository/odd_rank_benchmark_20261006/runs/v1/attempts/N16_L24_ordinary_new_r1_a00.stdout
6748a2e1a581c5be,6748a2e1a581c5bea0de312b994a918f711d9748869697f84bf2ca3fd8aa53be,7fc87e6e7afe301decaaec76856f8a270fc9fdea6917b94fcf12ed9b1191ee12,artifact,repository/odd_rank_benchmark_20261006/runs/v1/attempts/N8_L16_ordinary_new_r2_a00.stdout
6882babab7088c16,6882babab7088c16dfae1ca2594c3387606724200c7849d05a30295addaf0bea,13033a8e6cc187eec5d703991c20074a8fab0b2744b48930f48bd433f904bda7,artifact,repository/odd_rank_benchmark_20261006/runs/v1/attempts/N16_L8_kronecker_binary_r0_a00.stdout
68e8a984bc20b368,68e8a984bc20b368c4fca6854810e2a06e9ed72bf55ee2307b4cf76a4c14e5db,f69db7711ea2ac4e393cfb11364806cd20f7846758080c3a4e53c2cec822bc89,artifact,repository/even_rank_extension_20261006/existing_serial_42/raw/00895_formal_N64_L4_ordinary_int_r2.jsonl
68fe808540556136,68fe80854055613658afababac2d0bac116dd50660b702cc785fe9b259c77875,52c1a4d3382a8edc6863ce72057d5e541ac8e299602642629802a8fc94542d10,artifact,repository/odd_rank_benchmark_20261006/runs/v1/attempts/N16_L24_fwht_r2_a00.stdout
69b4b48fd398f2db,69b4b48fd398f2db3299bd443649949bcda446b1e9b26b5ee45ea53ed3754a3b,88f4735c645a6c2e385e5118ce369fbd9c2e222998777b1b3ff43b597a0a1674,artifact,repository/baseline_alignment_20261006/reference/attempts/00509_formal_N8_L8_ah_block_second_r1.jsonl
69dfe51e10043854,69dfe51e10043854a6631a24bb5a912303ee193d5474f156b921cd961a55a9e9,29abd0dff1e80e64544d707e8ad5470310ca8cb65c1280dcccd6a5212e5b90ef,artifact,repository/baseline_alignment_20261006/reference/attempts/00383_formal_N4_L12_ordinary_int_r1.jsonl
6a15ea5000040898,6a15ea5000040898a85f420475496c872a9a81f699be259c567d219a1eebade6,00f75d331c80d0059afdf518dc0d16f44473ef20f41469d98963bdf74e1b686a,artifact,repository/baseline_alignment_20261006/reference/attempts/00507_formal_N8_L8_ordinary_int_r0.jsonl
6a6380903a3b7970,6a6380903a3b79704f7816605fc3025a9a3f5998940b703b7f19e4488af6efcb,01981529007db41399d623817ec917f292e4fc238e71bd9c6c4e32d6f0d998a2,artifact,repository/baseline_alignment_20261006/reference/attempts/00578_formal_N12_L8_ah_block_second_r2.jsonl
6a8fd737f404d6af,6a8fd737f404d6af4d13a0e9556548ed7fc510f8b985efb390f41380ac2fcead,dd8031f59df22c7b298911c735f1c08ec7196126d44138ac021909f578acb1b9,artifact,repository/baseline_alignment_20261006/reference/attempts/00372_formal_N4_L6_ah_block_second_r1.jsonl
6a96e4915013cab8,6a96e4915013cab83fffacaf383a6d98093e65866f3e8ba6c0e5dd8c81db4683,5984496dd4506b496f055d5d3e2ca9e518437936836cbd0feac73c8a074a111f,artifact,repository/odd_rank_benchmark_20261006/runs/v1/attempts/N8_L16_ah_new_r0_a00.stdout
6adbbe1df6bc27f8,6adbbe1df6bc27f8fccf8bab4fc8559f8a766aaec73b64cb9aa334616311650e,62fb8b3c40ff012857d9296060b4ec6b5113587b1d9b6eca565709d6b36943d8,artifact,repository/odd_rank_benchmark_20261006/runs/v1/attempts/N8_L4_fwht_r2_a00.stdout
6ae67b3714fd3a93,6ae67b3714fd3a93d6b7275572b1c45a4b14927bc45681b90abd4e7c5d909820,714491920fd039f8c5fddb66a6dea7c68fa6973e817514d7003e27fa6fe9d7ec,artifact,repository/odd_rank_benchmark_20261006/runs/v1/attempts/N16_L15_kronecker_binary_r1_a00.stdout
6b28bc411a69e543,6b28bc411a69e543dd4e0b5d9ff7f07a0d408d7a9191c837a033e79b50e3ae50,1cb1e517c62391b123a58d1786d27a35d7213779213bbe5b961c9d810194b80b,artifact,repository/baseline_alignment_20261006/runs/v1/attempts/pari_cyclic_N12_L8_r1_a00.jsonl
6b41f02a47a2eb43,6b41f02a47a2eb4327696dcb9797a6b48a464bb555f4e456078ab2d200ca19be,fe169a44ad758c8c01642ffc6c1adb85271e1bb8f6e48295e0cd000bdf8de404,artifact,repository/baseline_alignment_20261006/runs/v1/attempts/conv_binary_N16_L8_r1_a00.jsonl
6ba691a28c2eac87,6ba691a28c2eac878fa4471f7604412218b4f1b92c20244a7a3c361f29bdb99d,9d5192bb9ee5a304a1f348b4919a66bd4e18fb76e8eac10252f1b3a78c349446,artifact,repository/even_rank_extension_20261006/existing_serial_42/raw/00837_formal_N48_L8_ordinary_int_r0.jsonl
6bd5a47377a37c7c,6bd5a47377a37c7c06204da5c68cb9cdb87d6beadd43a8842b9172bbc23380d2,f5c5e61046317bad922791becbd683cf646111165de9759982b9fb7a575ddbf8,artifact,repository/even_rank_extension_20261006/existing_serial_42/raw/00871_formal_N48_L48_ah_block_second_r2.jsonl
6bde565c4cd1dcc9,6bde565c4cd1dcc9073669ad0bdfb560ffd50ad37d237c4eecd7abc3a7adabec,886f0710407a80a0772ce6d3b3a8568036ffd1336660c62fa9afe7a47da1440f,artifact,repository/baseline_alignment_20261006/runs/v1/attempts/conv_sequential_N16_L8_r1_a00.jsonl
6be2b59df03ff9a9,6be2b59df03ff9a95a98d0e52d26ae3f04d30694ab9688cc31a9a964eb0f3cfb,58270d4cbe0129149915d394db54a394c46f06e3caa55c3489ac7100318bbcfa,artifact,repository/baseline_alignment_20261006/reference/attempts/00447_formal_N6_L12_ah_block_second_r0.jsonl
6c19fb54f240fef0,6c19fb54f240fef036de022b7c02b43af17d4c3eb2c31fa7bb5417168e79c0a2,69595a5ca3b608f6598501d02a7152525f997ede9feb86ab31c55e4fbff3b313,artifact,repository/even_rank_extension_20261006/existing_serial_42/raw/00733_formal_N24_L32_ordinary_int_r2.jsonl
6c2d89c5cb2493ed,6c2d89c5cb2493ede67fb9cbfcc652daabd53783dc07355e7d8dfb6725a29815,aa44fa3952268ad0dc7523dce722a8f2f975fc11da909d32df61475a23a01374,artifact_extension,repository/even_rank_extension_20261006/figure1_extension_evidence/matrix_raw/00843_formal_N48_L12_ah_block_second_r0.jsonl
6c3285bf8bd7d87b,6c3285bf8bd7d87bfbb85eee07a05c561ffe541407c410d7be0d8d3db60206f0,2970eb8918bd91629f99c611b6cf55e45ce04a341fcd1b5dd4bef0ee1825a5c9,artifact,repository/baseline_alignment_20261006/runs/v1/attempts/conv_sequential_N12_L16_r0_a00.jsonl
6c9224dc3ba4cf33,6c9224dc3ba4cf33c4990d627ffcc6ed2e23c9a41aff1da0a347bb1a8cc89961,4ca66adc947bd2177450c5141973aa4d505220aeb4515037a0d96d3d20e20717,artifact_extension,repository/even_rank_extension_20261006/figure1_extension_evidence/matrix_raw/00782_formal_N32_L12_ordinary_int_r2.jsonl
6cad3e9b62b3cc99,6cad3e9b62b3cc992901f8000ae5ac4b600a23474145d17e3acc6dfdcc86600e,e38781dca80b97b4f80efc9485e551698f98505a3f58fb3d48b7c26a18be1238,artifact,repository/odd_rank_benchmark_20261006/runs/v1/attempts/N8_L8_kronecker_binary_r2_a00.stdout
6cbf53e17c2d2b38,6cbf53e17c2d2b384cae1749f77bd8972680a3cc056146fed0712dbc512a899e,180525e34c228301b9a9b1ca0490032e5640b9e0ca813f1562312718882f1bc6,artifact,repository/baseline_alignment_20261006/runs/v1/attempts/kronecker_binary_N16_L4_r2_a00.jsonl
6cebd7d85cf2f74d,6cebd7d85cf2f74d5f3a63fec40749b656de9a677ceb6c72567d165e64f5ab9c,07ab8ffb4f3151b82ec98d27d270c6ff58c69f05ceee5d0de8ca085bfe6de293,artifact,repository/baseline_alignment_20261006/runs/v1/attempts/conv_binary_N4_L6_r2_a00.jsonl
6d316571f4a5f24f,6d316571f4a5f24fcf743b08b179e1dc1d744bedddc3e8de5c3bd4b7cb32009c,6e73c7f40bc9b4a23e387186db09bbc40b0fe1360a762e5b22e0697d20e68aa0,artifact,repository/even_rank_extension_20261006/existing_serial_42/raw/00930_formal_N64_L32_ordinary_int_r1.jsonl
6d6ff1446714a806,6d6ff1446714a80647a26de5e9661b0ba99e8b5b3d2c38fc359b8bcb34707129,af1a6001e21d45fff4dd933f9b518ad1eb2e5c88b1505362b9257ea3d8334a60,artifact,repository/baseline_alignment_20261006/runs/v1/attempts/pari_cyclic_N4_L12_r0_a00.jsonl
6d95b0a8a081ca8b,6d95b0a8a081ca8b083f4bf706da0e2f29d5ee6ca2887ee0fc0ce0e180160b05,2e484d7005687f0dff152468d4cec741baa2c9c5cd0611daccc161de38e113db,artifact,repository/baseline_alignment_20261006/runs/v1/attempts/conv_binary_N8_L8_r0_a00.jsonl
6dd214a3e305bed6,6dd214a3e305bed6f366000ac33bbe38dbd110ee9f15c175c3a1e2bb4a53dabb,37ec20ca4cc59d5590d4bf20edc5925d6d531dc89e5dfb0180a11f1a3b529b96,artifact,repository/even_rank_extension_20261006/existing_serial_42/raw/00775_formal_N32_L8_ordinary_int_r2.jsonl
6df4012ba45f9565,6df4012ba45f95656225177634ee32035cf429c9e9e937263918931789302351,dfd80943da3881beebaa070893f67851d83bc18d677b3d05565b815f6f68f12d,artifact,repository/baseline_alignment_20261006/runs/v1/attempts/conv_binary_N4_L12_r2_a00.jsonl
6df61d5bb98a2ed8,6df61d5bb98a2ed8d18965b8fc70bbeb2e3d27f7fcf19cfd054bf63e18ba1940,6893bf107508624a0ee7bd07b881ad6e20e09fec3c4209915c18d7e1af532f08,artifact,repository/even_rank_extension_20261006/existing_serial_42/raw/00918_formal_N64_L16_ordinary_int_r1.jsonl
6e148178035188cc,6e148178035188ccfc7e1124e7f2e2c99ebfbef3f515554c5d8d0f39d40560f9,f12924ca5b8175fe4cc9148b173bd39e02d2bb24da5db31b4f1f1f6486fece42,artifact,repository/odd_rank_benchmark_20261006/runs/v1/attempts/N8_L16_kronecker_binary_r0_a00.stdout
6e4ccf6645c7accd,6e4ccf6645c7accd5c15b5d9ec0018b94a0d11e54d9e3f6f77d58e25fd90bc2b,83dd1fa22160f3357f940a0b9982657d1fc10b3968413f671bea452aaeda05fa,artifact,repository/baseline_alignment_20261006/reference/attempts/00495_formal_N8_L4_ordinary_int_r0.jsonl
6e50635d270deb49,6e50635d270deb49fb22b34def01658353da33c8925731b61253c04feafbafdb,ac0546a5067d5f8e57b60f901ebfd9ff3ad385b38fde60a830ea22da1406b7dd,artifact,repository/baseline_alignment_20261006/reference/attempts/00652_formal_N16_L16_ah_block_second_r0.jsonl
6ef6e1dbd809062c,6ef6e1dbd809062c3bed0f78075d488df3e1ac8e8b6676809552eb336bcb9726,d16c37ae1bb599123250688fa8e0b97df75980d2ba8dce53f1a8d18706895af2,artifact_extension,repository/even_rank_extension_20261006/figure1_extension_evidence/matrix_raw/00701_formal_N24_L6_ordinary_int_r1.jsonl
6f47fe19e556dfbf,6f47fe19e556dfbfcd315aeeeb8d989d962e1897baf59b5b8da7db9cc584bc03,d6490f545b4593c16853a512fc8197043ebbad1dc2076a67acd84aaaf74e615d,artifact,repository/odd_rank_benchmark_20261006/runs/v1/attempts/N16_L7_ah_new_r2_a00.stdout
6f610a5cb5458adb,6f610a5cb5458adbe008976abe5ecbad47ca42cf5d440e8966dc368609e20157,71e58f82fe883de98ecc877d7d1057d4a83c6e3fab078f3450a7200830a4290a,artifact,repository/even_rank_extension_20261006/existing_serial_42/raw/00940_formal_N64_L64_ah_block_second_r0.jsonl
6f971dfd1638bcaf,6f971dfd1638bcafe5f1a3f76a9e2331ea6d48cdbfb957a0ae6239e5be663bce,ba764a807fcb97716a92a93c110b84425200a6f5c3684fc9f3e2ca17cacf25cc,artifact,repository/even_rank_extension_20261006/existing_serial_42/raw/00664_formal_N16_L32_ah_block_second_r0.jsonl
70158c843fc81c5e,70158c843fc81c5e23e9af3bfd488f39070bd79c2045b5047110438e0074986d,38b11801c69561cbe681e2a21e564814c14a53c7e0e22295778f8b35904c9439,artifact,repository/even_rank_extension_20261006/existing_serial_42/raw/00539_formal_N8_L48_ordinary_int_r1.jsonl
701a83e32aab09da,701a83e32aab09da4a4c7e7dfd5c68f1c13b47b91097a43170785601b4982f6d,15f3a92162b438426ef63e5a116b023fda66f52b3008bfe4964fa9b5bd6769e5,artifact,repository/odd_rank_benchmark_20261006/runs/v1/attempts/N16_L3_fwht_r1_a00.stdout
704d2b4ad228ca2c,704d2b4ad228ca2c9313e4b892e87f8233e3148b5a08452680a91a6b703aa2fa,083921e4ba15cabeb4508d8a6520520a1d0e77655dfb745f01242ab9897b58f4,artifact,repository/baseline_alignment_20261006/reference/attempts/00577_formal_N12_L8_ordinary_int_r2.jsonl
715bb33bf74aee9d,715bb33bf74aee9dce9abc51f9bfaeca3ea929f5af8a0bb02d534c579cbec792,545d422de73da65c64cab88b3004964dae000878b967740361656baa973e6b9d,artifact,repository/even_rank_extension_20261006/existing_serial_42/raw/00803_formal_N32_L48_ordinary_int_r1.jsonl
716454b5e54d6a85,716454b5e54d6a8570570181c70d1620c0705fb91401250934f121bcaed92e50,7f9788f1e9e6c975749033825ae951077b3e97e954f4734f62c715920c06ad7e,artifact_extension,repository/even_rank_extension_20261006/figure1_extension_evidence/matrix_raw/00714_formal_N24_L12_ah_block_second_r1.jsonl
71672d0bb795b6eb,71672d0bb795b6eb91d21fe0579e2a5e6a12707eee2532f5061736648bbe97f7,892f4960470f9f9de24887430130efc7d7789137ea7dcbe8f8a752e4a45af9a4,artifact,repository/baseline_alignment_20261006/runs/v1/attempts/conv_sequential_N4_L4_r2_a00.jsonl
71c816abcc5c0ad7,71c816abcc5c0ad7677c9d289fbdd3dc526710ddb3e13e069e55fa1338b94d72,cc4f2069355e89de4d43c133e7650675964f5b2e25068c8cd7240fd0efd017f4,artifact,repository/odd_rank_benchmark_20261006/runs/v1/attempts/N8_L23_ordinary_new_r1_a00.stdout
71ea377b21c181ee,71ea377b21c181ee6075cb8084c1c309477617a3070acf8c7ca733a5583add40,08d8d6465dc9b255e9378d1a56e88ab0c168df331eaa05aed924d1a754099c32,artifact,repository/even_rank_extension_20261006/existing_serial_42/raw/00925_formal_N64_L24_ah_block_second_r2.jsonl
738c5b9f4d34b679,738c5b9f4d34b6795177a43a88fe89728a09f9ab1168332ccbf39cf05d2e51f8,f555d430e55528283c778adf429cfeefddb06d9f2c79cfbfed72a5b7d62cd50f,artifact,repository/even_rank_extension_20261006/runs/n36_v1/attempts/N36_L24_ah_block_second_r2_a00.stdout
73d9892d6ea6d739,73d9892d6ea6d73934776e616e90a709d38d106f9b70ebf674df76f8497831c2,1da85d5c9124615465f53e54fd38936c133c5c7d6ab48ffb4e2ea2572de51b12,artifact,repository/even_rank_extension_20261006/existing_serial_42/raw/00941_formal_N64_L64_ah_block_second_r1.jsonl
73f2c06cba0adeba,73f2c06cba0adebaf87d5d7ac95ad8de803f1035df2b9c6a6bbc9b94e920557d,ab36b93db4f36b06cad248c5b7eeb5cdeb8846b783669bf3f50441dfc4cad702,artifact,repository/baseline_alignment_20261006/runs/v1/attempts/fwht_N12_L6_r2_a00.jsonl
7498451af5edcc19,7498451af5edcc190903da6e971436bb4239c50bd8eaa5af90c5698201ae9466,afb293eba56b47acbb9ebff6daea7c753a9a67a0e7fb30e43657ae1f490923d0,artifact,repository/even_rank_extension_20261006/existing_serial_42/raw/00872_formal_N48_L48_ordinary_int_r2.jsonl
74be67df07601677,74be67df0760167740fe0ec0b569d6768c590da01de2fa5d1267a1ef23e66559,c3e6162aadf948caa9d7e8f4a16ba375ca18819c91e3c37363c73ae52e2e2bde,artifact,repository/baseline_alignment_20261006/reference/attempts/00648_formal_N16_L12_ah_block_second_r1.jsonl
74c6b0334bccacc6,74c6b0334bccacc674facc03efd6eb29d141ad1969675bf4f6638dee1d3c10b3,0df4cbfd46fdd962a3c07e4be862adb3c74c2bee066663b65323fc81c6490785,artifact,repository/odd_rank_benchmark_20261006/runs/v1/attempts/N8_L32_ah_new_r1_a00.stdout
74cca132314cb172,74cca132314cb17235611c18230d4f915ff509919a82a18a39fafcfb7d734fa3,623ec64827de36f3034283cc61a3b735cbc2b9fb8e400c12f5cab838a7dab38f,artifact,repository/odd_rank_benchmark_20261006/runs/v1/attempts/N16_L8_kronecker_binary_r1_a00.stdout
7547246e106140a4,7547246e106140a4d8a38032ef251662a6855385ab4411d594d1d3da7455bbd4,9f075eecdb583ae4eeb67eca1543c63fa6c76a4df1933774d4e4e0a740db4a7f,artifact,repository/baseline_alignment_20261006/reference/attempts/00642_formal_N16_L8_ordinary_int_r1.jsonl
7567e19f5c2ee920,7567e19f5c2ee92088d20234a654258dcb96780632947137e7c775ed05f7a6ab,b050b67b3226a9fb03cdf7c5beff31ecc6b2d465304d5d3b38d87954e5e17790,artifact,repository/baseline_alignment_20261006/runs/v1/attempts/fwht_N6_L4_r1_a00.jsonl
76b8769b8e080620,76b8769b8e080620aade397b736cb96f2b940b67d43ecf25b69e98e9ba958ef9,57fbfa9fa6e542dba44bd5a04565b7815ce939891e716cb72e22a09ca831ed22,artifact,repository/baseline_alignment_20261006/reference/attempts/00430_formal_N6_L4_ah_block_second_r0.jsonl
76be7b0c6a220070,76be7b0c6a220070c1adeed03b983624fccbbc63a55edbb7c3b0dc78e1bd3d25,87f90ca7dcd1fbe4fb12d9ff413bac352df3e59079006bcc6bebf40481e42117,artifact,repository/optimized_pair_20261004/reconstruction/rank_extension/runs/rank_v1/worker_12.jsonl
76ce42c2a20cbb4c,76ce42c2a20cbb4c176c324b9f4552b69848c12ef1090f87fe50f1b9c91efa70,a34340bfa63b3b92a7a2b38d96dab7f30369387de90918ff9141e87591004f42,artifact,repository/baseline_alignment_20261006/runs/v1/attempts/fwht_N4_L4_r0_a00.jsonl
7718e30001d01765,7718e30001d017650567a25298fef9bcb898db1184bdc95106c0e90fd47d4999,06b4c097287f30cf95789e4dd82bfe599bebcf929cadf3317e4a43b7c4336f78,artifact,repository/odd_rank_benchmark_20261006/runs/v1/attempts/N16_L32_ah_new_r0_a00.stdout
774e52d4b9e26e21,774e52d4b9e26e210089d49eeaeb2700475fa76a04e24e4f15d53abc7f487af4,7af655fa540ef4343d10daca335f48332c6874235c8c17cc208f8374bc180541,artifact,repository/optimized_pair_20261004/reconstruction/rank_extension/runs/rank_v1/worker_35.jsonl
77a42392ce7065ca,77a42392ce7065cafe1f8e9803aa2af0e2f52f4e2046b0bfdb9f46f4c908bdc7,2116aef37d65e2b721d2e00d2eaf338f53236ec53404b53354353a8d195f8607,artifact,repository/baseline_alignment_20261006/reference/attempts/00386_formal_N4_L12_ordinary_int_r2.jsonl
77bebf57ca372769,77bebf57ca3727690d31675fd61259c642a332d3a6e8c128146fd25bf5914ff2,7c0401b2b19f846f4451389af521250f2b27504a58eb5daabd3f58fd141d9735,artifact,repository/odd_rank_benchmark_20261006/runs/v1/attempts/N16_L8_fwht_r2_a00.stdout
78057ad8f9d4bc23,78057ad8f9d4bc232b0938f3a98171a199c7631aaf44744c8c5a731dbe6d0a29,a524cc077fd3b829a546f670fdb68193084cb1bd70d0961ce688614575aef38a,artifact,repository/odd_rank_benchmark_20261006/runs/v1/attempts/N16_L15_ah_new_r0_a00.stdout
7819a925b606ff5d,7819a925b606ff5d122bbf6ebdcf3825274aee03712d3ae726ce96e6fd47fc35,3388b5c0e9def3dd446ba019b94d91010b91f8d03357b3f8a80c6db2e6d6cf7c,artifact,repository/baseline_alignment_20261006/runs/v1/attempts/kronecker_binary_N4_L6_r2_a00.jsonl
7860d44a55b80143,7860d44a55b801438df7ce2a3cc631ab399c13095461ec4f541f6e4b6fc54fc2,ff911914153f8c460cca5f7a4e8d5befb9b1539e1421b25cca76ae694bc064ee,artifact,repository/baseline_alignment_20261006/runs/v1/attempts/fwht_N4_L8_r1_a00.jsonl
7871ac44760d358d,7871ac44760d358dbbedd391093e96c458ec42e74bbfd73537968fde3668258b,9237b111fde2e238368aba6e787476ec4c415ef51dd46edb5eba18734488fcef,artifact,repository/odd_rank_benchmark_20261006/runs/v1/attempts/N8_L31_ah_new_r1_a00.stdout
78c883df5e33f37c,78c883df5e33f37c2fddab039c3e794377983e0030b297288501e1634440233e,4b5623f9becfd70b70897c3768e29921c1d7bbc627ad9f8ce51c2c27d8d1b34b,artifact,repository/odd_rank_benchmark_20261006/runs/v1/attempts/N16_L3_ah_new_r2_a00.stdout
790042f19ac7415d,790042f19ac7415d23fea76ebff4a966d0962ccd4efb324815e0259afbb687f4,c7b729250e5c112ed281e323006865dadc43461ab86a7686ca58fc962e8a41c3,artifact,repository/baseline_alignment_20261006/reference/attempts/00522_formal_N8_L16_ordinary_int_r1.jsonl
791ec9331fc9e261,791ec9331fc9e261c96eb6b1ca08fbff15c6a14e53e7706ef9ce67e81b04e9ce,5ee8421baa4d08dc177144b76ae4008bd59f2179d1d3d1653e710fde3208aa78,artifact,repository/odd_rank_benchmark_20261006/runs/v1/attempts/N16_L3_fwht_r2_a00.stdout
7939fc93112ff964,7939fc93112ff964f2bc094647e68da54f7b8167a2784e106089223c631bbd4f,5a95c785c292eefba37db38b9aa3f7019176d1747fb50efad5876d9ee6bf69d4,artifact,repository/even_rank_extension_20261006/runs/n36_v1/attempts/N36_L4_ah_block_second_r2_a00.stdout
795701c3a249e5b8,795701c3a249e5b8966ed489d7f286f9c0923843728663c5be0bc6f16861d375,4711648af3f865f6ea3dd6e991c1ab65b0b48a3d48f6636e9d5ac02a8616840a,artifact,repository/baseline_alignment_20261006/runs/v1/attempts/conv_binary_N16_L12_r0_a00.jsonl
795f3624a348a194,795f3624a348a194b69e2e2fdd3e6c3fb485993f2f9d4bfa1a7bc0b12a4bb009,4ba8c1d1011124abfb72b4d8ee7bebaef4e090201ff46fb0ec42d0ad58c30955,artifact,repository/odd_rank_benchmark_20261006/runs/v1/attempts/N8_L3_fwht_r0_a00.stdout
796a7147fccb764c,796a7147fccb764c279166ee62ba72d368458479b0c588dd16ef43a75fec9fac,af2cb708ca6c29b4ad439a5f45b8ebb2c23ccb3b1f77fe9ff9492fd706d31ada,artifact,repository/baseline_alignment_20261006/runs/v1/attempts/kronecker_binary_N8_L16_r2_a00.jsonl
7978addbbb5679db,7978addbbb5679dbe89d93ea09c7bc982eb27e77d28318215d5dcd1bc0022b80,f2627e4c583547471778237c84edb5f8719ce333a34e68f80d7c77b751ca4b32,artifact,repository/baseline_alignment_20261006/runs/v1/attempts/conv_binary_N6_L8_r1_a00.jsonl
79c302aaae0d21f9,79c302aaae0d21f9fd7e3d7f4472a9da5ec6ba275a117787099856954984162a,35ecc2fae8fbe3c0e8bff5d024fc605ff6037ce2065a26ca5d0ca5ea62415cf3,artifact,repository/even_rank_extension_20261006/existing_serial_42/raw/00870_formal_N48_L48_ah_block_second_r1.jsonl
79e0804f1af29f7c,79e0804f1af29f7c908a38c9d7ee3c8d3f6eb16b5dbaaef67af7bb3006d72c48,fe5028edc3737f1b7cce1051740a74933598c65bdb9231e981389fe7a9022167,artifact,repository/odd_rank_benchmark_20261006/runs/v1/attempts/N16_L3_kronecker_binary_r0_a00.stdout
7a0e87cc40876e0f,7a0e87cc40876e0fe2df8b1068e8496227475a1565c78946450f8541e268fe09,05d80ec7fe15a7e4af62de41e1eae53a51b8d4af1467652d046c3a2864f128de,artifact,repository/baseline_alignment_20261006/runs/v1/attempts/conv_sequential_N4_L16_r2_a00.jsonl
7a3e5007066034de,7a3e5007066034de0d30c41383fb469bef72744a85cccd734018d01ca19d0b00,cbd2943b5996d6f606027a71b67ca6e3ca47912d4a8cddf3a3a87b3d5f24a2e1,artifact,repository/even_rank_extension_20261006/existing_serial_42/raw/00799_formal_N32_L32_ordinary_int_r2.jsonl
7a9b272490495e85,7a9b272490495e852bcb6d8032cbc33a98f79e4f6c61418ecbd94f8d84845913,84ff83a0600f33fcd8da3e8c8735e03fc2a11f1b17541d2f718ce9d353f985e8,artifact,repository/odd_rank_benchmark_20261006/runs/v1/attempts/N8_L7_ah_new_r0_a00.stdout
7aab2f29f3d1b67d,7aab2f29f3d1b67d18d7ceb9b1fab27db6bd1f2e903b3a5495cd1fe70c7a8e0a,c622b828e14ef54818d4e23cd1f9166976a2b77993044cec8551a5e187ded74e,artifact,repository/baseline_alignment_20261006/runs/v1/attempts/fwht_N16_L8_r2_a00.jsonl
7b4a8a532d2bf1b0,7b4a8a532d2bf1b0e05e03a1470c141d5cec26f2e4edd41fa3c947ff239e5c4a,68a64f49eeb1dae365bf6724969b996e021a8375ad22eba9f5e32ab260c21ea6,artifact,repository/baseline_alignment_20261006/runs/v1/attempts/fwht_N12_L6_r1_a00.jsonl
7bb7d02a88203843,7bb7d02a88203843fc087ea325c9161571a338b5204400037fdaba46b6ad3d0e,52b29ca2305c5d59d4be98924e7d4f4adf3b001ed744cfb77aa6fd8d5e14ae49,artifact,repository/baseline_alignment_20261006/runs/v1/attempts/fwht_N8_L16_r0_a00.jsonl
7bdc8fc37122e86a,7bdc8fc37122e86ae51e00521c9f0c4eb168926cc3b02da508ca317c25c139de,029c1a02d07ba2754d159cb327bb2f5c101c83d81097203e44f66ae4aeab1d19,artifact,repository/baseline_alignment_20261006/runs/v1/attempts/kronecker_binary_N8_L16_r0_a00.jsonl
7bf20bac454238de,7bf20bac454238de63cb80d3ca52fb6107c8a623071d1cfba8e0528668f9b538,529abc44987c545eece65d1c0673625007dbb4b386997790e0ad20b344020294,artifact,repository/baseline_alignment_20261006/reference/attempts/00643_formal_N16_L8_ordinary_int_r2.jsonl
7c2819afc5bcf469,7c2819afc5bcf4695bf9c7a87529c4c677b7d37e481667727aa4844b7ab5fc6c,3b7b94f51511ccf06303627f8b7959c486ba6c23847d8fde7b46b2853a902c97,artifact,repository/baseline_alignment_20261006/runs/v1/attempts/conv_sequential_N6_L12_r1_a00.jsonl
7c49e7dadfb618e4,7c49e7dadfb618e4e9d17fb5939a39b40b563d1f37212a5c5f0d0a5cb1a8e366,8dc97ade90c47022ffaa9f927d6d186d063e405581c6bad8de14a6d27d3e4361,artifact,repository/odd_rank_benchmark_20261006/runs/v1/attempts/N8_L23_kronecker_binary_r2_a00.stdout
7c515840d23f25a7,7c515840d23f25a79013e67574874192c8c0f4868c41fde9273304c08b90cb9c,4c02ac7333fa7a7b06e72f59932c500d72fbb79b69b4876e3e2bf8b46e1affb7,artifact_extension,repository/even_rank_extension_20261006/figure1_extension_evidence/matrix_raw/00831_formal_N48_L6_ah_block_second_r0.jsonl
7d01686f4fa00955,7d01686f4fa009555efff40ffa8f5c5c1fd52faf8aca72725729dab5e09f211d,c46ceb1ec22da8ab1d26735a01eea06fe0a0d917318ca069bde686d9ff7f9590,artifact,repository/baseline_alignment_20261006/runs/v1/attempts/pari_cyclic_N6_L12_r1_a00.jsonl
7d840cc26546554d,7d840cc26546554d6590392862f442436dce5397121c96a153a40954e9d6b5ea,24dc27127a77049ebcdacadb07d9c35a702e4e17e2e4f20338f789a9928a5386,artifact,repository/odd_rank_benchmark_20261006/runs/v1/attempts/N8_L31_ah_new_r2_a00.stdout
7d9948f5e3999150,7d9948f5e3999150d5d836a2f1bd352268911e764a9b38dd9f34cd94e092e5b6,c596e648a85695c7417d32b612cac2de02ff78d5387730e7006979a5dd085ff7,artifact,repository/baseline_alignment_20261006/reference/attempts/00570_formal_N12_L6_ah_block_second_r1.jsonl
7e1bf976fe27f6dc,7e1bf976fe27f6dce279b8804e9b702e94a8bf2af632ae661d48a6f2a3e1ef9b,18ecd670148465127c332babfbf272c20ccf446f042f28262e869f33984849f4,artifact,repository/even_rank_extension_20261006/runs/n36_v1/attempts/N36_L32_ordinary_int_r2_a00.stdout
7ec1bedf0a33c699,7ec1bedf0a33c69910f8696537b3c87b24160fd6cd8d74f7ef9064aeaa6376ad,83bc942d65a9574e7836f88410afa3dabb50d05b26b495e5309530ff739d82f1,artifact_extension,repository/even_rank_extension_20261006/figure1_extension_evidence/matrix_raw/00777_formal_N32_L12_ah_block_second_r0.jsonl
7ed30d0c672cf20a,7ed30d0c672cf20a16649ff435b77ed1b0e0e442836de29e920a1770233c65b9,1878994021b54ad1e27a3806ab44515bf644c5cbea6ac2dd51eb5a77777c624f,artifact,repository/baseline_alignment_20261006/runs/v1/attempts/conv_sequential_N8_L12_r1_a00.jsonl
7fca62984cb7bc6b,7fca62984cb7bc6b42b865e6143b2087433e2c0d389f44db0a30785085e52649,225d856adeebaed9e56819479fa49eb313a7804ee2ae006a63a0d30cdefb6f19,artifact,repository/even_rank_extension_20261006/existing_serial_42/raw/00764_formal_N32_L4_ah_block_second_r2.jsonl
7fe780b70de086fd,7fe780b70de086fddb3c307abd0d51eb98a39ac333c2a36ee500e1a532378a6d,a5bacc8a0e7b95d15ac9c31ff94dad52d536c4adcf8b64b04f62d1086d9a0115,artifact,repository/baseline_alignment_20261006/runs/v1/attempts/pari_cyclic_N4_L12_r2_a00.jsonl
805b85db327ce8ed,805b85db327ce8ed2d956e7951346c992d2bc7e6c7755f3864008d34d6b36d84,4a02066843ec1e252ca136a455dc2e989692f1438e19c5b84e2d88c561928a9b,artifact,repository/baseline_alignment_20261006/runs/v1/attempts/conv_binary_N12_L6_r0_a00.jsonl
805e44dbbf654cad,805e44dbbf654cad24b69eb02bdb019b10809273d98fb4cb1333feaf4d32c683,2c08c1f9cac593e0c3969ad101b9894704f5c9e4295fb78bf3d082f1c09df84d,artifact,repository/baseline_alignment_20261006/reference/attempts/00453_formal_N6_L16_ordinary_int_r0.jsonl
807b0bc530012dd6,807b0bc530012dd67bf5510ce81d3854c808c2b06608324d0bec9afdca7d210e,2e8162b157907f41d74d09343c7bdc31f6837efd2ad702be1b09d10dd6f87c5c,artifact,repository/even_rank_extension_20261006/existing_serial_42/raw/00919_formal_N64_L16_ordinary_int_r2.jsonl
80a4f87d5b1f1d2d,80a4f87d5b1f1d2d1299af2a60b89cfe30cbc414024ddc081f0d045088b331fe,fd169191db02b64069058c240b97fcafc36e0685c9fe70d2fe338d94b324886a,artifact,repository/baseline_alignment_20261006/runs/v1/attempts/conv_sequential_N12_L8_r0_a00.jsonl
80e5ca287953113f,80e5ca287953113fb49bec77d0ebe48d54425121c1189a771006fb00abd3f746,8d711adf5163180b913bdbc6edc473bc814e0126ae60e92dc1629b16efa8c0a1,artifact,repository/baseline_alignment_20261006/reference/attempts/00637_formal_N16_L6_ah_block_second_r2.jsonl
81092378c3b7fab9,81092378c3b7fab9bab49e3190f43f1e9f21cb7863f103fad3e0d2ddb34c49f2,4024c89d5925a4b2cafa8fd70e7955387a8c9b849144b2c895a761b80e7dcf30,artifact,repository/odd_rank_benchmark_20261006/runs/v1/attempts/N16_L32_ordinary_new_r0_a00.stdout
812120163aaa974f,812120163aaa974fed6c7edc48274b254b329387c6e2301b214c776bda5e491b,53e8c436819c88aebf10d84f4f1b4b47c8cb66bcdc163f40ea553fc123db9492,artifact,repository/baseline_alignment_20261006/runs/v1/attempts/conv_sequential_N12_L12_r1_a00.jsonl
8172148284d668d5,8172148284d668d56867b0538c270e91b576f2ee342df4c54fa92542076e9608,6916db4a7f878882aaf9c0d6fa45cd8c3070045a2153e31176e839460f1fa372,artifact,repository/baseline_alignment_20261006/reference/attempts/00644_formal_N16_L8_ah_block_second_r2.jsonl
82072f903840b1cd,82072f903840b1cd9370a921e8c6d1eb09f08978cc85702404eba7b9e82750bb,2f3acb8c4c0b8f0fc411d4885408ed87b6d0c77c2143af0436d60ef550bf12e8,artifact_extension,repository/even_rank_extension_20261006/figure1_extension_evidence/matrix_raw/00846_formal_N48_L12_ah_block_second_r1.jsonl
826b0c7a5447c74d,826b0c7a5447c74dcd0bfecc86ca23e39f2110cc70f220db5d4633edec88f392,db92b7d5cb436f5abfdecf42271e28fda3c55a00286723f82a08d51206c27166,artifact,repository/baseline_alignment_20261006/runs/v1/attempts/fwht_N6_L8_r1_a00.jsonl
826f48768aece9f7,826f48768aece9f73647d889aa374c8f5d3fbe45af066170c1e0f39b04b49d8c,215daa132694272ba4c0129bd56cbf79d0ef3e7bb55d6b5b22667f72b935861f,artifact,repository/baseline_alignment_20261006/reference/attempts/00567_formal_N12_L6_ah_block_second_r0.jsonl
826fa71ea7cbd3d6,826fa71ea7cbd3d62e99b9ad624c164d1af3710f96b6a092600b42b033bd1c72,33be0fe37d5045ff51dc41a5f236c28b726a4a37f173776d2c735db18092d1a1,artifact,repository/even_rank_extension_20261006/existing_serial_42/raw/00735_formal_N24_L48_ah_block_second_r0.jsonl
82e571a42152b705,82e571a42152b7056d3a89fafef8a9f91e7e74749453349175cfc9c87363f641,cda377c40714338d687f01313e9397d0ff04abbc340d06e62e5dfe4b5f3917a3,artifact,repository/even_rank_extension_20261006/existing_serial_42/raw/00667_formal_N16_L32_ordinary_int_r2.jsonl
82e6086c8dc3a85e,82e6086c8dc3a85e433a3a8baeff2fe2f1e1aebd0b9f6de1d6e9a918ad426f91,288535ec068d63abbbae8f7691df1547afa82aea891ab7c196840e143fd133f5,artifact,repository/even_rank_extension_20261006/runs/n36_v1/attempts/N36_L64_ordinary_int_r1_a00.stdout
83179c76c3f94c77,83179c76c3f94c77494236d69203515aebed58a352b66de12a1c17b44faf2276,a532617759e5fe53740023e485b53dc22b5ad988ca478881a250b9c108efd9ef,artifact,repository/baseline_alignment_20261006/runs/v1/attempts/conv_binary_N8_L6_r1_a00.jsonl
83187fb54ab797d1,83187fb54ab797d183261f393807588249b08d0743491fa22fc6499c5370f6e6,0528e30791400ab86df5ee4501b12bde650e437ea9ac79914fd18eb8008afe56,artifact,repository/even_rank_extension_20261006/existing_serial_42/raw/00536_formal_N8_L32_ah_block_second_r2.jsonl
83188b6910fe0d17,83188b6910fe0d1709ba93c5f8463532bdac890877e64a139c5cb84c83aa77c3,17cac3ec789ce4ef6fde322725d19050364b29e177be97c3b700fef29a8885df,artifact,repository/baseline_alignment_20261006/runs/v1/attempts/kronecker_binary_N12_L4_r0_a00.jsonl
835cd16e4ed0a5cb,835cd16e4ed0a5cb019345f25db3bb0a985ae74f6473b1b19e27ff984219c3ed,3e2dd68a69c98bddaf366bde8acfecb21f1cd4b9899490dcd021788803e16ad7,artifact,repository/baseline_alignment_20261006/reference/attempts/00452_formal_N6_L12_ordinary_int_r2.jsonl
8386f4695d1dacf1,8386f4695d1dacf11e37712e8acd446bb4cd09370309a1edf17611c970f346f3,72d64a72a2a07a1f649dfea163f283899d36104d6df5bc329b7df5d890e5312d,artifact,repository/baseline_alignment_20261006/reference/attempts/00518_formal_N8_L12_ordinary_int_r2.jsonl
83d73999b214a1c9,83d73999b214a1c9a355a56057f900c389f00fc9023931a2edfdfcfdfbd5b10f,688de1515e74ae55ce6b25d1b3e1e0e61ee1dbac5a41064f7ab1d0fa46eda4fd,artifact,repository/baseline_alignment_20261006/runs/v1/attempts/kronecker_binary_N16_L4_r1_a00.jsonl
83e39adf60de69ae,83e39adf60de69aed6e0bb8b2fb8f2761b4051a6eb09d344154b4a9c4cfba39e,950c17ec7a0904d28866c0d8ae647eac7584e81e912ed2709e04e6f75cd1a793,artifact,repository/baseline_alignment_20261006/runs/v1/attempts/conv_sequential_N6_L4_r0_a00.jsonl
8401d47d02d66fcd,8401d47d02d66fcda437af06b34fbc0558ae296bfa6d74d23df05325b015a309,616c4c5bce3fce69b0068c869bda98381519ba5b1a05e2fc1c1251520a2cbfc6,artifact,repository/odd_rank_benchmark_20261006/runs/v1/attempts/N16_L24_ah_new_r1_a00.stdout
841dcc0efec42e3e,841dcc0efec42e3e0edc445d1434e15e49cf2296ea39aae391d8604fc70d1725,2c8b2f57434d5e0e8fc464381aa5bd16e7f25a96a867e688bc87f041bff001de,artifact,repository/even_rank_extension_20261006/existing_serial_42/raw/00694_formal_N24_L4_ah_block_second_r0.jsonl
843ac8a952dc2569,843ac8a952dc25691d395af9feac6697a4589751a9d6d24cf2ac3379ca520f63,00d6fecf7f030604b155a8635006336d8d469cc7ed8412fd28a496af331e5da8,artifact,repository/baseline_alignment_20261006/runs/v1/attempts/fwht_N4_L8_r0_a00.jsonl
849855def5e680f0,849855def5e680f06a02aa62db329847c076b137f17c9e57fab4a9aa616d6f96,4ab456ae32dd4f3517f223009cfe22a9ff72acf077966732a4f359028a825896,artifact,repository/baseline_alignment_20261006/runs/v1/attempts/fwht_N12_L4_r0_a00.jsonl
84a0e0c2b003dbb2,84a0e0c2b003dbb23ad5083fbbe02de3f730e72be3485c6adf429078bac53c65,576d2625932c1283ef9b45f985cd261bda2d1a3b91af7fe8f6c66a8bbb6aec5e,artifact,repository/baseline_alignment_20261006/reference/attempts/00655_formal_N16_L16_ordinary_int_r2.jsonl
84eecb0081e671fd,84eecb0081e671fda4dd5947c5185164a88c52de73ff7d2bbfe62c8ddfd2f77a,82449388a8ef6116f7f1104ecdad00729ed075af46a3fdb8fd50f3e5a3b63e50,artifact,repository/even_rank_extension_20261006/existing_serial_42/raw/00547_formal_N8_L64_ordinary_int_r2.jsonl
8537944d0bc6cd07,8537944d0bc6cd0768c275fe679626cd33a98f0497bd505f3fda784db8def5da,60852ea01b65a74d6f0c93888c3f2fd4e776dba8df3aeb42882ee3717651ea1d,artifact,repository/even_rank_extension_20261006/existing_serial_42/raw/00863_formal_N48_L32_ah_block_second_r1.jsonl
8578a61b95aeb9a3,8578a61b95aeb9a3ad6e12570572f78f7dbdc201141c0cc4f011573df916d98b,d31462e466463365217ff147c9bdb7ce461baef232a4724f3228ba4b15ef9c6b,artifact,repository/even_rank_extension_20261006/existing_serial_42/raw/00774_formal_N32_L8_ordinary_int_r1.jsonl
858b75f39448c795,858b75f39448c7950524006b2d5e1ad10ea371c466761b8e29b677f3cadae1bb,288a88f322207dee6113336ee4cb87c88a040520d9e5750859849d693223c699,artifact,repository/baseline_alignment_20261006/reference/attempts/00438_formal_N6_L6_ah_block_second_r1.jsonl
85a368c5e4f40716,85a368c5e4f4071622eea42a9888ae0730df79d362932468d8de64178f872ddb,f6ed32a03cecc57cff626a9c021e9a5b844b6249a27fd2bfa0b21fe2aeff4464,artifact,repository/even_rank_extension_20261006/runs/n36_v1/attempts/N36_L48_ah_block_second_r2_a00.stdout
85aa3768be6268b1,85aa3768be6268b1d97c8ba775ba2445e374f995802a409c876faa448a85d4e9,0d7699a5ec9fc1fc510c862a755ae7577e2085b588ee189ec5984e9456c77e61,artifact,repository/even_rank_extension_20261006/existing_serial_42/raw/00788_formal_N32_L16_ah_block_second_r2.jsonl
85ac3b354789f628,85ac3b354789f628f0a4aab899e679907ba8cb6f58313035129e455bf8aba5d0,6ab2b7ad9fb8fde70b468e279b90816a386c73e16d4cfd897b4be31d59f3998d,artifact,repository/even_rank_extension_20261006/existing_serial_42/raw/00772_formal_N32_L8_ah_block_second_r0.jsonl
85af6db420169331,85af6db420169331bedbcaeb9303175b0897f2a8cb26b4ae710fa46b49b7c683,0451a24bcfbf914dd1e7ceff9ba8a24ced9f5886dc6232d315788d1a62c84634,artifact,repository/odd_rank_benchmark_20261006/runs/v1/attempts/N8_L16_kronecker_binary_r1_a00.stdout
862f2df70dee27dc,862f2df70dee27dc8cdd9d616fa3a8754454a0135fbd1cbe45b642ed91cea3d0,9a6aa66cd0948637c95cc5ed31d2d772c8de993784ba8da185409790b957cf6d,artifact,repository/even_rank_extension_20261006/existing_serial_42/raw/00903_formal_N64_L8_ordinary_int_r0.jsonl
86b9e80b58bbb159,86b9e80b58bbb1592b27e9281a972653b8ea777c0d27d962d19843fcde9e28fa,42f07a246522657c09ba9ce0eb68fe7e8528eec5e6aa7372c20a2c7889b70d07,artifact,repository/baseline_alignment_20261006/runs/v1/attempts/fwht_N4_L6_r0_a00.jsonl
86d476a9d037eb58,86d476a9d037eb5881aa1772e45324d67a6402c7ac3457fcad18ef09961aab00,b72405f6743d3b8a5502fd312f2ff3f6bf44bb9ec29180ce101e8b7093ccbab1,artifact,repository/even_rank_extension_20261006/existing_serial_42/raw/00853_formal_N48_L16_ordinary_int_r2.jsonl
86e6b30d2b1e54e2,86e6b30d2b1e54e20baf666e33031bde7e00c90e660aea1959007d2e63b7bf10,6c18d219341e533ab99b342fef702f15ed515910d517089846e67870c2e406fa,artifact,repository/odd_rank_benchmark_20261006/runs/v1/attempts/N8_L23_ah_new_r0_a00.stdout
8713c1f2a0fd2f69,8713c1f2a0fd2f697d56fc6c8191bbee6e6bf70d9f17e9cb1598df20efb001c3,407802bf56f818d5a206d64ee1d196e668ce6410d0bb7e1d091bf71e961513be,artifact,repository/optimized_pair_20261004/reconstruction/rank_extension/runs/rank_v1/worker_00.jsonl
87259e6a9c1b22ef,87259e6a9c1b22ef79b85281a0d33abcaca023058d8e5c07e55e24a9e0527a8c,e2717f940020d63e2270a93ef4eb8e2040a9e6024307b631fc336c8a48f158a6,artifact,repository/baseline_alignment_20261006/runs/v1/attempts/conv_sequential_N4_L16_r1_a00.jsonl
8780e067d0ddb1ba,8780e067d0ddb1ba5ba717ecc8ca43bfce93ba809d87d52ef125d929a12bebde,6942139be96a4815e0ce48fc48707dadf7972131cb936d63ab31ca58399f1f2d,artifact,repository/even_rank_extension_20261006/existing_serial_42/raw/00531_formal_N8_L32_ordinary_int_r0.jsonl
879114508d7cd8d1,879114508d7cd8d1a7b21d4e99c678b74912f80af3d5c253ba0b45966961b5d0,4b3cbc89f7089f9bca888b0bb55f8669a6e65753b70d15fab01be157286d2621,artifact,repository/baseline_alignment_20261006/runs/v1/attempts/pari_cyclic_N6_L6_r2_a00.jsonl
87a1f0d542610cb8,87a1f0d542610cb88b399c5127e06480d8a6f5fd560a41348a67be62494c1a9c,71128bd50b51766b4db56c6a68767825e85e31f1f77cd884b7ffcf4a255f3a96,artifact,repository/baseline_alignment_20261006/runs/v1/attempts/conv_binary_N4_L16_r0_a00.jsonl
87aab4bfba91ca5e,87aab4bfba91ca5e7de53fe54bef83a21f6047429a5dcda41a5da7e7defcf07d,ec6e5d793d3508e25e862472b6148fcf40735d827e2348ea8ce5b757b08b442b,artifact,repository/baseline_alignment_20261006/runs/v1/attempts/conv_sequential_N12_L12_r2_a00.jsonl
87cb652270a2e828,87cb652270a2e828d18c00c84998b1dbff2e633b325dd8491c2ae4116931ce34,30b6b3c75ba4029c396fe0fb3212bd2dc445c92e5fdbc88cb5020255f00aee0a,artifact,repository/odd_rank_benchmark_20261006/runs/v1/attempts/N8_L16_ah_new_r1_a00.stdout
87d2e393dc1f1cc9,87d2e393dc1f1cc90be01c9c1f0b5762648da7d7e3f44616cb4a8991e74314cb,b73b2d5f1d75ef43a9f3a8268d1f602930828177afd706c872d90cefdf6ad974,artifact,repository/baseline_alignment_20261006/runs/v1/attempts/pari_cyclic_N16_L8_r2_a00.jsonl
88047e5691bc2600,88047e5691bc2600f6ce86966851b42719141b1284e4f1f4dfff52a38a0086bc,2e7bc7db6c8ab6bb76e82a0a8f45959491c7603085798489e09133559fb1cc60,artifact,repository/even_rank_extension_20261006/existing_serial_42/raw/00922_formal_N64_L24_ordinary_int_r0.jsonl
880a413f3229a009,880a413f3229a009254dff1fa99ba1806e0fabd8ccd533daae36dff4ff0275a5,e010e3ad56805d171c3b329e927c01ee6a40330fdebb83b1a9398cfe8e01a7fb,artifact,repository/baseline_alignment_20261006/runs/v1/attempts/pari_cyclic_N6_L4_r0_a00.jsonl
885ea0093319621b,885ea0093319621b3f34696e3d420d5dd06a4efea06a3d828908e626fd4f20e6,2b9a1dc1be7861514c9700e51f14ad0bd600a624651bef2db5751b18688b7ee7,artifact,repository/baseline_alignment_20261006/runs/v1/attempts/conv_binary_N12_L16_r0_a00.jsonl
885faa4bb876e9d2,885faa4bb876e9d2d6e555d5790d7f75b54645e9914125d120c5735a2ac08810,989e845737044994cbcf6b8ddea91523e283659ee76aa2d5ea222964fcdb4169,artifact,repository/baseline_alignment_20261006/reference/attempts/00369_formal_N4_L6_ah_block_second_r0.jsonl
88c3993678a49664,88c3993678a49664d97ce70a8e861d75062e3c44aefa50c409cebd5ed143dd32,15e026f9f666f0d37ec3bbdca17a3b638998a12b01edfd38dfedda28c9726521,artifact,repository/baseline_alignment_20261006/reference/attempts/00639_formal_N16_L8_ordinary_int_r0.jsonl
88c9114da84904fc,88c9114da84904fc4ae618f47301bc87568b104c8560fa1479f607ba22961a9c,df81df6993b85945594e93065df21be0e13f3c90cb44e19031c1e02b86ba4632,artifact,repository/odd_rank_benchmark_20261006/runs/v1/attempts/N16_L7_ordinary_new_r2_a00.stdout
89560919f3f6e4b6,89560919f3f6e4b6a3ce282cf679c81c4e50ad1ddb7c597bf6f08c0d164dfb6a,ff469d0f404acaced8727b5f9c1603565a81815361d5ec2e9300cc91e2b6e8b3,artifact,repository/even_rank_extension_20261006/runs/n36_v1/attempts/N36_L4_ordinary_int_r1_a00.stdout
896f41bc4be665c0,896f41bc4be665c0a71533bf36ac937cf812fe201c0351b080fefaebff552a7e,c64b43a3d9a012acd618972868fd538adcf1c66caf6b94424d4ba0bfc9861a76,artifact,repository/odd_rank_benchmark_20261006/runs/v1/attempts/N8_L15_fwht_r1_a00.stdout
89798682c6e2b0de,89798682c6e2b0def2773ad3697656ef98d0daa61920f06363afe0fd823f464a,69cefd912bfee16c37e02d5d8292048368537b64ebe8c13d930d2c203c8bae1e,artifact,repository/baseline_alignment_20261006/runs/v1/attempts/conv_binary_N6_L12_r2_a00.jsonl
897c1aaf469ce903,897c1aaf469ce90347dfe32f5acf7bb5ddfb61323fea6bf5994c52f9840b3ed1,60cf7809b21286b0eaa28d329b0182b975b2ba5fa52d72eea4c553b1d96f0c37,artifact,repository/even_rank_extension_20261006/runs/n36_v1/attempts/N36_L4_ordinary_int_r2_a00.stdout
8982357acee0b7ac,8982357acee0b7ac878be914d9cf3c2ac5e01423a9db1e2eb2b584e0b33a6b69,8752b0e425734dc13bd6c188aa37b4b0ec1dc9092b3979c42afc5e3b08bc19b8,artifact,repository/baseline_alignment_20261006/runs/v1/attempts/pari_cyclic_N12_L4_r0_a00.jsonl
89a5d0592adc269a,89a5d0592adc269ac754467e82f14645cb51a7637a0ba2315633d8c52647c047,4bd76ee8ea44c5104e38ca9df22a5de8fa9db807dd419b874afa4cb48389f50d,artifact,repository/odd_rank_benchmark_20261006/runs/v1/attempts/N8_L7_kronecker_binary_r2_a00.stdout
89c86546724e7d95,89c86546724e7d957e0de42571938bae801f3f3e28f83300c8a8ee00e57ebe6a,7d9e53f38579e97aa537a5330d9a6ba6dae4a7ad9d47b94711ceb2b6fa076f64,artifact,repository/baseline_alignment_20261006/runs/v1/attempts/fwht_N8_L6_r0_a00.jsonl
8a363411ed6eb650,8a363411ed6eb6507f4391438d9e9641275f6e29322700547064af9074735a93,370999e517904a3896e6a9aa6cb5a1e7b1190b5adaf1dfca796f2cb749b794fc,artifact,repository/odd_rank_benchmark_20261006/runs/v1/attempts/N8_L16_fwht_r2_a00.stdout
8a36d1a4d37b30fe,8a36d1a4d37b30fed38c0558f5dc2ff839040562d4dd4ed55d5136aa8a5d840c,8e2264d6a78e40c4507c9aa20b9d092c11f7a014e03d993266c3e1799ec449cb,artifact,repository/baseline_alignment_20261006/reference/attempts/00651_formal_N16_L16_ordinary_int_r0.jsonl
8a6a14f791b2ead9,8a6a14f791b2ead9f1e4d574d7eed4ed87dd9c0e9b9ddf95f48840d950b01aa4,667abcfe80a7bb965013828df731cf2a6210487d62b071c838c537a8cd163a10,artifact,repository/baseline_alignment_20261006/reference/attempts/00512_formal_N8_L8_ah_block_second_r2.jsonl
8a83ef5ec29699d7,8a83ef5ec29699d773ec5b9f59d9da544c58404eae3a0b63a086de79257ad4cb,da25db8ce1dd76af4ce5734a1e5dfd2c750ccd09a648f45902f2860528500fb5,artifact_extension,repository/even_rank_extension_20261006/figure1_extension_evidence/matrix_raw/00897_formal_N64_L6_ah_block_second_r0.jsonl
8a89ea6e24f4eabf,8a89ea6e24f4eabf50b1a7f00402b824b5837c31fbdc5504cff03df1c0283c5d,39575387a0bcab86603b4235ae29cc83d1611e1faa644e66423151c01c2d0a1e,artifact,repository/baseline_alignment_20261006/runs/v1/attempts/conv_binary_N16_L6_r2_a00.jsonl
8a9e8a8b830ef8a1,8a9e8a8b830ef8a112a4a2ed069a5936ac4002fb4928f5bae687308cb54164c4,26012ae4a9cce987c2a699723d67ca4c2aa5bfc517da8035af3cd950a0f25bc3,artifact,repository/baseline_alignment_20261006/runs/v1/attempts/fwht_N6_L8_r2_a00.jsonl
8b2a062be9a3e7c9,8b2a062be9a3e7c9e82cd55f2ad0403996e95a1fd8f222550f10d0213af67549,d8b312af0ca811666a5b7ad9461f9587d2fb6b79f92d5dc7788b88b9580116f4,artifact,repository/baseline_alignment_20261006/runs/v1/attempts/pari_cyclic_N12_L6_r0_a00.jsonl
8b60790b567707a1,8b60790b567707a13225e31a5639761fa53490be2231a3f7799038741adbb13e,ab606d24144e14f943e923785b6d93ae793584452cfcf3f0647ce6e9a2d6f249,artifact,repository/baseline_alignment_20261006/runs/v1/attempts/conv_binary_N8_L4_r1_a00.jsonl
8c352cb68c7915c7,8c352cb68c7915c79ef1da4d9d41816483372378da15bcef3cd42919081b3611,68ef681ce00a01d7b2adce12195535026493e78b035724adb1887250b53b5d58,artifact,repository/baseline_alignment_20261006/runs/v1/attempts/pari_cyclic_N12_L16_r1_a00.jsonl
8c7910e7e7789934,8c7910e7e778993464f93ab75c87f269658d093dc59e53745f848a7ce7361725,efdad11a136afe00d8ae1197e529f9673a30c9a50b92028b17b82ee1b3c64d60,artifact,repository/odd_rank_benchmark_20261006/runs/v1/attempts/N16_L15_ordinary_new_r2_a00.stdout
8d15694519a11541,8d15694519a1154172afbb8b778f14eefbc73e00bf45b769b1ec379cda289daa,4502c26b9c9c35ad45c7f96703c8831657f488341c46f65a745008c69f9a44db,artifact,repository/baseline_alignment_20261006/runs/v1/attempts/kronecker_binary_N8_L4_r2_a00.jsonl
8d17ee65a220ec56,8d17ee65a220ec5659e74931539de7f273b2406996642b8977dcdc1f28729102,07d0179e0abe48bc88f8fd7e7a1a65c32f74244c2d369abe7cfada0bab954b60,artifact,repository/baseline_alignment_20261006/runs/v1/attempts/fwht_N8_L16_r2_a00.jsonl
8d55509880304412,8d555098803044120cb597906a3b9ce84bdc1ae7e615888729b666f4c1f05ca5,061a25652c65abead3f1ef8b7d10c015da056589edafacf5281bc0af8cfa4324,artifact,repository/baseline_alignment_20261006/runs/v1/attempts/pari_cyclic_N16_L6_r0_a00.jsonl
8d8ea751761a7ece,8d8ea751761a7ececd178aa97c3f941becfe4595cfc4c902304245acbdc53a39,7c8781db6e9eb067ec1afc5522120fbff4c5db390d07ad48b41745512cd9f18b,artifact,repository/baseline_alignment_20261006/runs/v1/attempts/pari_cyclic_N4_L6_r0_a00.jsonl
8d9137958abb31c1,8d9137958abb31c14a6dc18caf1f9ce18ca83f40b200e4ee7b6cbbb2a5ceb32c,e441fd829cab8ed8d4a0ec876f038fc2177401e1ccbc177dcc84843e5bcff735,artifact,repository/baseline_alignment_20261006/runs/v1/attempts/conv_sequential_N6_L16_r0_a00.jsonl
8d95a37a0ce14a9b,8d95a37a0ce14a9bcc1f64817b97537ebf34a16256028c4dd73da3a3d2656ccd,600ebf7d08bcaffac6808991cde5b657994ed15029fc334fce6804ef027441b6,artifact,repository/even_rank_extension_20261006/existing_serial_42/raw/00540_formal_N8_L48_ah_block_second_r1.jsonl
8d99495b927b7b90,8d99495b927b7b90205f01fe046600c8088b2d69a773d617b6f312ec911404bf,fc5e96d516e6923ba23c63d74262f02b7c8896e9953554fa123ca40358c93da1,artifact,repository/baseline_alignment_20261006/reference/attempts/00571_formal_N12_L6_ah_block_second_r2.jsonl
8da5c271c50bb65b,8da5c271c50bb65bd3f20499ee36f96eed06a461c77f687616e30c757b8575d4,8e64427aa1453f992e14b09d5f99bf606b78ed5c8f11dec219dcd79d69e2ea32,artifact,repository/even_rank_extension_20261006/existing_serial_42/raw/00696_formal_N24_L4_ordinary_int_r1.jsonl
8db3ddceda959f33,8db3ddceda959f3350429add943425100f3dae0c24db6d0e92b285e07ca844da,8629528daa4b3e97efba5bee193567aef23c25d79f2ef00462ae05b1d6c9e3b1,artifact,repository/odd_rank_benchmark_20261006/runs/v1/attempts/N16_L16_fwht_r0_a00.stdout
8e269d83dc974938,8e269d83dc974938fb6260de0a7ee0db24fc38b717852ef2f399de0d54b94df2,ac132e0d586dafbe79481cb4798141411a32b63834ac362e15b86a05fc3fd2eb,artifact,repository/baseline_alignment_20261006/runs/v1/attempts/kronecker_binary_N6_L12_r1_a00.jsonl
8e2a15863dd5c5b4,8e2a15863dd5c5b41cbe018a4fea533a70f30c403174a78f3dea276de63e4765,56abda9306e3a9eb6bf7e3223be6c6bc765626010c4368f1e4830f12b408d86f,artifact,repository/baseline_alignment_20261006/runs/v1/attempts/kronecker_binary_N12_L12_r2_a00.jsonl
8e4186261d1f00a4,8e4186261d1f00a4a3bdc7f02ab7f75b491ff48d24bb76a88f3a5aac8b286752,60dda0fe775f411cc4381f0e3f3a549091ef155c765c363d136495e2cede6c80,artifact,repository/even_rank_extension_20261006/existing_serial_42/raw/00838_formal_N48_L8_ah_block_second_r0.jsonl
8e59103f50f3e2cf,8e59103f50f3e2cfd687721f94acefa3388e9aef91e0bb15011de8e65811b58e,9699d6ea29e99df31ea667416ac3a9c039f22d1c7f40d555176d1cd2c357139b,artifact,repository/baseline_alignment_20261006/runs/v1/attempts/pari_cyclic_N12_L4_r2_a00.jsonl
8e87ff8312f9e204,8e87ff8312f9e204e0e5431bae55a1c0ff53278e1ab22e79ef8d9b7eb29595bc,3d833312b19d7176f0efce03fcd42832f116094bfe57ddefb3ad98851403f7ec,artifact_extension,repository/even_rank_extension_20261006/figure1_extension_evidence/matrix_raw/00767_formal_N32_L6_ordinary_int_r1.jsonl
8eb6344c9440fd4a,8eb6344c9440fd4af6306bd8ad9a1e89dcd42ac46ec9d7b80b5403cc2e16e2f9,907820456906368f4b749c85e19045b58dd096a11f3794cc80186c9fa50f65e1,artifact,repository/even_rank_extension_20261006/existing_serial_42/raw/00734_formal_N24_L32_ah_block_second_r2.jsonl
8ee160fac6e1f3b0,8ee160fac6e1f3b0aae8d697febf24a7d0c8866dd9ed6c56ec3978c15540bba4,da8700929a0628ca4c16d0ee0d677780cb64e107dc0f1f0032d19be3cb8452c2,artifact,repository/baseline_alignment_20261006/runs/v1/attempts/fwht_N16_L8_r0_a00.jsonl
8f10445be990d7d7,8f10445be990d7d747eaa0de45d2e3be14078e822e2fa91bfe91500da321600b,2a70f29f7e2651d787fefd29c167f65b7094cedae04306e23c95512b7b3847b4,artifact_extension,repository/even_rank_extension_20261006/figure1_extension_evidence/matrix_raw/00766_formal_N32_L6_ordinary_int_r0.jsonl
8f2b11ca833ad173,8f2b11ca833ad1736bc1c4f57d7e1de9f6bc5d4674ddba258ee8fc95a714a3f8,6290d94aa4d14ba1daca4659887938dbbf74b88c81257cd79741f7e97dfd189c,artifact,repository/even_rank_extension_20261006/runs/n36_v1/attempts/N36_L4_ah_block_second_r0_a00.stdout
90895db2fb7c913a,90895db2fb7c913a2e0e067a2b07a4717228c0ce375034aab1040d65d1cf2e01,f7e1484150de8bdefb5692751b8a7905497c3c66d2995b49b6abb16c2f621cfa,artifact,repository/odd_rank_benchmark_20261006/runs/v1/attempts/N16_L23_fwht_r1_a00.stdout
90c0e9b1e05410f2,90c0e9b1e05410f25d60fae4755dd51d1fec2f31ac76bc6e5f784d4d23c0464d,ddf01c5b3db5fb412463b04d835676e59460ced6c47aad893cfd27a5bad97b67,artifact_extension,repository/even_rank_extension_20261006/figure1_extension_evidence/matrix_raw/00909_formal_N64_L12_ah_block_second_r0.jsonl
90c362ce158d6da4,90c362ce158d6da4137c0576ff9c769282c4bb123c63d55166e0206753eef2b7,3ece189497a8cb8168e46084c255993c479a203bac81cafefd4d2f0ec12d4ecf,artifact,repository/baseline_alignment_20261006/runs/v1/attempts/pari_cyclic_N12_L6_r1_a00.jsonl
9110b200225da054,9110b200225da05431e5c8cdd95056b3d9ed09175023a556e0ca6fb751c6d954,25f6fba0a1270b35df8b18fee56641453c912c4339f4b76f9bfb9b1deea3190a,artifact,repository/baseline_alignment_20261006/runs/v1/attempts/conv_binary_N12_L4_r1_a00.jsonl
91e3c863b04edba3,91e3c863b04edba308c2e5f926be48c991860e6f5e37c779feaf78cd1ab8fa70,a880818f0a980e4e1dfbd3cbb2816d284b74abd4cdf497115412e3625691dce9,artifact,repository/even_rank_extension_20261006/existing_serial_42/raw/00763_formal_N32_L4_ordinary_int_r2.jsonl
921a7f6ebccfbab2,921a7f6ebccfbab2820b458fd735e4b98a40414401c2306af6c8dac35816a574,34500ce276eced5609c22647c657ded9a5665ed832bed6976c19a0b5dcfd5f8f,artifact,repository/optimized_pair_20261004/reconstruction/rank_extension/runs/rank_v1/worker_34.jsonl
9240b5cc202b1763,9240b5cc202b17633cfe8b02f2cd001b760d622b91f51db1535825b13a9df600,9b56425795277464a38a067e1365470d604132cf590aaebdd8a4dbca165563c3,artifact,repository/odd_rank_benchmark_20261006/runs/v1/attempts/N8_L7_fwht_r1_a00.stdout
92dcea00fc2af5ba,92dcea00fc2af5ba87dac089e5827897f1c3a9bdb053811533ed8fa629964891,cd599330e2cadde3bea4c56e0ef34f114697bc0b0e48a7580c7ada67abfd0817,artifact,repository/even_rank_extension_20261006/existing_serial_42/raw/00787_formal_N32_L16_ordinary_int_r2.jsonl
9379c3e3d61c83eb,9379c3e3d61c83eb987744959e7d2888f6222b548bf372e1a020dbbc2636b5f7,a62e7a154d6e9d650406ef9c9a11013bb4af431ea9b1fd0260a151f8a6b4fe34,artifact,repository/baseline_alignment_20261006/reference/attempts/00439_formal_N6_L6_ah_block_second_r2.jsonl
938d457b7723578f,938d457b7723578f96d209e9019de330110d5796a4b8ed9fbc48d1ee9bccc719,9bb5e19ee3fd8682bec3e6b7ee3c8247d7daef2ab7848c87ef88633d7ef98a6b,artifact,repository/even_rank_extension_20261006/runs/n36_v1/attempts/N36_L24_ordinary_int_r0_a00.stdout
93c368fdff8dd60e,93c368fdff8dd60edf465a2304b7835bf173e5ad0765053ece00f33694f6259a,6e4e31311b65012537ab7a56f9c9408fe75ea67075b50fe4c9619efb3cae33e8,artifact,repository/baseline_alignment_20261006/reference/attempts/00449_formal_N6_L12_ordinary_int_r1.jsonl
93c5ba60e494dfb8,93c5ba60e494dfb88e3eb2c6b5b4d7824aee80ab592565171b8672422c6355bb,2258ace2c8f9fcb01a2fc6c6710bcb534eaec00a4b6fc0b1c53e32e7776a1328,artifact,repository/baseline_alignment_20261006/runs/v1/attempts/conv_sequential_N6_L8_r0_a00.jsonl
93d74966682be768,93d74966682be768caab921c2631a1d40b43b13ef84595d890e4e190ba56308e,adaad5731d9995b1d2b7adff8854ae5a0bab86f85336e43421715f285e805518,artifact,repository/odd_rank_benchmark_20261006/runs/v1/attempts/N8_L32_ah_new_r2_a00.stdout
93dd40b287b0b730,93dd40b287b0b7300876e37c12dc1c2ce5cbc1a1ea3c6c715ae158d55d01bb4c,4da2e2afb2f7c30f3c380debf5e4bc1b57d4be658b5d5aab2b2d966d7a679729,artifact,repository/odd_rank_benchmark_20261006/runs/v1/attempts/N8_L3_ah_new_r1_a00.stdout
942fb0bf04df7298,942fb0bf04df7298d7088aa2c5ba2fcc328f96fc61d3bfcb34b81bf6565236fb,0644f50957a8e56f153ee9b9220f05dfa056b89353c035fcc1ae355b80ebf449,artifact,repository/baseline_alignment_20261006/runs/v1/attempts/conv_sequential_N8_L8_r0_a00.jsonl
943a8585d1654f06,943a8585d1654f06fc0f3050e2f7470d5729faf89140e6cb1183ebffdc16f432,9b1d7bfddcf12ef945c4b78105117a40e25b86ec9ffc7ae5a5dfd33f7da78d68,artifact,repository/baseline_alignment_20261006/runs/v1/attempts/conv_sequential_N6_L8_r2_a00.jsonl
944a1b8c24fd768b,944a1b8c24fd768b39a404045047494ab351fb64941034d1b4e4cd6a18ec97aa,b57cb33fd065ddc3ec0156ced46a614e67a7df77da383bd005bda2af4046cb5c,artifact,repository/odd_rank_benchmark_20261006/runs/v1/attempts/N16_L31_ah_new_r1_a00.stdout
944d12f4336cabd2,944d12f4336cabd21de19745a737fbf9a81dedea3d7a93048613c1710233bda1,5e73ede9224882f225d920e6e9b9b987b8dc9530e7e14ed8502c974fe7cd6822,artifact,repository/even_rank_extension_20261006/runs/n36_v1/attempts/N36_L16_ordinary_int_r0_a00.stdout
9458ca3a3bdaf96b,9458ca3a3bdaf96b0389a1fecd62504fd8a370c40fc5b30f53ad0e7b8bec21f2,e086f093ceb4a19e9a47767adbcba5e3bfa5eeff1602cef02f16b2a240480210,artifact,repository/even_rank_extension_20261006/existing_serial_42/raw/00743_formal_N24_L64_ah_block_second_r1.jsonl
946f8c670d7d48aa,946f8c670d7d48aad55e024d7d10aca2d7450993610073db85b0f0db08b5ccf1,51f91f0eb1e3e3dd3b25272765430d89ead36b303c2bfe69c120001671b8a520,artifact,repository/even_rank_extension_20261006/existing_serial_42/raw/00708_formal_N24_L8_ordinary_int_r1.jsonl
949e2595811b99e3,949e2595811b99e354f1da2b44ff72fa2d5246d8104cc8edb805e6ac3a81682a,e45128fa3f45cc9a2457758dbdb746c886f7146938d4359c402e05623657dbbd,artifact_extension,repository/even_rank_extension_20261006/figure1_extension_evidence/matrix_raw/00845_formal_N48_L12_ordinary_int_r1.jsonl
94a8e39a90269cb2,94a8e39a90269cb2683d69bdc592c6a676a5b35b34ab7b11f89865ef2e902bc1,2be62f66975dbda6e124e48e6981e1f28028ad4809921469b9fcff9d63a9221d,artifact,repository/baseline_alignment_20261006/reference/attempts/00562_formal_N12_L4_ah_block_second_r0.jsonl
94c9491f3f67c04f,94c9491f3f67c04f4663db1c3d15775e04a68a1775ed33dc8f3ac6d375e4cbf8,30c9b2f6d62bfa0112e294b3266e133b557ff3360f9afa5116f75e0611ff7c53,artifact_extension,repository/even_rank_extension_20261006/figure1_extension_evidence/matrix_raw/00716_formal_N24_L12_ordinary_int_r2.jsonl
94d65de4e3251474,94d65de4e32514742b87c6e59315c97b354b740b5bcc435ac029e18689df8f2a,1202b2d153fce3dcf30c47838312f0bb5afc51e7382a8e4b358ea03ab358da1c,artifact,repository/odd_rank_benchmark_20261006/runs/v1/attempts/N8_L8_kronecker_binary_r0_a00.stdout
9595f9db701c9c95,9595f9db701c9c952beef14d7d7138bd3c97f500f61611417cb30c1f63366d86,6904ea65e1f72e67516e612273bee777d4ec0b12fb1ce8e95dd7fe09cbebaef5,artifact,repository/odd_rank_benchmark_20261006/runs/v1/attempts/N8_L7_kronecker_binary_r0_a00.stdout
95ae2ee163efd56c,95ae2ee163efd56cbb9495580ab43d361812259ccab796c4c2fbe19ba5a764cc,f7a8a58c7a5c242d111317f3b1bdd7c6a9b982e2bbc60e3f8d02e2ab647be68a,artifact,repository/odd_rank_benchmark_20261006/runs/v1/attempts/N8_L15_ordinary_new_r2_a00.stdout
9615a0b5232d0304,9615a0b5232d0304f0f14dfc00e254346b6a525b7497d5dfb8960b476f5edc91,db9c961bdd9894b0b2296ff7f0f093066306c944076237ceae6770e8e71b4af7,artifact,repository/baseline_alignment_20261006/reference/attempts/00434_formal_N6_L4_ah_block_second_r2.jsonl
963eafc0e0912761,963eafc0e0912761eb596d246ac624fd18253bc660639a19d0539ddabce7b5df,0a2b3bfbb626b5ed44231b289b2cb8fbfcaba4070519fb38bf67bf4b7a7f9af6,artifact,repository/even_rank_extension_20261006/existing_serial_42/raw/00917_formal_N64_L16_ah_block_second_r1.jsonl
96b96c5c6789de5b,96b96c5c6789de5bfb231f392bdcd70f31656ce0f77b74f008d95aa888a90ecf,314ed457ee6d7e0a41acfd73a895c8adc251c6cef02493fb792cc51845f67dc7,artifact,repository/baseline_alignment_20261006/runs/v1/attempts/conv_binary_N8_L4_r0_a00.jsonl
96d56f0bf23a3cfc,96d56f0bf23a3cfc1b2489e139b61518221ecb712982e7ceae2445c1df23b2c6,b1db963be18e6f299c151b02ceb82812e3f6ffb638490447d9abc47eff6ff9fd,artifact,repository/baseline_alignment_20261006/runs/v1/attempts/pari_cyclic_N8_L12_r2_a00.jsonl
96ebf1b5b0fd8539,96ebf1b5b0fd85391d8ddafe612c53070421df00ce10c7ec3065a873b6ecff46,c5f3fb2d5dfc5fa8e4bdbce20b85376d271bb2609b24ed0914fa7e6e31ea2108,artifact,repository/even_rank_extension_20261006/existing_serial_42/raw/00943_formal_N64_L64_ordinary_int_r2.jsonl
96f0a7e2e55be5cf,96f0a7e2e55be5cf50cbde2220dd3e7a6603ee90b975081ef89918930da2de4b,c7b1a1950512d403883ddbaec1ef130ad6858f2008823fec0086a8c18d71b102,artifact,repository/odd_rank_benchmark_20261006/runs/v1/attempts/N8_L24_fwht_r0_a00.stdout
96f16b5811053ba8,96f16b5811053ba84b5e9ecdf36d390d12d8b302973a507ad0c5616e355ef4f7,63dc62fc9c43a2a8c74d9f7ffb464f53225dd9292c70c7bdd88d7b7723f94b28,artifact,repository/baseline_alignment_20261006/reference/attempts/00572_formal_N12_L6_ordinary_int_r2.jsonl
9718ea882bc60027,9718ea882bc60027f01d9b3fbfd749087b6218056504b2e34f34325e861220dd,c31ad2e884254990ee9b588fcebfc69343f2396789aa22e8d2ed6b51f5af486e,artifact,repository/baseline_alignment_20261006/runs/v1/attempts/fwht_N4_L6_r2_a00.jsonl
971b2ca2382744f6,971b2ca2382744f6b89e44412875ccb4f11e8079e505600be2f7fc5d37c1f327,c14c0c492e619ef125fdb727b0b427056e460c83769bb67415efa1588e13a9bf,artifact,repository/baseline_alignment_20261006/reference/attempts/00563_formal_N12_L4_ah_block_second_r1.jsonl
9724fca5ef2418a9,9724fca5ef2418a989ca95be96079f76c85a26bddf08c1cc9f8ef9a0cc546940,b96cab91e81c77331c203583c1fedb90657a3037993e1adcd5662d64850dd7e9,artifact,repository/even_rank_extension_20261006/existing_serial_42/raw/00812_formal_N32_L64_ah_block_second_r2.jsonl
977c58c3b946a3f4,977c58c3b946a3f4e65326b6b967ac32072e58f963591f0be3e868b61f33d971,f9e8387f0fd0f2c5b38826e44436efa4f5eba752a486f8248c20234b28991866,artifact,repository/baseline_alignment_20261006/runs/v1/attempts/pari_cyclic_N8_L4_r2_a00.jsonl
97c782ea5b382e2c,97c782ea5b382e2cf0e2c7e68ef5d28c420064d9fa558eb4b7b03f561f5ef431,688eec435d7b2e1a728918afd36a9dee87648c727c92a59c1386215ac5186f56,artifact,repository/even_rank_extension_20261006/existing_serial_42/raw/00867_formal_N48_L48_ah_block_second_r0.jsonl
98ddd73276f847bb,98ddd73276f847bb454061e3e521d667723c46aa5251c24968de0ac24383cd1c,61af561f42e2d40c1a28fbc0d3dc61150898a8cb26989d8d254181cb404419b3,artifact,repository/odd_rank_benchmark_20261006/runs/v1/attempts/N8_L3_kronecker_binary_r2_a00.stdout
98fe3cf8c17a4932,98fe3cf8c17a4932e70c1f7024045b08f1e39a178c4d747103bacd5385c92aac,647ea5489ea74abc3f5c0c4ae87cf412bab27b0eb746ce832381df8b5e9d6501,artifact,repository/even_rank_extension_20261006/runs/n36_v1/attempts/N36_L64_ordinary_int_r2_a00.stdout
9933d1b844ed6515,9933d1b844ed651511f20979beeb522f18306d3c2c1ce6867a0c162f13856c80,d531f7da30da675e02d70a7e8b0a3d11152cf3ae4783cc63598e981786c714e4,artifact,repository/odd_rank_benchmark_20261006/runs/v1/attempts/N8_L7_ordinary_new_r0_a00.stdout
99464cec2cbacf96,99464cec2cbacf96d5acd5c0685728e15b9fc2afd228d860e2255e6f4db55f94,c9632e9e5a34418808293369a503d5a0b78eb6066532677a1edd9088102a6220,artifact_extension,repository/even_rank_extension_20261006/figure1_extension_evidence/matrix_raw/00780_formal_N32_L12_ah_block_second_r1.jsonl
9967519a6ccacb1e,9967519a6ccacb1edaf1acb212d59436663309d354edd13b8d7a57bf5c6837e5,6176acc50aef4581597c1ffbb770c4339bade88c9f03c281c92a5ee8f6e00800,artifact,repository/baseline_alignment_20261006/runs/v1/attempts/conv_binary_N8_L4_r2_a00.jsonl
998e0b00bc92d8a2,998e0b00bc92d8a2027b071a115d7c78639b605c82040682e3f8322646a0e3e5,9d744836c71794788ecda103a903ae27775c1678d7af10153712dfbecd2271d1,artifact,repository/baseline_alignment_20261006/runs/v1/attempts/conv_binary_N6_L6_r0_a00.jsonl
99c665968b422364,99c665968b422364d97b06739a5064856630fe626136b2a4063a312b282dc23b,321f7fadafa0e0c85e252ffdd44ddef23f0f0750fb04973fe5b3682a4f4915c6,artifact,repository/baseline_alignment_20261006/runs/v1/attempts/conv_sequential_N12_L12_r0_a00.jsonl
99cacad0284aa81e,99cacad0284aa81e146e9703e1d44d7ca3311db85e892e3f4098182cef5448b8,df37a5a372ed740f0f39a9bb6345167c21402819cebcd3f8cb3b17c520b83ad9,artifact,repository/odd_rank_benchmark_20261006/runs/v1/attempts/N8_L7_fwht_r0_a00.stdout
99cded44797a01b6,99cded44797a01b6ef566c943227af091de84b62e5ad11f2066aa03690f37669,76f30b7baef0f45e3b12ad5eb563a51693fadde1b8399ce5abc4e3288dda13ad,artifact,repository/baseline_alignment_20261006/reference/attempts/00429_formal_N6_L4_ordinary_int_r0.jsonl
9a1dfd3f496de42f,9a1dfd3f496de42f78131f695b0bbff8252e517f94965c6deaf51e870d31fb18,8242b8d7373553437bf1f6fe8c77e77abb95219d757a07dc05184fe9c1a900e1,artifact,repository/baseline_alignment_20261006/runs/v1/attempts/conv_sequential_N8_L6_r1_a00.jsonl
9a8f59fa52ddb120,9a8f59fa52ddb120fd4b8072dc4b771618b844352e6d8dbd168604c6b3eb5cc2,2e0e6cd925085253c62c43cefc08c000dce912ac819f326a906497b71560354b,artifact_extension,repository/even_rank_extension_20261006/figure1_extension_evidence/matrix_raw/00900_formal_N64_L6_ah_block_second_r1.jsonl
9adabd60c5d4ec78,9adabd60c5d4ec781a2cd1972da61aa9f46afcc75caec1544354ae93eb61d833,07132508a492db91802978827fe46160afd1488c07549d79ab1f908f1b6411f3,artifact,repository/odd_rank_benchmark_20261006/runs/v1/attempts/N8_L23_kronecker_binary_r1_a00.stdout
9afc1e4ee810216d,9afc1e4ee810216d9253facdc55d238911128c74eb17c1dff31e7fec374ac75b,9ec8b9eeba71445cb5eba0fa68e01dbcf6d902e644bbb9930ce17ac5d88348f7,artifact,repository/optimized_pair_20261004/reconstruction/rank_extension/runs/rank_v1/worker_29.jsonl
9b207275d625ad87,9b207275d625ad87a8583c231dab78479122d87db7281598abc21c022b7aa4ce,9198d4db951f4f646099d6cf550560301217d4c172ed2aa8a2902abdd93ff86a,artifact,repository/baseline_alignment_20261006/runs/v1/attempts/conv_binary_N8_L16_r0_a00.jsonl
9b35cfa8c46fe2aa,9b35cfa8c46fe2aa0021b30a8e7f6dd376b2b82529f15d2dadfea8eb2359e878,c561a40a4a0e5d9609bde235522bfefd0f054526e09c0539438445b2ef4c6a70,artifact,repository/baseline_alignment_20261006/runs/v1/attempts/pari_cyclic_N8_L16_r2_a00.jsonl
9b3c4ca8c95e6c47,9b3c4ca8c95e6c47a768d7787297026a6d91127ee868bba1feca52063d6433d7,fa68bd9197bf56e4499a4d44ce10ff74c8cab074292d8b05655d4581056d79bb,artifact,repository/baseline_alignment_20261006/runs/v1/attempts/kronecker_binary_N16_L12_r1_a00.jsonl
9b4a94d8dec5e134,9b4a94d8dec5e134fedadb194c1d65dc4e96cb2ab22b39383d615ce82a0b095c,3b0ba353a2cb1d6c9b50883a1dd366d9b087d9d90933a088fbd54d20c163a38d,artifact,repository/odd_rank_benchmark_20261006/runs/v1/attempts/N8_L3_ordinary_new_r2_a00.stdout
9b67b14ad178aebd,9b67b14ad178aebd16a262d9fde2c9f6d22f67dc913eb6dbab37299fcd0d860f,919dcac3216b9cb7b306a75b460b6ed8cbcee0b0e9fe56ae0037fe0b9f640b05,artifact,repository/baseline_alignment_20261006/runs/v1/attempts/conv_binary_N16_L16_r2_a00.jsonl
9bb1021ce9c38e4b,9bb1021ce9c38e4b2eb3e75bb490903b73a5caba0e9e8a4f31d4748b084ed364,dfe8abd6962a9b3d58f78aa5fabab953b51b1c67252cadf94cceb0bbd02778c6,artifact,repository/baseline_alignment_20261006/runs/v1/attempts/pari_cyclic_N16_L6_r2_a00.jsonl
9c155dff87c0fb07,9c155dff87c0fb07d7cd79b4852ccd260ba1f2638bf6c18bab416ba7d62322b8,b0115aacbc64d00743c3ccb4a292781c732a1570f8f074c24e084defaa6c5a2b,artifact,repository/baseline_alignment_20261006/runs/v1/attempts/pari_cyclic_N6_L12_r2_a00.jsonl
9c506b1f3f85f444,9c506b1f3f85f44448dfd653098de697924df3e3b6b55c2b9851676b73c9e966,68222004be4ce61076d642cda8a5c6b4b5aa46965af1c8afc3072b1e98216a8e,artifact,repository/optimized_pair_20261004/reconstruction/rank_extension/runs/rank_v1/worker_32.jsonl
9c517309a231e650,9c517309a231e650973f244638368bfda18828dc53445bcd94614175eb77ebf9,06b5ace07119cfee381a0f3a186ba65c59740a75e832013ac8c6dbdd4ce2bf6e,artifact,repository/baseline_alignment_20261006/runs/v1/attempts/kronecker_binary_N12_L16_r1_a00.jsonl
9c8416dc29608312,9c8416dc2960831270c4a16ac4661a1049aca99f69fe6825cc5aac820930d321,01bd87637a6d74f77675c25648ca25bcd37916ac7dd06fd6f3c1418a7a91c769,artifact,repository/baseline_alignment_20261006/runs/v1/attempts/pari_cyclic_N4_L16_r2_a00.jsonl
9ccc1033705b64d6,9ccc1033705b64d63c547a67cef84001fa48e34123b3ef6772315d8bb1ce65ff,54d32f53c33567394758d83112abb396d19ec1595bcaed60f1413148c30b9684,artifact,repository/baseline_alignment_20261006/runs/v1/attempts/fwht_N8_L8_r0_a00.jsonl
9d429421b545115c,9d429421b545115c10f9cfda4d87cd3410a2df0f1a93f722c147c22ada1601cb,fed87d1fd681848b93b29578bb7177f54765e980ab0568c263416e6e8ff181d2,artifact_extension,repository/even_rank_extension_20261006/figure1_extension_evidence/matrix_raw/00711_formal_N24_L12_ah_block_second_r0.jsonl
9d48557a09dbcdc2,9d48557a09dbcdc2e52de78d13cf196bdf3cd59106bc41cd2bef564db7374ef6,f99bb8aca6efe26213affc7884b7ccde603ff7f1b310a5f350a159fc2e3994d6,artifact,repository/baseline_alignment_20261006/reference/attempts/00654_formal_N16_L16_ordinary_int_r1.jsonl
9d6c6942d4f7b1e7,9d6c6942d4f7b1e7dc7a6822f2a788f4fd07364f2e14c4b97dee852958ab6962,657df20768fdcc825a82f2a5b9d4d84494241ea81e85566ad9de5b6479463bdb,artifact,repository/optimized_pair_20261004/reconstruction/rank_extension/runs/rank_v1/worker_33.jsonl
9dfebbc9f1b87370,9dfebbc9f1b87370fba27f32a3d2771a5dfb37fb1e14b4b4b12b1ce747142373,136aff983e767716e4b10629d486e61ba521d8b21ca8e21d5a775311fd62afdd,artifact,repository/even_rank_extension_20261006/existing_serial_42/raw/00921_formal_N64_L24_ah_block_second_r0.jsonl
9e1860cbf9cf58b6,9e1860cbf9cf58b65c745c1d97fd64dbb26dd93fd0445208e49f384b281cbdd4,4ae84dd4b47202479a6237cce97e197f975421ce3c847a30a6d85c2389e893ef,artifact,repository/baseline_alignment_20261006/runs/v1/attempts/fwht_N16_L12_r2_a00.jsonl
9e6fb0c732bd20aa,9e6fb0c732bd20aa17fe57412433f96e1310ca514635a401d5bf0580dc827145,e6754dd2aa73c2437f82f96a9fe9f8522e9f5e1050fbcf6fa63f4fbd2c397d51,artifact,repository/baseline_alignment_20261006/reference/attempts/00583_formal_N12_L12_ah_block_second_r2.jsonl
9ecb7e96ea026eef,9ecb7e96ea026eef4930f28b034e83ec5eeab88eb5a2be6044985c5236e7da8a,8ab6c19c8cc1b630033d1bc8e782074afa353ea9127f1ff8185645ef0009aaa2,artifact,repository/baseline_alignment_20261006/reference/attempts/00388_formal_N4_L16_ah_block_second_r0.jsonl
9ed667bcd5f5904d,9ed667bcd5f5904d319eb552dc949600dcd1ee9d828b59424adbc055efee3904,2adbfb8c4da07930ba4f37698f91dba5dd9055bcf72e2bd089ec3bfcfd7f6c39,artifact,repository/baseline_alignment_20261006/runs/v1/attempts/kronecker_binary_N12_L8_r0_a00.jsonl
9f14ed077094a803,9f14ed077094a803f234ef79b7841837f0cef3be10b828a4b4a5f5648166045c,9863e756bde1a0f4300688c1ba489e41d39bd1aea424c728735425d7e9a00fb6,artifact,repository/odd_rank_benchmark_20261006/runs/v1/attempts/N8_L4_ordinary_new_r2_a00.stdout
9f796f2e48d2a4aa,9f796f2e48d2a4aa3f8bb09fe0d71f4cfb875372c1f8ed287586a7fbaa6b93de,de35b552dfd97a1e8387af5901d150aa23fce3ff4329c1fbd0733c019b5bfefa,artifact,repository/even_rank_extension_20261006/existing_serial_42/raw/00674_formal_N16_L48_ordinary_int_r2.jsonl
9fb763af4d199806,9fb763af4d1998064a516727770d1a705cc05f8139f0dd6a6b9d9b240ba88345,5abf7d2f0cd0bf10ea1abd4b655a3b3acf63088ea3aa2306096eef497aa086cb,artifact,repository/baseline_alignment_20261006/runs/v1/attempts/conv_binary_N16_L8_r2_a00.jsonl
a0154e86ec3140b3,a0154e86ec3140b3f63f4703b31134d5c1271681f72ee0ca83f3b696c95c3faa,a1fd5be9eebfc02d397834ee766d7b09652db96192bde3b2cc14d346214b4eca,artifact,repository/baseline_alignment_20261006/runs/v1/attempts/fwht_N12_L4_r1_a00.jsonl
a033ab477832d7d7,a033ab477832d7d785c9b7cc260eaa58cae4ea7ba81a93ca91c48962a4054d8d,c0b8fc29e5cbb0253070ffb9969c9e3fb1a0d26cadad23784647ca09c14e9978,artifact,repository/odd_rank_benchmark_20261006/runs/v1/attempts/N8_L15_ah_new_r0_a00.stdout
a04a9dd4c09dc696,a04a9dd4c09dc69636f5c6ea9282fd7e574586a6cd460441fc46e9318b65f66e,7b7c994ba4d22dbbb4337caa5d122dd481a35485bc1bea0ba66ca7b1e176c7b8,artifact,repository/baseline_alignment_20261006/runs/v1/attempts/kronecker_binary_N8_L16_r1_a00.jsonl
a0786903d1145629,a0786903d1145629210226a643daed49a8f27e2c2c0322d0ce04cbf055273287,a6eeda2f5a5a52f63019b63432d9379a2cca2cb29ac06090ce3996be55e65d22,artifact_extension,repository/even_rank_extension_20261006/figure1_extension_evidence/matrix_raw/00702_formal_N24_L6_ah_block_second_r1.jsonl
a0de93097f9139fa,a0de93097f9139fa03099aeea917111a3a7bb84dec07af631c86762565850380,5c6b2df3c78ce914c7893c30bf65f03fb6cf5876181b7a0fc878b3899ca7a190,artifact,repository/even_rank_extension_20261006/existing_serial_42/raw/00858_formal_N48_L24_ah_block_second_r1.jsonl
a0e2cb08efa443bb,a0e2cb08efa443bbf7474b3dfa325eddcb04002993b65147374087b1c43e6219,aa93797976176862785eb6068596ee8b19a0546546c1b01e4b93a63e57728524,artifact,repository/even_rank_extension_20261006/existing_serial_42/raw/00825_formal_N48_L4_ordinary_int_r0.jsonl
a10e1506efb97ecb,a10e1506efb97ecb18a381864d5efcae4a32d985be744fc711c8bad6a9d2ac27,0ffbf4d7c120212b3822201746aac9f5ee62dc7bf67aa0a75cff77f689ecc689,artifact,repository/even_rank_extension_20261006/runs/n36_v1/attempts/N36_L64_ordinary_int_r0_a00.stdout
a12ac45d5cd1e7c0,a12ac45d5cd1e7c054ea244a5852506322569cd8bd2426d31bbc0d36782de316,fe6b45176f000cd549baf06e3b4ca1846a0cc59b8b173a267c4da5a59e1ec2cd,artifact,repository/even_rank_extension_20261006/existing_serial_42/raw/00865_formal_N48_L32_ordinary_int_r2.jsonl
a17ba5da6a9e83ce,a17ba5da6a9e83cef1dd308a3709fd6bbabc2653b0f524e28812f50491178fcc,b99eed5259913250b2e2134eadc390ed00cfa88911e17c0f3c4de56c0a7d19e0,artifact,repository/baseline_alignment_20261006/reference/attempts/00649_formal_N16_L12_ah_block_second_r2.jsonl
a18b90de44dd30d0,a18b90de44dd30d040ad886d19eabb13276d2ec428a5392000720f7527280d9e,833c1fb888f3a7ed06af0ab559976179523eb712b96c37cf7ffbc5f863ec95dd,artifact,repository/even_rank_extension_20261006/existing_serial_42/raw/00859_formal_N48_L24_ah_block_second_r2.jsonl
a20dbb1e33cc5607,a20dbb1e33cc56073f0df9b2622bc25bfe1ea1b336fe0ca83123d45f77c50a37,19b526d879bab7197c35d9b742c19059a7f70fb433f8e302aef9b62c5450ccb4,artifact,repository/baseline_alignment_20261006/reference/attempts/00521_formal_N8_L16_ah_block_second_r1.jsonl
a224f35e969702dc,a224f35e969702dcc721d8c4f5202c02a0c429e9aa4482041fd581702d6009fc,9fb6e8039a3bc2373916d0d7d31985461855d9ef7bc8f53df1368eeecf53df12,artifact,repository/baseline_alignment_20261006/runs/v1/attempts/fwht_N8_L4_r1_a00.jsonl
a248a4385a0d0e12,a248a4385a0d0e12ee1842841eaff0e02e40ae56add826e1057bec35abd39c98,e8e92534f1ca073484529319cf64bb1b3283376b8be86e546489af01b28d3f5a,artifact,repository/even_rank_extension_20261006/runs/n36_v1/attempts/N36_L24_ordinary_int_r1_a00.stdout
a2bde2ee10729b68,a2bde2ee10729b682921f0228d0591623b3ed972e6cf12cb01d0a5efbeb345b0,f965201ea72a4d14f948a9cd495c6da758166f4fa545623f1b5c0913405809aa,artifact,repository/even_rank_extension_20261006/existing_serial_42/raw/00679_formal_N16_L64_ordinary_int_r2.jsonl
a2ea41c9fa111ede,a2ea41c9fa111ede7f40b447e05e798450dd74d22d6ac433383926b2e998cec7,97acd7f82dd383708fc7699d7c669e93950733e283295e5fd89b5bda265c8c32,artifact,repository/baseline_alignment_20261006/runs/v1/attempts/conv_sequential_N8_L16_r1_a00.jsonl
a3026e93a941274c,a3026e93a941274cf89928e44656c5d04d1cda23269fd6df0922f936fadb8341,ab92d7e47f15255e6dd5f3134f9cb11dc65f34ac4919545729facfb67aa39d91,artifact,repository/odd_rank_benchmark_20261006/runs/v1/attempts/N16_L7_ah_new_r0_a00.stdout
a3f33ff865c3d95c,a3f33ff865c3d95ca03729947a2c8d8850699f7d93a1193ca05dca9fcf0b8feb,c8201fd4c9090b1a8598ffca78aa34532becb53abb3da8782637282ad608e32f,artifact,repository/baseline_alignment_20261006/reference/attempts/00505_formal_N8_L6_ah_block_second_r2.jsonl
a450613cfb5ae739,a450613cfb5ae7399a667aa5afbc1cb251f316be2befb672013190faf751a6a3,2d7ab25910fcf13ed8188307cc681acd65d6e46d0bbeca539e290c01ca6364cf,artifact,repository/even_rank_extension_20261006/existing_serial_42/raw/00811_formal_N32_L64_ordinary_int_r2.jsonl
a48ea7bca2bca0e7,a48ea7bca2bca0e7acd0d9287f70f45a389c481f0479de191bcd00d8b01d5585,ae2c66ddec908daab8e963e2decb6b210cbd862c233d50a47086c6070ecb68d7,artifact,repository/baseline_alignment_20261006/reference/attempts/00380_formal_N4_L8_ah_block_second_r2.jsonl
a4c09c886365261b,a4c09c886365261b301abbc12dc716634eb5659099850f7fea0fc8678e7ed634,c4204d2af05873a0ce57bb125cd9ff48c3174fb9d5c203720d0c34f85eaded82,artifact,repository/odd_rank_benchmark_20261006/runs/v1/attempts/N8_L32_kronecker_binary_r2_a00.stdout
a51ff2299b850a04,a51ff2299b850a04e68e6d6b03d8418745b0b7f9365c3c9a70b273ee5849e4df,42d47bb8023c037853cda118cf17f75a1745c95fc7c0c2993bc45ed8564a99d1,artifact,repository/baseline_alignment_20261006/runs/v1/attempts/kronecker_binary_N6_L12_r2_a00.jsonl
a5a647608ba747b2,a5a647608ba747b273dd16c4669f400ebb57428a026d8370523e6c30bb0fa657,34bb2ed7594f9f50272be5a7788a65e0aea70c188a59520d3baecc6dd43b25fa,artifact,repository/even_rank_extension_20261006/existing_serial_42/raw/00725_formal_N24_L24_ordinary_int_r1.jsonl
a5aa06cf88652e2e,a5aa06cf88652e2ed80ffad81d5f53885aad0f15162b6027db5b08c33563c98a,133e46291dc36f7101dc71addf61ffd83f312eccb1e7d8209ceb33c70fc0a941,artifact_extension,repository/even_rank_extension_20261006/figure1_extension_evidence/matrix_raw/00769_formal_N32_L6_ah_block_second_r2.jsonl
a5d4797fdf9c35ad,a5d4797fdf9c35ada3bc821a5991049cedb728d804824a27133ee95c35f3f288,fec3ce8ee38303498039165a1fba3b0aa7e2c4f001fec603d17fbf5b092d5aca,artifact,repository/baseline_alignment_20261006/runs/v1/attempts/conv_sequential_N16_L8_r0_a00.jsonl
a5ed128223de7ac6,a5ed128223de7ac6f03108ca8e58eaba4bac6a076aff12c4d8584fa44d3b1325,a2614435ca27047daab1537c6ae6e54abbb8c6f74cca499069cb3e808651d1a4,artifact,repository/baseline_alignment_20261006/runs/v1/attempts/fwht_N12_L16_r1_a00.jsonl
a61ea7d8d60aac50,a61ea7d8d60aac50dd30ee926e20f77498860a3763f50b499773c0074184e85d,68d3ac04e4b4087abf3a2452b7c9fb1b948c2ec4e07657888ee4a012de154057,artifact,repository/baseline_alignment_20261006/runs/v1/attempts/fwht_N16_L6_r1_a00.jsonl
a66f57d11b584282,a66f57d11b584282a1fdd0676e85dca0c3e5d452e8b792458b31d61f97ed32ab,70cd6f15b9d93871a8ff919604f369be49829beea88737f830e360243e9acbb1,artifact,repository/baseline_alignment_20261006/runs/v1/attempts/pari_cyclic_N12_L12_r2_a00.jsonl
a6fd0afaea2ce97f,a6fd0afaea2ce97f1e368209fbe3f6aecbe530416dbedadc61a0274943f6d2d8,85cf084914e6014ce3c3a61f590ca63d29064f7a78f1fcffbd4254b83ff85482,artifact,repository/even_rank_extension_20261006/existing_serial_42/raw/00929_formal_N64_L32_ah_block_second_r1.jsonl
a7044c4917390209,a7044c491739020989236b33da4a22317ce1e8e066e8855f28c60bce9bc622b5,94fa6db5a64cb38a0383cbde3677bbd7efeba57cab0fcb7b75569fdd2e15b6ca,artifact,repository/baseline_alignment_20261006/reference/attempts/00433_formal_N6_L4_ordinary_int_r2.jsonl
a775ef315d2a979f,a775ef315d2a979fa4199ff03f365a180de2aa8b8ddb4772db0d51cafa3f5084,7589369ab7b0f0f09d1d1848730bd666bc4e331f4900d332d123a2a53f58ac29,artifact,repository/baseline_alignment_20261006/runs/v1/attempts/kronecker_binary_N16_L8_r2_a00.jsonl
a7dc3a5729dc1596,a7dc3a5729dc1596b3a909f2397640a1e01a47f7db784728076c66072e8e86a3,f170e825e198e8d569cf78d150f843bd9d46180d053a7618e97b9ef94a1cb26b,artifact,repository/optimized_pair_20261004/reconstruction/rank_extension/runs/rank_v1/worker_01.jsonl
a7ec8c2572d4aaa2,a7ec8c2572d4aaa26ac4b8365d8036841e94e79fa4b1a897d90c9327c8b05252,3c201a2540187ddac14e5544ddfe98a435011c4ff1d929abe776756ec7af99ec,artifact,repository/baseline_alignment_20261006/runs/v1/attempts/conv_sequential_N8_L16_r2_a00.jsonl
a80b90dcf70e3360,a80b90dcf70e336008339d567dd53ce45da3bf069f82f1c4c3e651d08a5eea13,133c8243297974a6f408766766cd3b0b2fb747dd1433cfb5d388691517822485,artifact,repository/baseline_alignment_20261006/runs/v1/attempts/kronecker_binary_N4_L6_r0_a00.jsonl
a8170342d45a35af,a8170342d45a35af754ae9f48c169dcda905ce17c65b023b9a98d3986d11555d,e17ae40efc12f124cb3a08f0a3433982f42d1d4a5f65249aebb3f7be1862a46a,artifact,repository/baseline_alignment_20261006/runs/v1/attempts/pari_cyclic_N8_L12_r0_a00.jsonl
a843d3e944d222c8,a843d3e944d222c84c1353ce9519e88227b900d2e4b12d835782cd7b1ec33783,5e35bb10a8ed44ce75bbaa62c28666e0364a803a0ac6a03bb09448ea88c7d81c,artifact,repository/even_rank_extension_20261006/existing_serial_42/raw/00797_formal_N32_L32_ah_block_second_r1.jsonl
a89f2a78ac541115,a89f2a78ac541115f71cc0cb9ad7cb8948be3bab70de0cc570a763a14b42cee7,041a3c3491fcf746004039d3e0a006d2eb31a8fef10ddcfb69f8442ad9e7ce89,artifact,repository/even_rank_extension_20261006/existing_serial_42/raw/00720_formal_N24_L16_ordinary_int_r1.jsonl
a8bc16be67f18cb7,a8bc16be67f18cb7e7b0f56e2c818f55122a5b8e0b295bfb3441b580b4c7ec1b,6aba368c2a539c50f9036ce4f0d231601c28ceddd2a072e94373dc84d411d17f,artifact,repository/odd_rank_benchmark_20261006/runs/v1/attempts/N16_L32_ah_new_r2_a00.stdout
a931bf0ac4f705ae,a931bf0ac4f705ae8b882d2a9ac86bdb9c4383039f478d7dd12e136e291a61d4,09161498d1684e7c537b89be136a5de2e3f624c111a8684d76473db45b9168ea,artifact,repository/even_rank_extension_20261006/existing_serial_42/raw/00933_formal_N64_L48_ah_block_second_r0.jsonl
a969113c195d8f7d,a969113c195d8f7da38a99296b5a3da6e6e13271e1a3faede634c9cd927c08ea,4e98e847aaf616a9592b06325aa9fa15534b2ce5a7b1ead5caa8f341db84c765,artifact,repository/baseline_alignment_20261006/runs/v1/attempts/kronecker_binary_N12_L6_r2_a00.jsonl
a9d26f21a2f5c417,a9d26f21a2f5c417ccd0a76a9dd1d1c16b92b5c92208f1ba7fefe95e36b649b2,a98f5791fe76cb5de75f7e2a5935a01397c29ebdedc4eaaab4bfccb8188f139c,artifact,repository/baseline_alignment_20261006/runs/v1/attempts/pari_cyclic_N8_L8_r0_a00.jsonl
a9e342ffa4c9ba75,a9e342ffa4c9ba75d8b5f3859ce01d6a9e072c5796770c5d07b5cb276c0d6062,0856887539b7329d6728c7304e7caa690ab15b9ca12023fc2caf166020d95fb8,artifact,repository/even_rank_extension_20261006/existing_serial_42/raw/00784_formal_N32_L16_ah_block_second_r0.jsonl
a9e3777e788e5740,a9e3777e788e5740bd422eef3a7e76b7c50d64ae9a94b8aebcbf827cd65f49d8,34ad8f91107683322a83b57d3364ac6d418b42c0606d850b8a3116a81b0e1580,artifact,repository/baseline_alignment_20261006/runs/v1/attempts/conv_sequential_N12_L6_r2_a00.jsonl
aa04c0096450fe06,aa04c0096450fe061c675fb3fd6a0f85901c6d61f829353cfddce64bc427732d,0fb03a1150f5dd23ec78e181710af757e5dcfc46b286490bd61bf60e5a920852,artifact,repository/baseline_alignment_20261006/reference/attempts/00580_formal_N12_L12_ordinary_int_r0.jsonl
aa2ff6d81f2b9050,aa2ff6d81f2b9050acd3ba85f5b9fe3e1fea7dc53f85589a338a21083b1105fa,83c0f8b8fd0e821bb8712f552395dd3d217ee4b4fa2decdbc293a55c9c13081a,artifact,repository/even_rank_extension_20261006/existing_serial_42/raw/00802_formal_N32_L48_ordinary_int_r0.jsonl
aa37b7fd3dfe45c9,aa37b7fd3dfe45c908ee6633224fae6e30fd57c56a9774e17a62ef8fad4f01d6,94d351a48dafb4f5e0f6563340e5a6f98f3760e4eff07e82c71d0612a40df2f9,artifact,repository/baseline_alignment_20261006/runs/v1/attempts/conv_sequential_N8_L4_r0_a00.jsonl
aa6dfc3da57536c6,aa6dfc3da57536c6363d1dc86a5b1c61d4edcaa7268d6f0738a970b44c0cb498,cde0b310007f990628d398bebd06c03f4f267b6a393364dac5f9105dfb3b337c,artifact,repository/odd_rank_benchmark_20261006/runs/v1/attempts/N16_L7_fwht_r1_a00.stdout
aa919cb78fb9e834,aa919cb78fb9e834421158fb486bc1afd8d45e0a63a285f0e52111944a1e4ab9,c9771398ae74b68673ca7989255ac14ad5a6ca8b2e8797f44e408506c03e657d,artifact,repository/baseline_alignment_20261006/reference/attempts/00519_formal_N8_L16_ordinary_int_r0.jsonl
ab993cf746fc146e,ab993cf746fc146eaadbad515bd0f476b2d1877f144d5ba57c3d3badf3acfec6,54969849527892e214b2b47972ddc072c40952842705a4284ee27189ba635972,artifact,repository/baseline_alignment_20261006/runs/v1/attempts/conv_binary_N8_L16_r2_a00.jsonl
abcd2ff2e5d18e9b,abcd2ff2e5d18e9b45bce11244bd6ab3f3b5258499c89bb1cd852adb9ffdaf6c,c8825bfa829f2c43a322e80259b958725b76c2490f1b36b9d9402bc060793f9d,artifact,repository/odd_rank_benchmark_20261006/runs/v1/attempts/N16_L16_ah_new_r1_a00.stdout
abf7cf8d6a1405f8,abf7cf8d6a1405f8d3a115085f56ccb2ef84b9bf48cce711bf0e5d8bc40648b2,7d28a5032dfa0aaa7fd8fbbdcd0797809a432ba3fcd6d0dae4f975ce3760aae8,artifact,repository/baseline_alignment_20261006/runs/v1/attempts/conv_binary_N6_L6_r2_a00.jsonl
ac126dd688fe4451,ac126dd688fe44512a4abc198ea4da60fd33ccae937dbd10512752663d4fab0f,cb056a907d0da0aa017918843b38b1ab335d9d3472eea75fb3a56f89c270a152,artifact,repository/even_rank_extension_20261006/runs/n36_v1/attempts/N36_L64_ah_block_second_r1_a00.stdout
acbb1b75996f7cc7,acbb1b75996f7cc7e752338b3879431908919b1cc062d289e9c3a0019022a12a,e022d63136c34f22997ab7349b1a4aea788b77f885df859ebbf0a6b05d0e20eb,artifact,repository/even_rank_extension_20261006/runs/n36_v1/attempts/N36_L4_ordinary_int_r0_a00.stdout
acdbfc734a387226,acdbfc734a387226b0735a8d8b780675baf94aa58b38dae87027665bed876250,1ffdd38ae50e7251670842e74708d36294ee6f711e2224cfc6c036856ef1a972,artifact,repository/odd_rank_benchmark_20261006/runs/v1/attempts/N16_L31_ah_new_r2_a00.stdout
ace9d99c1b37c3af,ace9d99c1b37c3af22695267d0b9583f582450a85c25562b974e637faf650c8b,dcf01d3ea0d0d5845d4b8a25865567d65b636c4f700fc05612ad1e01fa98ca00,artifact,repository/baseline_alignment_20261006/runs/v1/attempts/fwht_N6_L6_r2_a00.jsonl
acfba684e3c4f2f0,acfba684e3c4f2f005fc676c39d5d812092e8d4e07453156d58c2192763265e1,805a267df8925f420a03b5d011684c75bd6c27403f89ba9ef72928ffb21be491,artifact,repository/baseline_alignment_20261006/runs/v1/attempts/conv_binary_N4_L6_r0_a00.jsonl
acff40d466b8fb5d,acff40d466b8fb5d0980fca94e2a196aca33bc932c5da3b0c87a7a45bef9162b,7520dfe299845000f2295cd8b47ec076406bb7713186ac2e88c1bd2e3b4ed25b,artifact,repository/baseline_alignment_20261006/reference/attempts/00441_formal_N6_L8_ordinary_int_r0.jsonl
ad2e6380d716c401,ad2e6380d716c401c733d237dc11c53f0d78e7fa6a8aed9d273c93392fe5363c,c685a2783e27316aeec4fb3883f483358cc2ef557d6f7c156deffc5d9534fbfe,artifact,repository/baseline_alignment_20261006/runs/v1/attempts/conv_binary_N12_L8_r2_a00.jsonl
ad408f8c8c6a68fb,ad408f8c8c6a68fb07fd55887f761f00eeaeadcde8418ecea9d31fcfbfbaf12f,3b687ed58fae394379e5ecf32f073ee27367e1b6e0c57c374b49f4069b71878c,artifact,repository/baseline_alignment_20261006/runs/v1/attempts/kronecker_binary_N4_L8_r2_a00.jsonl
ad4b7a16ed897218,ad4b7a16ed8972183890f7df1f4bf95df39e804534fa6f1961e83a0efc0911db,1cd7917086c156035a979d0e736f0a11ec3315fc5f902ddfd27c17d69762eb3d,artifact,repository/odd_rank_benchmark_20261006/runs/v1/attempts/N16_L16_ah_new_r2_a00.stdout
ad556bb7b4b459f0,ad556bb7b4b459f0f5b7ccd2a6051bd164334e99c3cedb7c6e88057497e7265e,a48be69fc96525c2d41fce02f9f95e66f9d940c9d0a4ff88d2805d9c3337d097,artifact,repository/baseline_alignment_20261006/runs/v1/attempts/fwht_N4_L16_r1_a00.jsonl
adaa51e8b1dfdee3,adaa51e8b1dfdee3c1ecc6c04689a7b494233c05b3eb8bb8928d0814d6983b0f,1c3e40da2e9db8dfdd9598b219c6c6fecd13f52ac2888b9a3ba6b64cae109e9c,artifact,repository/even_rank_extension_20261006/existing_serial_42/raw/00920_formal_N64_L16_ah_block_second_r2.jsonl
adedaf0dee895cc2,adedaf0dee895cc2f38fa5ba454b0fede28591f0d805b9b32d289594da8aa02e,3b1e31aa0d12d4efc8cf2878fc538e4c6362a0b5bdd5df0454483946453fb272,artifact,repository/even_rank_extension_20261006/existing_serial_42/raw/00545_formal_N8_L64_ah_block_second_r1.jsonl
ae01d47c7e085d2b,ae01d47c7e085d2b1cdfb42416617aab9c96897a84f29b5c71bad44815f7dc44,e1dbd0f0ab86b05962e29a6129a9ec7b0035b6b58a227cfcfbde5f0397743e36,artifact,repository/baseline_alignment_20261006/reference/attempts/00508_formal_N8_L8_ah_block_second_r0.jsonl
ae21faab5c5d11c1,ae21faab5c5d11c1f26f17e28917fcd96eea4f4cc05425f6a62d092f3d488298,49dca00396d2d0e151b8ef1287340b2f3f46ff8612e632e25674e0c70427f979,artifact,repository/baseline_alignment_20261006/runs/v1/attempts/fwht_N6_L6_r1_a00.jsonl
ae3a3e4f88075532,ae3a3e4f880755325b3887107c99dec4d7501a6038d22f1acffa3584fd0e37fb,6f013b14417f38174239b5bfc3915e81748ff2078f22c07a487153995578f592,artifact,repository/baseline_alignment_20261006/runs/v1/attempts/conv_sequential_N6_L4_r2_a00.jsonl
ae70c11ca07d0a59,ae70c11ca07d0a59c6e371293d0a4b0ba64ea18ba89ca79cd9eba1d94ffa37fb,c5d2ab2722a85379b58db9aff5c4957e9149a35f7c77d1a83d656411ec4e8d0c,artifact,repository/odd_rank_benchmark_20261006/runs/v1/attempts/N8_L24_fwht_r2_a00.stdout
af1780da1529c3f7,af1780da1529c3f72bc2726bc457fb9fb16cdc3cd2e4007ae02c0d0007d85ec4,cd38f92c3ca1739d54c6f0749dd941e2697a3f360f8ad463eaaef6a9b1972629,artifact,repository/even_rank_extension_20261006/existing_serial_42/raw/00795_formal_N32_L32_ordinary_int_r0.jsonl
af2ec186410ad2cc,af2ec186410ad2ccba6eeba61805946b37e8b259e0937a469ea50d29d492c72f,d3df2027f237c951e174f878db7acb6379699c0b1d4ea17e7b2101c7cb9c4859,artifact,repository/baseline_alignment_20261006/runs/v1/attempts/conv_binary_N16_L6_r1_a00.jsonl
af72c0bba5ad3dd8,af72c0bba5ad3dd87bb6ebf6e0581c792140e14a713214ca7d02833351e8dcce,50f873435df78e713128cd1c77b4b5323b59f5872b5eb0f3a7a167d8be8591e0,artifact,repository/even_rank_extension_20261006/existing_serial_42/raw/00546_formal_N8_L64_ordinary_int_r1.jsonl
af84d2f7538c5080,af84d2f7538c50803bc955f4b09e13b2fde648ec05cc20bab25b6072ca842aab,3ee60d07fd436366a53927b31935ccf146dc3bf1de06e28fc7e5338741c4e2f3,artifact,repository/baseline_alignment_20261006/reference/attempts/00376_formal_N4_L8_ah_block_second_r0.jsonl
afa6c96e3cb3813d,afa6c96e3cb3813ddd85a7d11cd77a8e6b9fc15085b09ab2bcf3a59928f4fedd,23ed1a42b374679bb2e2d23ba7a2eddff018516e7b1b12c6dc563a33cba941f5,artifact,repository/baseline_alignment_20261006/runs/v1/attempts/fwht_N6_L12_r2_a00.jsonl
afebebd63f74ed19,afebebd63f74ed192146ccb81125b6e64751010a2fdbd38b5561411021daa6b5,aa9dfe6f72f37b2f8245e8ebab30ffee897f3c7e2c66208c7a37cf199e19fee8,artifact,repository/baseline_alignment_20261006/runs/v1/attempts/conv_sequential_N8_L12_r2_a00.jsonl
b0f4df554f9823b8,b0f4df554f9823b88229278932c990ac20c2307b459699ec5ee30fd646c2e7ec,0a758298e9135ac05cbe3a7489412858cdc64fed6ca6c4f7dca2b3476db88f09,artifact,repository/odd_rank_benchmark_20261006/runs/v1/attempts/N8_L23_kronecker_binary_r0_a00.stdout
b13566409f8f6779,b13566409f8f6779db087004342d377e86c9fd79b1091499122498d5547e9424,e560e4f4c57cd14b925ce5b2f27d4e19379ff90e35de7f8721408f73e12d3c9f,artifact,repository/even_rank_extension_20261006/existing_serial_42/raw/00736_formal_N24_L48_ordinary_int_r0.jsonl
b146a514d3e34a24,b146a514d3e34a244cab59347d619238a43ee7ab3aec4c48ab09430e2f3b2ba2,7213aa2ed7c71ba1a42713d09a645c7c76193aafa510a1f1d168a6462ae90a63,artifact,repository/baseline_alignment_20261006/runs/v1/attempts/fwht_N16_L16_r1_a00.jsonl
b16194b9cefa0b78,b16194b9cefa0b7810a1932ee1114b35bf879873edbcbbe61a1c53c5508c34aa,066cbb516559554cb1a10d833438f7fc2d12b970cb34efaa7be397f721fe8d4f,artifact,repository/odd_rank_benchmark_20261006/runs/v1/attempts/N16_L15_ah_new_r2_a00.stdout
b16bd5a4040160ea,b16bd5a4040160eae22de98dea2f85805cd96cc0f30c2cea87d2c4c6e2998e9e,58a0d901d695da284f57239416cf6b9f2030f021ff2e93572bd4d39cbf690feb,artifact,repository/baseline_alignment_20261006/runs/v1/attempts/pari_cyclic_N16_L4_r2_a00.jsonl
b196ce6f6a4fce35,b196ce6f6a4fce357a81ced2fe4b4340902e4e2dbb2951d4c5069ead7dab7774,456fb07930e2cf98db1309af8fd830761aead2359c504726e7d989da0d55d6d7,artifact,repository/baseline_alignment_20261006/runs/v1/attempts/kronecker_binary_N6_L8_r1_a00.jsonl
b1991772fb7aca57,b1991772fb7aca57c4eeebff076099aa7ed05ce2193c7c0b4ba4423657ac1e04,dcacddfad8518320ab181f998cd2b10761e506a40b13a1753fe01fe4955f7bac,artifact,repository/odd_rank_benchmark_20261006/runs/v1/attempts/N16_L16_fwht_r2_a00.stdout
b1a3e59cfbb7f292,b1a3e59cfbb7f29258acc195db30024a87dea5142ea3fa2a952b3f916e7a2cfb,cef2841b159b980b504cd488b5a324f0cd95db949190cedd3b5c3e5846327462,artifact,repository/baseline_alignment_20261006/runs/v1/attempts/fwht_N8_L6_r2_a00.jsonl
b1e18ad91fa03cd2,b1e18ad91fa03cd22185d5ed749672c9a775280faeb083c6a11690dd91da2753,87f3b2279a17ed4f55f9d420d6189e2f831149e738a4bb1237337559e63cc516,artifact,repository/baseline_alignment_20261006/runs/v1/attempts/pari_cyclic_N12_L8_r0_a00.jsonl
b1fa58e387abc347,b1fa58e387abc347440b99be168e907f755b9c419c5fab1a40781cdfc03bb194,c639a8e7b9efdc1311ffb8e6ab18963e265c6a3173274c420d3c2195b54e1ed2,artifact,repository/odd_rank_benchmark_20261006/runs/v1/attempts/N16_L8_ah_new_r1_a00.stdout
b230cf8460434342,b230cf84604343428bc167d687effe8d1d1bfa31c08e0f34824147e917e1f586,0789a9ce43a63e1bd6bd46bce6a51bfe244c7698b9d5d28e60bf38564615f738,artifact,repository/baseline_alignment_20261006/runs/v1/attempts/pari_cyclic_N6_L8_r2_a00.jsonl
b250e703a7208314,b250e703a72083141a34d8fd8592040b5c587eccfa16bc9473ee649d0aa08427,ddcd4b85b5822f9d76128ff2443bdb2248a97b092573e4828271216d76deab1e,artifact,repository/baseline_alignment_20261006/runs/v1/attempts/kronecker_binary_N16_L12_r0_a00.jsonl
b28198ed623baff8,b28198ed623baff84b3d008d929d4bfb5bc216bb641c9b85fdc3d6bf48b7db8d,ab76d27783ed06337029e60162326ac10cf6805059dbddec1430bb8ba1f2eea7,artifact,repository/odd_rank_benchmark_20261006/runs/v1/attempts/N16_L4_fwht_r2_a00.stdout
b2871fe666397543,b2871fe666397543732d3ce73250b77faba4ab9146a94ca92c6db53cd666b469,a3dbf1d37f5d6d77afe4d45e55ce3a16285389e8fd5697c0e3dc4fabb52f36b5,artifact,repository/odd_rank_benchmark_20261006/runs/v1/attempts/N8_L15_fwht_r2_a00.stdout
b28790223e2a62a7,b28790223e2a62a707044ac0963a8785c02d1984573b0ade03013c09e4f11f1e,36e117c15783e9e6a03227fcea1a2a98534e760bf6cf8fca1208190a89f6c8f3,artifact,repository/odd_rank_benchmark_20261006/runs/v1/attempts/N16_L8_ah_new_r2_a00.stdout
b29293752361b8bb,b29293752361b8bbdf8f753a39cbf0bc208312d27c3546d8771b6db422b62321,74954e7936c0bc691ffdaf04ba9df9883098852a5f56c2a0c4a1871fb4708b90,artifact,repository/optimized_pair_20261004/reconstruction/rank_extension/runs/rank_v1/worker_17.jsonl
b2a785721b468e5d,b2a785721b468e5d9ea19906809de2baca67b7c07f32eafb1988115511449491,bbb1b8e78c033da1a21e1e03e6832b316610aaff19c4b2faa5f4070d5dd035c7,artifact,repository/baseline_alignment_20261006/reference/attempts/00391_formal_N4_L16_ordinary_int_r2.jsonl
b2cc39e6effb6bef,b2cc39e6effb6bef80fc94e01100bb540f1e7e28537cd65bfb352e03cc86d4d4,7c9e718d924f9cc55caa77ab225149c5f53dc8bd3a440c6fbd78ea4db548a653,artifact,repository/even_rank_extension_20261006/existing_serial_42/raw/00730_formal_N24_L32_ah_block_second_r0.jsonl
b2dd3805137a763a,b2dd3805137a763a519bef736916937fc2c9b9c7a796f1759111a4c52b4d6656,47de0051b23935cc9e656227a0ad7e198c53e2582f47bbb1209ee43cea523258,artifact,repository/baseline_alignment_20261006/runs/v1/attempts/fwht_N6_L12_r1_a00.jsonl
b2e9ec6603e5905a,b2e9ec6603e5905ae57e76a2539ee2a243a6a9fb75a1402ab727730558f874b8,bb7acebedd683b9ce4af2755d97fa16c59afd358054b6929c32cf0e4d2eaa1d1,artifact,repository/even_rank_extension_20261006/existing_serial_42/raw/00525_formal_N8_L24_ah_block_second_r0.jsonl
b2f97100ed835ce3,b2f97100ed835ce3478a0db6cbd5b89ffd53be656387973b5e73301e9f17d600,db5734c8df049179452049040abb651a3754df4c0022be22a384f28c417fa1ab,artifact,repository/baseline_alignment_20261006/runs/v1/attempts/conv_binary_N12_L12_r1_a00.jsonl
b3169cd5b9f076a4,b3169cd5b9f076a498bf9ba7f29eda9acb2b778fef6b590d33d48462748d4e21,ca3f51b2c5681994edd147120c654fdedb8c579779afe5e0d28ea4464d516745,artifact_extension,repository/even_rank_extension_20261006/figure1_extension_evidence/matrix_raw/00914_formal_N64_L12_ordinary_int_r2.jsonl
b39ba350560528ee,b39ba350560528ee8ecc6992b52972a050ef33a4b5ae5de411a319823a950787,0ecba558d355b27f4e9e6ac292959baa303c74b637038311542ece70a13767d8,artifact,repository/baseline_alignment_20261006/runs/v1/attempts/fwht_N8_L8_r1_a00.jsonl
b3d42c437b4bfc99,b3d42c437b4bfc9925445b074709b144b55449a228e4bc9256c2a4ecdd3304a7,45491d36210627206bf6b0eed4a418cddb71965acffa277cae2a6f1d2553d552,artifact,repository/odd_rank_benchmark_20261006/runs/v1/attempts/N8_L32_ordinary_new_r2_a00.stdout
b40919d75b685048,b40919d75b6850487a4543446af555341a52d6bd776b235a12d0664f15207f9b,fd2da06f58208a6b6a23756e59341c3df62ebd1a0abb38d167b3849e5c7c7276,artifact,repository/baseline_alignment_20261006/reference/attempts/00504_formal_N8_L6_ah_block_second_r1.jsonl
b462addddfa9fc07,b462addddfa9fc0746a779fc6fcb6598d6547e4646ea94f9c4ae832ee257d90c,4297095b6e633e616235468959d24c91a100ff76778d5c9363cf1f6233fa3079,artifact,repository/odd_rank_benchmark_20261006/runs/v1/attempts/N16_L32_fwht_r1_a00.stdout
b49f43c929972d43,b49f43c929972d439a28b264c42e5d24976655bd6009fbff5e1b9c4ee4f8426f,99f4c0ff021048f8668d9997c19db4e8a05b1e84e381a99c57614278f99638e1,artifact,repository/baseline_alignment_20261006/runs/v1/attempts/conv_sequential_N12_L6_r0_a00.jsonl
b4bd037a78d99a73,b4bd037a78d99a731c8d80c0405fd7f4a71ed9aca33997225e9da654dca44d71,41f0114c0161db92d5480589a5655de78e11a507fcd26ea2c370a64f9373b6ac,artifact,repository/baseline_alignment_20261006/runs/v1/attempts/conv_binary_N6_L16_r0_a00.jsonl
b4c5e03410847da3,b4c5e03410847da3621e68d5f6c44f9f0b80caafc3a8eefb22518a7be2f2c3b0,1146b43e485421c1ac28aadc269df0d7417723221fe4eaa8eabb766804d806a7,artifact,repository/optimized_pair_20261004/reconstruction/rank_extension/runs/rank_v1/worker_27.jsonl
b4f5f6d07435decf,b4f5f6d07435decf8c9b75146039aa66f1d42e143b453a16d55f170244ac41c5,f6252df93be3174f9c6fc29587c72e7c6a852dd82264f1488e4de132e13df022,artifact,repository/baseline_alignment_20261006/runs/v1/attempts/conv_sequential_N16_L12_r2_a00.jsonl
b52ee8aff443b4fa,b52ee8aff443b4fa30837a9101f41030b6f1611dd46e55894f85bf3e716628cc,dc30abbe390baa5eea5db7de20325697243c731bc86628a8021bd43d813e10b9,artifact,repository/baseline_alignment_20261006/runs/v1/attempts/conv_sequential_N12_L8_r1_a00.jsonl
b58c180666805885,b58c180666805885c9df4d257d791043f203db3f8b378fbf6a13ca56701fe4df,80edbcd464da84693324d986fb586df9fb773bdc3262575c60f9bf0b35782f51,artifact,repository/even_rank_extension_20261006/runs/n36_v1/attempts/N36_L16_ordinary_int_r2_a00.stdout
b5ba014f5a6e91f9,b5ba014f5a6e91f9f983459400deb32b1bf2f58cae5eff091f8c0d552180826c,28e0f5973857e74923deb462cf87d85d1637fc10599abb36892b0bd31053c15a,artifact,repository/odd_rank_benchmark_20261006/runs/v1/attempts/N8_L4_fwht_r0_a00.stdout
b5c7975013a13a75,b5c7975013a13a75bd8a824283cc8b31a39530a5cc924f27894108251a4a0e7a,1888c929d4c4226706f577164f0c550c1341742eadfa8de8990f3a8924d80299,artifact,repository/odd_rank_benchmark_20261006/runs/v1/attempts/N16_L31_ordinary_new_r0_a00.stdout
b5c989a1e7bf6213,b5c989a1e7bf62139ff48f9b7826c537051c56bcbaf701512cce7d07d5dbd2de,45a34fbdfcfe0613e33b9060a431d52b3a175caf852fb912c25b178c1263a19a,artifact,repository/optimized_pair_20261004/reconstruction/rank_extension/runs/rank_v1/worker_08.jsonl
b61a9f0a993b857f,b61a9f0a993b857f51da123db27563f2a1462ec0cc2696971165d2a9b7f074c9,642d3a6c27f9e3a22d0dae6215757248eff785382d04b070f6c02177e3609c97,artifact,repository/baseline_alignment_20261006/runs/v1/attempts/conv_binary_N16_L4_r0_a00.jsonl
b688ce980f7269f5,b688ce980f7269f5063b07e86ad09927728d21ef6571814eeccbf03f0f9c5579,1cbe968db99ddcf1221cbda5e8350e8d6a040ff20f20b5f28d159ee773288b20,artifact,repository/odd_rank_benchmark_20261006/runs/v1/attempts/N8_L16_fwht_r0_a00.stdout
b6a53144b0b8e112,b6a53144b0b8e112b3e5eb5c84722170b7f7f1fbd4141289a578b9f2761cde51,19ba57ba1db6e14e95b5e13a702fda5ae57af75210cc3dbe75423895f9013037,artifact,repository/baseline_alignment_20261006/runs/v1/attempts/conv_sequential_N6_L16_r2_a00.jsonl
b70446f6353f33d7,b70446f6353f33d7edc5d34dbc47c33514e69465182811faf74448b7a6d3b986,f1bdca191706efc86fb768ad3ec4c20546eb02a7aaeb58000ebc1facb3c2d59b,artifact,repository/odd_rank_benchmark_20261006/runs/v1/attempts/N16_L3_ordinary_new_r0_a00.stdout
b70e8a1c9b615020,b70e8a1c9b6150206db82d3e77c9331737d8e8cd830d97863110dd188e2be3b2,e79c87555f6fe16817d3bdff45a7368d737258ec926a2e8f6fe4a00bdc02d65a,artifact,repository/even_rank_extension_20261006/runs/n36_v1/attempts/N36_L8_ah_block_second_r0_a00.stdout
b7399d04c0eb9903,b7399d04c0eb990350e3544ce3a6d5bb44cb8d7dc126a7acbadcc2cd9a7b8422,7f3cae9b8d09312b5ce3f7bf9c6204f4566d65e1ea2de4c2bf0b9e33f09a619a,artifact,repository/odd_rank_benchmark_20261006/runs/v1/attempts/N8_L8_fwht_r0_a00.stdout
b751694e7781d48a,b751694e7781d48aacc8cd052b8183bd44194cb3cb4bd53fab90666f17c3194a,6d48d45161411a36c0f6d09fc9d4791beff1c9a8ad0aac6cc2d03859574ad432,artifact,repository/even_rank_extension_20261006/existing_serial_42/raw/00726_formal_N24_L24_ah_block_second_r1.jsonl
b79bae1c7f68e338,b79bae1c7f68e338be22ad45436e158754549eb67c2ae9bc0d8ae653c400d526,6a303e797647b68a8ed5ba8183d5cc0d3bedc4d72188fc9bc505fc62fc8d6352,artifact,repository/baseline_alignment_20261006/reference/attempts/00588_formal_N12_L16_ordinary_int_r1.jsonl
b7a25bfd38250fcc,b7a25bfd38250fccff4d6a4203b54b087eb27750ce2e5efd3a38ed5874a6d102,88a0c38ed45026962f2d65f03830d6628438e1cb0332fa517a4fe58837329fc9,artifact,repository/baseline_alignment_20261006/runs/v1/attempts/conv_sequential_N6_L6_r2_a00.jsonl
b7df13eee8d29365,b7df13eee8d29365ea94858b99de1486526e837c2d30381fa0f6bf97aeb83961,08818222ecb7979f9158df9826c45229fdbad9b2e9d929135332e096aabe78ea,artifact,repository/baseline_alignment_20261006/runs/v1/attempts/fwht_N12_L12_r1_a00.jsonl
b7e31854988df7c7,b7e31854988df7c7eae4af0e6da2d78e1bbd42e4c1d734ef7348fe6f687e9499,3b854c4d47015f35354b888afb45200c559cd8b0c25d24868b8208e0890027b6,artifact,repository/odd_rank_benchmark_20261006/runs/v1/attempts/N16_L23_ah_new_r1_a00.stdout
b81e1f477e58f632,b81e1f477e58f632c8b189e1d5745ed43277785e70c2b155967e1a3e693c9a9c,627039a713dbc4b73abee9c040f2b35b851787ba73b1c8d6ce37ee3fe002e6a6,artifact,repository/odd_rank_benchmark_20261006/runs/v1/attempts/N16_L23_ordinary_new_r1_a00.stdout
b839128f65b92f74,b839128f65b92f74ddd950ec4a67508ec1f1defc38f8297861ff7037c2e3dc23,12eb19c9d440babcfeb61aed8f46490d20d15f9043f16a0289fb64dd809de27d,artifact,repository/optimized_pair_20261004/reconstruction/rank_extension/runs/rank_v1/worker_21.jsonl
b83ab1dd01489506,b83ab1dd014895061076720472d2ca78dd9e5b36b65654988e19f867d880303c,1094fa4bdaf190fbbca3273ea04c4eb8f767e41e170837c12be1a504a52d0e4f,artifact,repository/baseline_alignment_20261006/runs/v1/attempts/conv_sequential_N4_L12_r1_a00.jsonl
b85ca35dd36b4f38,b85ca35dd36b4f38bff085889c50a919048924c7762b18628fe470b5f44705fd,a391582a7decaf264ed7e8c1d1dc2604b295cd56cb90d97610c495920d19097e,artifact,repository/baseline_alignment_20261006/runs/v1/attempts/pari_cyclic_N16_L16_r1_a00.jsonl
b860fb8c4636d0a2,b860fb8c4636d0a2fe89e2a83b3bebf7cdf2f7126b939c5d38763dde00b4ab29,4a854f769983cbc4bed8af3e0850a579aa3469e6592faed1d0cb3ead049afe01,artifact,repository/baseline_alignment_20261006/runs/v1/attempts/fwht_N16_L8_r1_a00.jsonl
b8a665cce591562f,b8a665cce591562f752a4402134dbae8064a6b35e73ddb2b9f3005e4784a686d,b170784a025391a7417105a63e5838499be692de718a7d08b806ca8fcaebb089,artifact_extension,repository/even_rank_extension_20261006/figure1_extension_evidence/matrix_raw/00704_formal_N24_L6_ordinary_int_r2.jsonl
b8eedf5de92ab204,b8eedf5de92ab204d154769acf767921fe3f9929bd3966060bb9ffb6ab0ada0e,5bc60a170a6119b67c2759c1d453742be3c1e9fa028b28f762ee6f383e6344c1,artifact,repository/even_rank_extension_20261006/existing_serial_42/raw/00773_formal_N32_L8_ah_block_second_r1.jsonl
b91adb05fba61d55,b91adb05fba61d55efeeb9c76dfa0fe54b32958b6dd75b21a9f139ce2246c9b1,0c42bd1a26347231061f5055607ba898e56ef9314271675eece85d20269bcd3e,artifact,repository/baseline_alignment_20261006/runs/v1/attempts/kronecker_binary_N12_L6_r0_a00.jsonl
b9710404a35ddfd6,b9710404a35ddfd60e6104d111f2edecf6850b17f41cd7103654aa26e979e178,21a99ae2a5dc68d38e8a71d89c48b4e24bf9bf2d53738a2ac3e2b8a9f1459aa5,artifact,repository/baseline_alignment_20261006/runs/v1/attempts/fwht_N4_L12_r0_a00.jsonl
b99a1241677a7303,b99a1241677a730391f7e8eacbdd8ffb6a8a49e3fef6c64ab278225875dcf887,6dcfc49877e3bc750c0375954decacb4ee19c9a38b4f398c8d1778b84b61d33b,artifact_extension,repository/even_rank_extension_20261006/figure1_extension_evidence/matrix_raw/00913_formal_N64_L12_ah_block_second_r2.jsonl
b9f844e00a744735,b9f844e00a744735a0466dd2f5cf05ef613d4a7250330b651bfa0f7a34a6474f,ac30772d3bbc0db686433b2fa7745106e563d84b46eb12992a703a70663d2e8e,artifact,repository/odd_rank_benchmark_20261006/runs/v1/attempts/N16_L8_ah_new_r0_a00.stdout
ba202d9ae6aadc21,ba202d9ae6aadc212431328733ddabe0cc7c9672e838f696b3c340966347dd1f,072369b8df073c6792e430bfdcae0faf747a56a6d0f0c6550ffa6d0c77f4d6f1,artifact,repository/optimized_pair_20261004/reconstruction/rank_extension/runs/rank_v1/worker_13.jsonl
ba5f03c5cf3ccd17,ba5f03c5cf3ccd17c799cd22e64f2363eb1da5d02a7551434954734d8752bf5c,b91a121a0d9ba2ebfb8fd831462f9dc2fd3c642dc0ec1f2b5776ed957c21a466,artifact,repository/even_rank_extension_20261006/existing_serial_42/raw/00661_formal_N16_L24_ah_block_second_r2.jsonl
ba883ac592872132,ba883ac592872132f21e8094108246b46f23ee5f4a5ae0b895fd69809757d4e9,bdc8076def13c7770b858912ac59ad8b446a5d611d3581e25ca841c3ac6e5749,artifact,repository/even_rank_extension_20261006/existing_serial_42/raw/00528_formal_N8_L24_ah_block_second_r1.jsonl
bad79639e32d1544,bad79639e32d15444547199cd6ac085244d333ddfb203ebf24fef0379471caf1,6e57163f51bda3129740ee2da0c6ec31773634357c7f174c1b8e3ed133798d19,artifact,repository/baseline_alignment_20261006/reference/attempts/00456_formal_N6_L16_ordinary_int_r1.jsonl
bb790b438a5a808b,bb790b438a5a808be24a6925dd991ef61a512eb17a03ef8dfd5e1a005a640022,095e70d7726bf68c676beb4406e92f1aa88214916dd964850cbc3c2c4dae79ad,artifact,repository/baseline_alignment_20261006/reference/attempts/00496_formal_N8_L4_ah_block_second_r0.jsonl
bc5846a93f92a943,bc5846a93f92a943d9eac1160395075249c8cf18671d78d004debecbad262858,4fe0c11ef72a387052ff0c07c8d52471ee7dce14e43cdf34c9dc38929dbf6572,artifact,repository/baseline_alignment_20261006/runs/v1/attempts/kronecker_binary_N12_L4_r1_a00.jsonl
bc8e9fd062b74219,bc8e9fd062b74219e87ab0cd58128ecfd6b91cb7efa6950f458e52dbfd64dfac,4965bf3defaead56c84cf6b9eb8b0bd243a41be92a2f5ce66df3a83f519e87d8,artifact,repository/baseline_alignment_20261006/reference/attempts/00368_formal_N4_L4_ah_block_second_r2.jsonl
bd5f338ba097a426,bd5f338ba097a426377c14ff3af3aabfa84ae8b57b79324c8f5a22865dfae087,2e065592d2397957b3cf36571fcefc068d8576da26c9aec59747c92ad3f13cf6,artifact,repository/even_rank_extension_20261006/existing_serial_42/raw/00864_formal_N48_L32_ordinary_int_r1.jsonl
bd8eed4c4a6e3e81,bd8eed4c4a6e3e811daef9276bf0e4398011fa2347be1ab2cc456fc42cedf0a5,d50156a1fca7e5cc585c2f80caad266ed7d02e03dd39197112bf8606647b8c11,artifact,repository/baseline_alignment_20261006/runs/v1/attempts/pari_cyclic_N8_L4_r0_a00.jsonl
bdbe407148adca84,bdbe407148adca8448e8ae68f69367d408fffa5cc25f7464f37ed274092f2014,71e0bf73f8b2855e113ef066eaed592fdc4544606effc4d2088c18903432c990,artifact,repository/baseline_alignment_20261006/runs/v1/attempts/conv_binary_N12_L6_r1_a00.jsonl
be1c693574569e74,be1c693574569e74266e83b21c15a138c89bdffcbdf18d449815345460f24b68,06c1d6503313f52885a9b560cab92fa1cc16e15dfeb11a7b041abe7d01824272,artifact,repository/baseline_alignment_20261006/runs/v1/attempts/conv_binary_N4_L8_r1_a00.jsonl
be77aad2424a67bf,be77aad2424a67bf18f3ad9d9f4b6615f517e467e8dc9335043e843466db53b9,cc43839b07bea77dfdcd31d255a08436c9d14b2faff57102a19e1be46edeb581,artifact,repository/even_rank_extension_20261006/existing_serial_42/raw/00841_formal_N48_L8_ordinary_int_r2.jsonl
bf10afd77ffbfa9f,bf10afd77ffbfa9f04fa86cc05a3b20e6af2a19049ce5a41c672975ff00b7e8b,c71a1806716c54a2a2e31cacf3b7728bc8ab91ab6e69c6812f85e036eeeb2cd3,artifact,repository/even_rank_extension_20261006/runs/n36_v1/attempts/N36_L8_ah_block_second_r1_a00.stdout
bf252695323ae8c4,bf252695323ae8c4638d1cf546a21c33aaa3f9606cd5daeece21cb4754eb0514,14db1a9c07b7e44a52c23126ada5238647ae6c850bc212b58de1a1aefe3b06d0,artifact,repository/baseline_alignment_20261006/runs/v1/attempts/conv_sequential_N16_L6_r0_a00.jsonl
bf4edab1bb818bc9,bf4edab1bb818bc960d17d44f50687a6e9e19168d320f6d0cf81d44341e2903e,86c3cfa3ef8dd11318e95b185a5122e8d234998ceb3be4554115b27a6cef5fe0,artifact,repository/baseline_alignment_20261006/runs/v1/attempts/conv_binary_N12_L4_r0_a00.jsonl
bf7f75a23cb2d6f4,bf7f75a23cb2d6f4d86652c097f3b9b5f91d95d52a9a149282529cf9cdaec469,b49417baeba449a1de42a806aaa1b19eab79ea30d433c113bd0240227d9e0ea5,artifact,repository/baseline_alignment_20261006/runs/v1/attempts/fwht_N4_L12_r2_a00.jsonl
bf9717e744876ca8,bf9717e744876ca8696c6784c8516ce728bf7a4b93c56f36d91630508c5be241,8fc5b718a6c531e5c41df117a5e0bdb0fd39eabd9f7c766356775c8f3a7adb4a,artifact,repository/odd_rank_benchmark_20261006/runs/v1/attempts/N16_L31_fwht_r2_a00.stdout
bfa1520cfc769fc2,bfa1520cfc769fc2714330640be0ccd9f6b565e619612c8609a9dd287e5b62c7,f6871fe53d7dd15f3bd0bb82cdbbd7dc9f530a20229b5938281e0eb05789d642,artifact,repository/even_rank_extension_20261006/existing_serial_42/raw/00839_formal_N48_L8_ah_block_second_r1.jsonl
c030ec98c2483bdb,c030ec98c2483bdb2a3aed1ee5bf8d27d0a9331d92af368a9cd08968bfcc21f0,f7538245226601e760e7f6667632bb19b08c0cba616a9c086fb287a2c0d4d465,artifact,repository/baseline_alignment_20261006/runs/v1/attempts/conv_sequential_N4_L6_r1_a00.jsonl
c06ec856efcc23c1,c06ec856efcc23c1c2949d9490ed55dcb9aae82eb4202c9259499a3929c07b94,a7cfd9f85373160dba2767cf9d93c6a6138d57bfeee7600e54464c9fe4686103,artifact,repository/baseline_alignment_20261006/runs/v1/attempts/conv_sequential_N12_L16_r2_a00.jsonl
c08e243a1d959b7f,c08e243a1d959b7ffbbaeb8e51ea3dc4eda354281f062f046d43f19d6a17586a,a031ce006b0faeab051f582ffdab2dcb8964f55ae0cec2b42efd2ec02582427b,artifact,repository/optimized_pair_20261004/reconstruction/rank_extension/runs/rank_v1/worker_05.jsonl
c0b2adbb56831f7c,c0b2adbb56831f7c74f1a00c355e6c9714b06c7391670742a3757a0b727e260a,5748987aa881f3ca24c065cb2c6076d2a0b617a927819fe7d3e9fb04e1d63e85,artifact,repository/even_rank_extension_20261006/existing_serial_42/raw/00876_formal_N48_L64_ordinary_int_r1.jsonl
c0bc5d0d4164c03f,c0bc5d0d4164c03f43e64387134b5793b6d6e0c4e853a96c8e5b4ca1f6fb63f0,e7c04a9951033548474406c3cf7cbb4d31ac19c77337f52e68d051294e50daf5,artifact,repository/baseline_alignment_20261006/reference/attempts/00443_formal_N6_L8_ah_block_second_r1.jsonl
c0e498341f2c832f,c0e498341f2c832f069f84284bd16c11e60818cb51677f1d36eb93f3971e7b07,2c2ce519b0375feb10632ab3a1db87c7b3d517d61268326c7aecfcb5ba34dd40,artifact,repository/baseline_alignment_20261006/runs/v1/attempts/conv_binary_N4_L6_r1_a00.jsonl
c0e7e6b7a6793238,c0e7e6b7a679323852d2308c50ae2cddbfa78591606131579e71568f58ffbef0,f42b020bc269bf01d32953e2777014103a01a20ccc616770c71c81c2c43a0012,artifact,repository/odd_rank_benchmark_20261006/runs/v1/attempts/N16_L32_fwht_r0_a00.stdout
c10fc1f5a5288028,c10fc1f5a5288028dc30f8a71a6a8726b781635c1bc79b3919a8d56664759fb8,4faf486af59b2967a8c45149151b525ced00800d904fd58360b246ef26c20dde,artifact,repository/baseline_alignment_20261006/runs/v1/attempts/pari_cyclic_N8_L6_r0_a00.jsonl
c128c001258595e2,c128c001258595e2ced8c344b2ac9244df2181283eaf08c4039bd031e4f9ea31,2d4d9fb3e343544b8c94950f436cb9d30859f796a0fe3b2a3381aa58c380575a,artifact,repository/even_rank_extension_20261006/existing_serial_42/raw/00677_formal_N16_L64_ah_block_second_r1.jsonl
c13f501933682f2b,c13f501933682f2be53cc4a34e1747e431b1fcc3bb9df7acf6cdc5520b791b19,0a0df0e516d8b2388a5ef43733113861cf983f9d4bed9592d3be915528886484,artifact,repository/baseline_alignment_20261006/reference/attempts/00506_formal_N8_L6_ordinary_int_r2.jsonl
c141b36bea368053,c141b36bea36805332dc16b6072a2b3148f6ddf7c2df30cdf572ca3b9083111f,2933759441012d18e7c357c6dca6f86ccf1f7d83b211470b09027a4150e9e8b0,artifact,repository/odd_rank_benchmark_20261006/runs/v1/attempts/N16_L3_ordinary_new_r1_a00.stdout
c16711f4fff90aff,c16711f4fff90aff46e718e50216b60f44d85113bf6060d788d6269c8cac5d42,4cc7799a12a887b292cce55f06f7049104da7c041970e8084cf4147992013a44,artifact_extension,repository/even_rank_extension_20261006/figure1_extension_evidence/matrix_raw/00700_formal_N24_L6_ordinary_int_r0.jsonl
c1a70743eee9f700,c1a70743eee9f70074cccfe4d6ec88c158c86a0f88fa7b263ccb23a38715753f,eb5e6e529243fecc62de65108fb4e404f3ba15f1e771fe3295b0189c746ee68a,artifact,repository/baseline_alignment_20261006/runs/v1/attempts/fwht_N12_L8_r2_a00.jsonl
c1f084e5be99ad92,c1f084e5be99ad926283a4beff715ddc23811e6830956e5235b6f53baa666fd5,885086ddd1fdb5d8e8bf94ede9489fe87b8ca54882566e69639fbeaeaa063b2d,artifact,repository/odd_rank_benchmark_20261006/runs/v1/attempts/N8_L8_ordinary_new_r2_a00.stdout
c26e517e43e7cdc7,c26e517e43e7cdc7b55aeeeaf108b1f57b8d410da21ce6b5f559c25e5e7e195c,5a0bfc9afe194adf862ecab7340f036d27731001359fd917bf376bf320968a55,artifact,repository/baseline_alignment_20261006/runs/v1/attempts/pari_cyclic_N6_L6_r1_a00.jsonl
c26e590e3a5f66a7,c26e590e3a5f66a726283f65c50af750d6e45390501c02e092c3c1c09b37fcc6,9d72e3d5cd447d3bc5a11369ff8357d21cb5f496409e724d3bcc230542ef00cf,artifact,repository/odd_rank_benchmark_20261006/runs/v1/attempts/N16_L15_kronecker_binary_r2_a00.stdout
c2c1922911389b0c,c2c1922911389b0c9d5c038b8666a67b64bb15c67582d2aebddc3de498fac9a2,3d133fd2b599e209ff1ac03c2b36bd0a873cba9e162cbdc02ca5c507ccbbb62a,artifact,repository/baseline_alignment_20261006/runs/v1/attempts/kronecker_binary_N4_L16_r1_a00.jsonl
c2f1c3053012fa7d,c2f1c3053012fa7d99890d8f9b56a45d6c4d0af36249897171113078f130ebc3,c614c875286d7cb05c66613c9ce9aa4937767b9539101ced1de534114409e743,artifact,repository/odd_rank_benchmark_20261006/runs/v1/attempts/N16_L3_ah_new_r0_a00.stdout
c314c1187f0f8dc9,c314c1187f0f8dc9cc7685dd61c163b4edce34408c78806b8d290178807f3fe2,843a8d73ce44470b2aab739d038e708f0bd56ffbd78a92ff2707085d8a397d2c,artifact,repository/even_rank_extension_20261006/runs/n36_v1/attempts/N36_L64_ah_block_second_r2_a00.stdout
c3327888c7bfbcd5,c3327888c7bfbcd5ee8e54b1d0ae4a900b88fa6753a18e2e4040998d5179c146,42210828a4f2b59dcea4827e90a9e0e99f8caa50d5c1d591ba18dde64185eb9b,artifact,repository/even_rank_extension_20261006/existing_serial_42/raw/00741_formal_N24_L64_ordinary_int_r0.jsonl
c36a1bfdfb89bdb9,c36a1bfdfb89bdb935c09c383bd0983ffec238ee77698ddef71f9b8e8506eebc,e4eda1aa9cddb57899c9ff483e0f77d92c5d92befc388626aceac876ea886eae,artifact,repository/even_rank_extension_20261006/existing_serial_42/raw/00739_formal_N24_L48_ah_block_second_r2.jsonl
c39503ead7e28293,c39503ead7e28293e286f067c9720fb354d3721868c5da7a5e0e2ad1b6431138,c2f7026f563262eacb6c8873d3aa554ef0ea17a29f3dff7c4a863f07ae8ce9ab,artifact,repository/baseline_alignment_20261006/reference/attempts/00638_formal_N16_L6_ordinary_int_r2.jsonl
c3b6d77879f0204e,c3b6d77879f0204e4e9c6e483a5e00662346666c6a879faf1fa1e76ebc494bbd,b12dff49f2f9165194f037b7d282197ca54ba55e3bc7e92d75bb84477cf56351,artifact,repository/even_rank_extension_20261006/runs/n36_v1/attempts/N36_L8_ordinary_int_r1_a00.stdout
c3d841abaad872b7,c3d841abaad872b7653cac13dc8f7c6bf99e70d1872e80897148db81269cd8e4,33e8c60c591a9201b690b7c8424aa843da187889f6ed1bf0cd3e035b5f99abf0,artifact,repository/even_rank_extension_20261006/existing_serial_42/raw/00671_formal_N16_L48_ordinary_int_r1.jsonl
c41d8fe40e9126d8,c41d8fe40e9126d84978f8d0195cae65473a281581ad2f0beaf51fd8732b4e06,66412d1847b9d696d1f94032f9bfbb5c0e1f3b69f68e663f4ea8952049335513,artifact,repository/baseline_alignment_20261006/reference/attempts/00523_formal_N8_L16_ordinary_int_r2.jsonl
c463427a592f33e7,c463427a592f33e7c6dab517bfd10c805b90af610766fa8ca70682818706023d,9f194ce739cddb7c68ba3d376f57818412258dc8ce0c626ac85b2cee38922d9f,artifact,repository/optimized_pair_20261004/reconstruction/rank_extension/runs/rank_v1/worker_03.jsonl
c470af2b6d1612b4,c470af2b6d1612b48474c926686115f70e21a92020f4fd73c370fc063adee250,5aca7c1e32f3f2dec600f49bcd364d7973407726583f01baaf4a6fd3f8713e42,artifact,repository/baseline_alignment_20261006/reference/attempts/00365_formal_N4_L4_ah_block_second_r1.jsonl
c4f3917788186736,c4f3917788186736b1e567185b32e45baa3e44d201b33e9f0b4c65904c58dff3,dc0b6e7978a7c8e32bb54a306e770549b168431f0d70a58588f17106a05f76db,artifact,repository/even_rank_extension_20261006/existing_serial_42/raw/00928_formal_N64_L32_ah_block_second_r0.jsonl
c5073e64e8be6a6d,c5073e64e8be6a6dd16f33bb7d4ba7cbd309fd74f9bcf8b85ce6f3961e675020,742eb8b5a760641f2afbcbfa999e6f30e4e52ccf6c0e3d0db92661765cb7c801,artifact,repository/odd_rank_benchmark_20261006/runs/v1/attempts/N16_L16_fwht_r1_a00.stdout
c55123060c1eb9d2,c55123060c1eb9d25c2724ac36f32f0455b9eabcd16688dc31af286175f6264e,038352f815532de28303075a36493d38f4a2b8a0d15454eecd41702e7abaf722,artifact,repository/optimized_pair_20261004/reconstruction/rank_extension/runs/rank_v1/worker_24.jsonl
c56dca4f8ed7aced,c56dca4f8ed7aced3a4f5137cda29eb9237e7fc275ad6b97d1eff8c3dd1dd52c,61ca7e2a5ed2eff7460741c43cb46f80b29ffd32cf18469233f23621d1f08ea8,artifact_extension,repository/even_rank_extension_20261006/figure1_extension_evidence/matrix_raw/00910_formal_N64_L12_ordinary_int_r0.jsonl
c595ee94419c28bf,c595ee94419c28bfd3ec716c8fcc5c839841ba303335bccac1dc25db7a0730a6,3799be885088af1fcf06addc5b1317ff7417c2a03dd1e83b69128c553e90bda7,artifact,repository/even_rank_extension_20261006/existing_serial_42/raw/00731_formal_N24_L32_ah_block_second_r1.jsonl
c5c256e312e12709,c5c256e312e12709a15b53342f7bd027a98a680d80d60368d52c22e44dce8133,db577d2c4b6c2cbb6700133236c110202ff33cc0f014acc844da1e011b878379,artifact,repository/baseline_alignment_20261006/runs/v1/attempts/conv_sequential_N16_L4_r0_a00.jsonl
c5ec57bd341ef0ee,c5ec57bd341ef0eec63074fa193513a54b5ce2f5963d6e99b16adefafc672687,9c76ed2c1b1f2c5a16a732d990ff9a7ff1256057c3f805124541fd01a67992d3,artifact,repository/baseline_alignment_20261006/runs/v1/attempts/conv_binary_N4_L4_r0_a00.jsonl
c5f5a1108c945948,c5f5a1108c9459489722094d5290d1f93176b88713c8bda7893629da0be76bbc,94648938ead0393f77991124b0ad60b5b2039cce34b2214efed5b94c84f3e7d5,artifact,repository/odd_rank_benchmark_20261006/runs/v1/attempts/N16_L3_kronecker_binary_r2_a00.stdout
c62498532d0538b7,c62498532d0538b7cccf77bf0b51b9bf603c08d5cb053dddd1ab0d59d84eb572,cdd175d3e8c601325f91cb209dbcb5c9183e2b71686673d87e405aa1ba992668,artifact,repository/even_rank_extension_20261006/existing_serial_42/raw/00727_formal_N24_L24_ah_block_second_r2.jsonl
c680886de4ce912c,c680886de4ce912cf19f7b2375ef960eeb1364289294aca6e255a5fc96b5b63d,7e1ab4c02eeb13ee0fc4ef5460ba4f6fcecab747e35d56725c07be0143c2abd9,artifact,repository/odd_rank_benchmark_20261006/runs/v1/attempts/N16_L7_kronecker_binary_r1_a00.stdout
c684eafcc25a6dac,c684eafcc25a6daca351af7e4b3f545089f4ceb7ed6898e4285c6eec68add4d1,6f980c27d42155e7d52a512c93b16a0a45a26b204009e9f186f35c1094aa5e8b,artifact,repository/baseline_alignment_20261006/reference/attempts/00582_formal_N12_L12_ah_block_second_r1.jsonl
c6ff09d28cb95c7d,c6ff09d28cb95c7d38e5f656a313ba41d828e69635df205528a66d3d8cb0355a,5deaea0da0f39dadf24a886df0671287e44b65c9ef7cd0e2581fe012be734e4a,artifact,repository/odd_rank_benchmark_20261006/runs/v1/attempts/N16_L15_fwht_r2_a00.stdout
c71706d72693f2dd,c71706d72693f2ddbfae1c6a04a015052aeeec9ed7834864c88d8c61bcb28e85,f2d5b2c6e9dee6003bf7c98ca0a74eceaa5d5edfb1b47cf4951c5c2f23aa5527,artifact,repository/odd_rank_benchmark_20261006/runs/v1/attempts/N16_L31_fwht_r1_a00.stdout
c73ead2cc712a0c0,c73ead2cc712a0c00e01ef74cc38a425e0d0e771867753d6bece83c2f8de44e4,2eea17cad3c76b576593b5de14f91a87a2957360362cde17c63deaba551bb9c2,artifact,repository/even_rank_extension_20261006/existing_serial_42/raw/00721_formal_N24_L16_ordinary_int_r2.jsonl
c75162c0669f38ef,c75162c0669f38ef6ccfc1c69a10269aeace2c38eb1739c1b3cab3e2adb613fb,5540107c4286114f42141480acd4882172ae365395548c265c34b81e3781d95a,artifact,repository/even_rank_extension_20261006/existing_serial_42/raw/00657_formal_N16_L24_ah_block_second_r0.jsonl
c7ff81938669702a,c7ff81938669702a4482c2b48a23802d102212837f00f8832bc21234ac65d0d1,900e53139e76a3d33061c7e49b026f1c6e24f088a6e1f510a0e77242cfa5e465,artifact,repository/odd_rank_benchmark_20261006/runs/v1/attempts/N8_L32_fwht_r0_a00.stdout
c84578c5a8876b7c,c84578c5a8876b7c05c15589a3cd8d4f6dd63eb3606a5e455194af1aaff31f5f,bc5066ee42988f449231a198f3b1b3a7e7d63237faa67b35138261fba469a607,artifact,repository/baseline_alignment_20261006/runs/v1/attempts/conv_sequential_N8_L6_r0_a00.jsonl
c88cd2cf29f71f02,c88cd2cf29f71f0214af40ddc5969816c1e4d50e40519fcd5c6bca196415260e,ceae018a03d125eea72ebdee1ad8f932b4ce6b9c35d14fa936d7bcbd72576df3,artifact,repository/baseline_alignment_20261006/runs/v1/attempts/fwht_N16_L12_r0_a00.jsonl
c8e741f4ee725929,c8e741f4ee72592900629a2e6258420b5fbee0bd3281626394dc9331dbd59003,a6925013a4fbaaa92e00951fcde599dc6baa91dacea5a359046626bf3134482d,artifact,repository/even_rank_extension_20261006/existing_serial_42/raw/00776_formal_N32_L8_ah_block_second_r2.jsonl
c9256119bafd53d4,c9256119bafd53d4185822a5834a63d5a2777f641a5b0248949f407a7f383e27,2e0dc0037126c0b1b1e3377964c767337f87ff013ce93ea1d2285c678559e075,artifact,repository/baseline_alignment_20261006/runs/v1/attempts/conv_binary_N8_L12_r0_a00.jsonl
c938d5d1814ab330,c938d5d1814ab330e3fa7c4d8374bfbd9d4eced4916bed18aafb25a5410cb2cc,d7f97105e57d35ff41cce2336a4c440c1bbb50a52dd1cb060b8149ecb4873062,artifact,repository/even_rank_extension_20261006/existing_serial_42/raw/00543_formal_N8_L64_ordinary_int_r0.jsonl
c941386a6d8bd775,c941386a6d8bd775d822f342ad9033497655b5a464566a14337c312bfc494eeb,5284a216b497665924b589d59b0ab679d686c284bccb7d258cc4269d58243885,artifact,repository/odd_rank_benchmark_20261006/runs/v1/attempts/N16_L4_ah_new_r2_a00.stdout
c94651de6643020c,c94651de6643020c14b430110442ac91791818dde6d05b6bf4d81c3451f993b8,8e95a72d800eec396e57a2d780b3e40c3f229d5b1af767c8e1878c0c14e48cc4,artifact,repository/baseline_alignment_20261006/runs/v1/attempts/kronecker_binary_N4_L4_r1_a00.jsonl
c97a01bf67550732,c97a01bf6755073261626ead936a927b8af94fbe0ea18167cc3586dd0f96f602,5dd676024f60312917dbc8cf7a32c8c362574b7d6aa0ed920385570c793fd9da,artifact,repository/baseline_alignment_20261006/runs/v1/attempts/pari_cyclic_N12_L16_r0_a00.jsonl
c987dfdbc9d0b0db,c987dfdbc9d0b0dbc6e3da8f5771fd2caf0bed05178c76df73085a94d1a77b51,89e03a1b7e85235e61b95d7457cfc6cf42ab6272cf766f7b6e5e038d922341e5,artifact,repository/odd_rank_benchmark_20261006/runs/v1/attempts/N8_L7_fwht_r2_a00.stdout
c988f17142c2a331,c988f17142c2a3316dfd70ea39792ae7b8db7f9990dee01e856c4aecb1f05bb9,73bab5428a22bd673a3c0d99f948ae6cb0cdad3af792061c09cd08b8e0dfcbf6,artifact,repository/even_rank_extension_20261006/runs/n36_v1/attempts/N36_L32_ah_block_second_r0_a00.stdout
c99c0e6be59a350e,c99c0e6be59a350e9125d78b1c59c35d68b1df31c37f0a1b23f4c90975e637ca,de05faa4026b9cd6115776e854bdc90e45d695b35e25c57370e1c0cadaf6134d,artifact,repository/baseline_alignment_20261006/runs/v1/attempts/conv_binary_N8_L6_r2_a00.jsonl
c9a6f850894732a7,c9a6f850894732a70b65fddca6f6847cc9ead359e738bbfd2031936c94f36166,0bbef25fff5107ce35d976f8dfe7ab32110847fd31a0f0f8b58b9a0403bce3b4,artifact,repository/baseline_alignment_20261006/runs/v1/attempts/kronecker_binary_N12_L16_r0_a00.jsonl
c9b5744c6ce74093,c9b5744c6ce74093d3118cc16129b0c0f071ba121de16c97ba8232280841e9d8,58a47e7e65e74a8fe68de29d157da8a009b221dc74b2e78003bce2f4e2cf5993,artifact,repository/odd_rank_benchmark_20261006/runs/v1/attempts/N8_L32_ah_new_r0_a00.stdout
c9c8f226dd1917ae,c9c8f226dd1917ae114fbe4655025150f7e636c3172d3b03dbb47531d789753b,845c7ebdf83b009caee254eb119d7b4d6f6ddb96aec8a54cb963366a8209a0f5,artifact,repository/baseline_alignment_20261006/reference/attempts/00517_formal_N8_L12_ah_block_second_r2.jsonl
c9e8666ced39472b,c9e8666ced39472b7aa32060a412e33053f6ba2bd193b01f4b0a57bf795087ff,b195f9292904fec8f9c551fe8f1f0a50479d42ef0ab6b909290f6349426ce2cf,artifact,repository/baseline_alignment_20261006/runs/v1/attempts/conv_sequential_N16_L4_r1_a00.jsonl
ca32a8de7d12b96f,ca32a8de7d12b96fc10497da5f8ccbeaadb90c6b74a9ad129ab65c6d7ac77b40,e76d3bea7bd7c3af88cc091060ac9e44164e928aa2a23ae5333593ce053ca0a9,artifact,repository/even_rank_extension_20261006/existing_serial_42/raw/00789_formal_N32_L24_ah_block_second_r0.jsonl
ca6095b3a164e1f7,ca6095b3a164e1f73be48e96234e5a12df068e75a35f6de4f11a7c104683350d,74f195f5baef207074c0dc8bc4ca50404fc3c7abb9c585a58030a6b4c185b0aa,artifact,repository/baseline_alignment_20261006/reference/attempts/00586_formal_N12_L16_ah_block_second_r0.jsonl
cac5a2a7c701c5d8,cac5a2a7c701c5d8fa20b36df13ce5a93a73066cb75d933fd77dcecc2871fce7,db5da5454238c7104f5e3095d9fa759e0af98d0324f51008551245f99604a84e,artifact,repository/baseline_alignment_20261006/runs/v1/attempts/pari_cyclic_N4_L4_r2_a00.jsonl
cafb62c7be114e0e,cafb62c7be114e0e26eefb91347915bbaf52975a67ff08072e990b18f637ab4b,4b30da0671505d558fb281d4a1a191b5a41b933012a22a12ace9e6d43eae21ba,artifact,repository/odd_rank_benchmark_20261006/runs/v1/attempts/N8_L23_ah_new_r1_a00.stdout
cb7908fbb868668d,cb7908fbb868668dd6fbbf05abbc5a94bbd19c934305d8da0e553f01482038b3,2311986ade0f1d0466f01b2ad7a8b53c7315f42d6e61ac861179c63bbef5dc19,artifact_extension,repository/even_rank_extension_20261006/figure1_extension_evidence/matrix_raw/00765_formal_N32_L6_ah_block_second_r0.jsonl
cb9823dcc6525c04,cb9823dcc6525c04c02594f6a66e61098dcdba1dec79ec5c8808a0e2848a8144,739cda365e1e2898ee4bbca1367ec289c33972a20776fadfbe8233d4a9cb21c9,artifact,repository/baseline_alignment_20261006/reference/attempts/00374_formal_N4_L6_ordinary_int_r2.jsonl
cbb731b4fd2a818c,cbb731b4fd2a818ccbbce319d9230de6454d42485857aa884486a9c63918590a,d33c307a60ca25fed91e0ea074f72caaee9dd2c190554291ac09f8064ecb79f3,artifact,repository/baseline_alignment_20261006/runs/v1/attempts/fwht_N6_L8_r0_a00.jsonl
cbd76d6840a8cb89,cbd76d6840a8cb8988769f63358c0f826368a0567101f679afc9fe8560125a8f,350ccca0c52ee6a99643c58a70445d75370cbce6442d798ff6860c9c71e5628d,artifact,repository/baseline_alignment_20261006/runs/v1/attempts/conv_binary_N12_L8_r1_a00.jsonl
cbe3176eb4a09ca1,cbe3176eb4a09ca197270d816cc11a698fe8d5cd0fa4152212b9135ac7badfdf,62912f5d3cf312696fcc88b3f554e049222bb1da2f41704e841d406cda0bb17a,artifact,repository/baseline_alignment_20261006/runs/v1/attempts/pari_cyclic_N4_L6_r2_a00.jsonl
cc0b8ebbde640d6e,cc0b8ebbde640d6e4d4570e9a848da5eac7defb63740d35e84f6b556b16d1c74,2e69448872db98716d07dbfcacd466f36907e98d90f0723d05f212dfaa91467a,artifact,repository/baseline_alignment_20261006/runs/v1/attempts/conv_binary_N4_L12_r0_a00.jsonl
cc9073ed99a31a48,cc9073ed99a31a48b647e70b592192c236b6d6dee715c0d16828ebc938ae9f8e,e7a21e5c2724c846517dddea74a64a13fc660759a255cec8c5cbcf85b545c928,artifact,repository/baseline_alignment_20261006/runs/v1/attempts/conv_sequential_N8_L16_r0_a00.jsonl
cc9b2b87f03db571,cc9b2b87f03db5718bb2c6671dd53571df849713427d28e6214a3fa4567f2130,495c209097cb80a1287c85c37ca8539f920d7514d1b19097fa2fef462a5d608b,artifact,repository/baseline_alignment_20261006/runs/v1/attempts/kronecker_binary_N12_L8_r1_a00.jsonl
cc9b3dfcac286432,cc9b3dfcac286432040dfb6c2a4f6a1ad4792700f8b738924150e0c0faf5bd3f,9f9c425ef9400d3a4350f4a3cabdd8092aa29e48d60f08abd3d303c9d16cd060,artifact,repository/baseline_alignment_20261006/reference/attempts/00628_formal_N16_L4_ah_block_second_r0.jsonl
cd1077364a6e9467,cd1077364a6e946790344dca66e05052791cf73e08d519df527252ea0bc81126,19195008f97b428acedb7d4acc4beb128ad99dd36aa6757dfb385dad163b5ec5,artifact,repository/baseline_alignment_20261006/runs/v1/attempts/kronecker_binary_N6_L8_r2_a00.jsonl
cdd38597d8e9173b,cdd38597d8e9173b974def28291fa529aa5a7fe32f6fe8b8f7a8fb75c2baa48f,3d5e8c455fe5816afd913b412e7451304c863cd50a54a87d1e1d38658ea81bc3,artifact_extension,repository/even_rank_extension_20261006/figure1_extension_evidence/matrix_raw/00848_formal_N48_L12_ordinary_int_r2.jsonl
ce00e57aba75965c,ce00e57aba75965c364bcf0a624d98265bc783bf73c25eb1dc0d90192bc37996,7db6a1ac0ac1b2310bc81a4dcd17ffec12fd3e4db104547070a0fcf3209d6d21,artifact,repository/odd_rank_benchmark_20261006/runs/v1/attempts/N8_L24_ordinary_new_r2_a00.stdout
ce242db7a3680f05,ce242db7a3680f0589e48160e7e58d0f5c680634e5ed09ce88743c3ba66a7154,6dff193547fbf92aaf57e7108de3aee74f02e620f669b971871da81dc9b4bbae,artifact,repository/odd_rank_benchmark_20261006/runs/v1/attempts/N8_L8_ah_new_r2_a00.stdout
ce2728cf8b0a7334,ce2728cf8b0a7334c0bef7e900617d8bc772258c0015c5082d44fc6627e0cf87,ff657c99e894697595736f3fda485c8f0cd07a2666cd6a23f567fe071886c4a0,artifact,repository/baseline_alignment_20261006/runs/v1/attempts/fwht_N6_L16_r2_a00.jsonl
ce30a3d690e64f89,ce30a3d690e64f890f5113c5f80c64c73ccc48b8e53ddbde5334344b07485d89,b2979e579be31f000ad2f61e4e6e2ec4a097153a1195718b673c0113776d2280,artifact,repository/odd_rank_benchmark_20261006/runs/v1/attempts/N8_L31_kronecker_binary_r1_a00.stdout
cea07cdf063e2984,cea07cdf063e2984dad238dd79639fce70bb0eb01cb9cc7ba12228f80349ac49,2ed20397e365fb0e45d9fb892db7df53127ac2865f16f6927c7915f26757d1f7,artifact,repository/even_rank_extension_20261006/existing_serial_42/raw/00842_formal_N48_L8_ah_block_second_r2.jsonl
cec5ccdce05f85ce,cec5ccdce05f85ce24dbccce9357a5538012acca47fcbdb66feb9270cd5a6437,7a747dbcccbfce50253aeaab04ebb242c16a348d70f995897d6b15d9cbbd738e,artifact,repository/even_rank_extension_20261006/runs/n36_v1/attempts/N36_L32_ah_block_second_r2_a00.stdout
ceccbd6f01847d45,ceccbd6f01847d4501232b453c99e824cc1ce33e4603d6600359e181390e1434,c0c1e34860571eefa1235fcdc4e5b21388d83f891119fae307eb89e8f6297140,artifact,repository/baseline_alignment_20261006/runs/v1/attempts/conv_sequential_N12_L4_r2_a00.jsonl
cf18076023e64c8c,cf18076023e64c8c9c328858694eeca005c2c9dae8ae3b861177f1ed5c12c4aa,e362f7a5b8e4a8fe7eecba7009c82c82bbdfa8808537742de6a65d0c4e0206e5,artifact,repository/even_rank_extension_20261006/existing_serial_42/raw/00866_formal_N48_L32_ah_block_second_r2.jsonl
cf5b60cdcd352498,cf5b60cdcd35249841bf6acf6b283b893acbee83c7070a337d539b9a793d6095,9561a40aa2e7de547c46d58e2dfba374a90e8ae29aa3dbfbd8eccfeecf9abd2c,artifact,repository/baseline_alignment_20261006/reference/attempts/00632_formal_N16_L4_ah_block_second_r2.jsonl
cfaf477c986629b9,cfaf477c986629b98dc061a38cfef83f003164176957fc15d6007f5513fc9342,b838d2d5a56da632e11206ff008751df90c607a82217efb6944e81022de2ab01,artifact,repository/optimized_pair_20261004/reconstruction/rank_extension/runs/rank_v1/worker_11.jsonl
cfe3bae04267a302,cfe3bae04267a3021327242c9f3319e502680ebdcc5b6ad7a5987a69b81a5c7e,a0de7078bdca6f67c98c1925eb72cbfc632eef5952de62fe072c8055e7cdf6be,artifact,repository/odd_rank_benchmark_20261006/runs/v1/attempts/N8_L23_ordinary_new_r2_a00.stdout
cffe6a28de45f4be,cffe6a28de45f4bea306e536df0e792413211c7defddc70e28c570e174f39d2b,4917ca8253727c68e8d93cdc77cd264ff10a5d82483608379964b9c536511df6,artifact,repository/even_rank_extension_20261006/existing_serial_42/raw/00675_formal_N16_L64_ordinary_int_r0.jsonl
d0484ff3957ac11e,d0484ff3957ac11ed0f51835985607bf93b3acdfcab06636d22e9bedea721a37,7f2c925d770bb4432c60e117d47c54ac5628be447dddb579d55b84c661cabe13,artifact,repository/odd_rank_benchmark_20261006/runs/v1/attempts/N16_L32_fwht_r2_a00.stdout
d0cd7c1d65c99c17,d0cd7c1d65c99c17567d785e0b9b3f5e1f9469656b136e39dfac4796d9bd20b4,3e2e41de56fd4b1fce80d401be3348fbbad4ac54cbe80fc6a8a5f5935cf7d007,artifact,repository/odd_rank_benchmark_20261006/runs/v1/attempts/N16_L4_ah_new_r0_a00.stdout
d13d9402d59d41b4,d13d9402d59d41b4ecf819be5f823a5e48d182409421ab6b280f2aa68d741cdd,a3a91a8d022ef4956caf60e9c32fc75bcf97905328eb2e60d10a1476fab81a67,artifact,repository/odd_rank_benchmark_20261006/runs/v1/attempts/N8_L32_fwht_r2_a00.stdout
d16a813c26a8b0b5,d16a813c26a8b0b5c116c567b363fe27c5da9ca6a2dad2a7afdfed7695ab4bd6,ca73e61362ab9777901f8e7f75b6b1145aeb6a3fa6a3cc2c05568274c05e1660,artifact,repository/baseline_alignment_20261006/runs/v1/attempts/kronecker_binary_N6_L6_r0_a00.jsonl
d17d6398d334fbbe,d17d6398d334fbbea4aca2b6daeb64fa313cf24d741b6fe702d56321c95413a4,f6aa41e043db98ac28470f3b4165540b233e08017f87c27cc2d0018c4ad7beef,artifact,repository/baseline_alignment_20261006/runs/v1/attempts/kronecker_binary_N6_L6_r1_a00.jsonl
d19f1942c4bb2112,d19f1942c4bb21128964f13ff1fa5c4de557c6ae352e59bdc9e9e27df2f0957a,32f75728edc58a63751b3c2c3d6f93f36811bd6018cb85d8da5748404d6bebed,artifact,repository/baseline_alignment_20261006/runs/v1/attempts/kronecker_binary_N8_L4_r1_a00.jsonl
d1ca8cb21f80a174,d1ca8cb21f80a174e66fc2df08a64a31a0f72bc2bb027be7b7a60f4683b3263f,37f2615e5d97dbfeb66724eaeae08935947f2d6c0c3aa6205380284d7d8b2674,artifact,repository/even_rank_extension_20261006/existing_serial_42/raw/00805_formal_N32_L48_ah_block_second_r2.jsonl
d1f929e68f16c78f,d1f929e68f16c78f3d6a27f3010dd0cd0433f0efec7df75800444047049d0613,ba71328445f4583236996e8a8ce0b2ed94755cc2a5a51cf7f9a441fb862f0c75,artifact,repository/odd_rank_benchmark_20261006/runs/v1/attempts/N8_L3_ordinary_new_r0_a00.stdout
d22a579d1cdb7d70,d22a579d1cdb7d708a230909e1ace54bce8c3c769cd3f3c6e068060323d9218a,68c37d3589f597d757686a9b51e649f6d168ac82dc1a7d414238b7dc738d8c40,artifact,repository/even_rank_extension_20261006/existing_serial_42/raw/00544_formal_N8_L64_ah_block_second_r0.jsonl
d22d6a50f30ddae3,d22d6a50f30ddae3033fed2b6b5a47a508d0678b6be4d05f84cdd85eb5fd9d00,cce1b79a953fb0681d706cc0938c20306bdd2fb63f49082c107ebd7c2b374a08,artifact,repository/odd_rank_benchmark_20261006/runs/v1/attempts/N16_L16_ordinary_new_r1_a00.stdout
d27f8560e534017e,d27f8560e534017e47bbecdd8d7b715ae4b2222910d3825577307a34fd3fe174,3bfd3f2302308aaa055b0e7a11fc83ec735436b84a7ce65fa6fd6c3f828e3bdb,artifact,repository/baseline_alignment_20261006/runs/v1/attempts/fwht_N4_L12_r1_a00.jsonl
d2b6ef3d38313e5a,d2b6ef3d38313e5adc0528fffa185b6148e8f35e5f34730549c647245faf45a1,aec6576c546947ad804d523f985e4c889d845f516adba7743e2a330aa422eebc,artifact,repository/odd_rank_benchmark_20261006/runs/v1/attempts/N8_L15_ordinary_new_r0_a00.stdout
d2cf44c31ac5a363,d2cf44c31ac5a3639982712ed0779e7f7822975e328393d5c8890e528119e511,52aef377891e7da37b9685f4544361d4bbbafec2f563ed5c0f55089df01633dd,artifact,repository/odd_rank_benchmark_20261006/runs/v1/attempts/N16_L8_ordinary_new_r2_a00.stdout
d2d2cd2058047138,d2d2cd2058047138cba540070abdc81edb0e0718eda96b1cda82ae61bec42d6b,3b1becc3eda8a1b24e76de361b672b0ee82eec231d675f920d41261847eeab24,artifact,repository/baseline_alignment_20261006/runs/v1/attempts/pari_cyclic_N6_L12_r0_a00.jsonl
d323531d60b182c0,d323531d60b182c0cfc2bb75ae9dfd52ac9f8113f8ed28698d67fd4b8c874541,1170375d4c910497f0ffe188445151e42ef193944d49809a9ad0486be6dd1898,artifact,repository/baseline_alignment_20261006/runs/v1/attempts/kronecker_binary_N4_L12_r2_a00.jsonl
d3495e0af18e39d2,d3495e0af18e39d2656692ea94c0e0fa210a866ac8f265fac8701811e205e851,83d85be8e8804ee255cc5f85668e812e459cae50f8e33b10bdc8b937295dd2df,artifact,repository/even_rank_extension_20261006/runs/n36_v1/attempts/N36_L16_ah_block_second_r2_a00.stdout
d376259cc126f984,d376259cc126f9841248bf7049f4ca0d399adb4c3200da00404eee2ff867d31a,3817d2ffaec854a9b6295b291bc71f52215b32dd3e5532b4ca3575783e8065cb,artifact,repository/baseline_alignment_20261006/reference/attempts/00590_formal_N12_L16_ah_block_second_r2.jsonl
d3a1a7646166f620,d3a1a7646166f620c7a9db3607a2da2bb4519c03636a2788cc69af4859d850cf,68e3b919e1cf2adc7283de4459f9cda9fed779a8a91d85fb6457340366d23012,artifact,repository/even_rank_extension_20261006/runs/n36_v1/attempts/N36_L32_ordinary_int_r0_a00.stdout
d3c387674192739c,d3c387674192739c6f29ce8bcc618e872fcfb79b21c286727779dcb039ce4c08,fdfb5f3cd8f7ae13054a52a938420926aba714c6ea8c063ef9f81406db92ebe1,artifact,repository/optimized_pair_20261004/reconstruction/rank_extension/runs/rank_v1/worker_06.jsonl
d40212c8a23b231f,d40212c8a23b231f0f9fafb5d0ed0f6bc5ad1b5dad2ea6230e94ccd375143919,f24007650fecba56882aff427f639fb01f3905d671c16ceda0750797a680b84f,artifact,repository/odd_rank_benchmark_20261006/runs/v1/attempts/N8_L24_kronecker_binary_r0_a00.stdout
d41cbd7843e2c766,d41cbd7843e2c7666ab5e0443326827aee5fa6a386f7ecce35c95d53398b94ad,2fe463fbea020da410f411bedaa216a068544cadb908183842948e074e354dd1,artifact,repository/baseline_alignment_20261006/reference/attempts/00640_formal_N16_L8_ah_block_second_r0.jsonl
d423910ed518ebd4,d423910ed518ebd43b84e1fbd206be5cedd150c2c44ccebd4d0f51b372f0dde2,889df9de473a38889ac102b37c9549d8e2056d4cfd4137e6d64cc75b743ae7fb,artifact,repository/even_rank_extension_20261006/existing_serial_42/raw/00934_formal_N64_L48_ordinary_int_r0.jsonl
d432eb6368150cfc,d432eb6368150cfc99f0891fd78ea6a4c3dd213ac780f7a866028899b4354766,35c7eafb029b110c6c4a4f9f043142a70fe64d0dc9cef3a760fbd36d3b356482,artifact,repository/odd_rank_benchmark_20261006/runs/v1/attempts/N8_L4_ordinary_new_r1_a00.stdout
d46ffa3707f92397,d46ffa3707f92397d1e6f7bf72dc64d12e9416efd8805009508bda3bc65fb160,41462a0fb2b2a271e7f11230b8ff2d767fa8521e3e2074ae45dea26650f2614d,artifact,repository/baseline_alignment_20261006/runs/v1/attempts/conv_sequential_N8_L12_r0_a00.jsonl
d48c004d13427c6b,d48c004d13427c6b803ee63af8029efb5f5782b4bd42d931691682431dc12a77,1ba00b1ba9ab1dad79fe27a1ee74c63eaa1eef4c0dc03a9ad751e9ea0bdb3239,artifact,repository/baseline_alignment_20261006/runs/v1/attempts/conv_binary_N8_L16_r1_a00.jsonl
d49ebe78978b0ad9,d49ebe78978b0ad999bcdf6fcfdc91dc01567ac35767d4c6e4fa9413843d484a,b1cc734f270cdd4d4c6a028cc6c466b3e9fa476b016e962d49e2f92dd496f00a,artifact,repository/baseline_alignment_20261006/runs/v1/attempts/kronecker_binary_N8_L6_r1_a00.jsonl
d4b1025227cfcadf,d4b1025227cfcadfb22d2a1f8a791b57410784b99f04876cdd9638023a002aa8,f66a03b995cd49d5d212743391f10fdd8de43a353668916f6b4d2fcaee05c236,artifact,repository/even_rank_extension_20261006/existing_serial_42/raw/00935_formal_N64_L48_ordinary_int_r1.jsonl
d5001195c7caa211,d5001195c7caa2110bbf2805bb01710f28e45a29266164281bfbb698ef5901e3,67a19f0dca164e945cb221117cb130c095cf9b24c442eb91f472f3d9ddf1bd49,artifact_extension,repository/even_rank_extension_20261006/figure1_extension_evidence/matrix_raw/00836_formal_N48_L6_ordinary_int_r2.jsonl
d57584d0fb59c858,d57584d0fb59c858051f96ce5888df4fd0967a5b3fa4144c0858e5f214cdf820,af0a5d18a4b2dd7d5f59597d3a875ce09102ee9c71a939b400789a77446822c6,artifact,repository/baseline_alignment_20261006/reference/attempts/00458_formal_N6_L16_ah_block_second_r2.jsonl
d6996b3d871a2d45,d6996b3d871a2d452e69f519a138a61239f406ba7b05407e11941293f8cde166,ac07470a1d39ba07ba9616d36d153a682e8cba687228d511df4b42d5ea4b9e76,artifact,repository/odd_rank_benchmark_20261006/runs/v1/attempts/N16_L32_kronecker_binary_r2_a00.stdout
d6bf6ff6b771b249,d6bf6ff6b771b249810566d9b3a22f0926edf47bf41340e3c658a33a9a18b74f,08dd20268ffac287980d48b1a45039465404f618ca363ce12a48fd50502d0030,artifact,repository/baseline_alignment_20261006/runs/v1/attempts/fwht_N16_L16_r2_a00.jsonl
d6e0a9b89b15f79b,d6e0a9b89b15f79b7332e737df21d8d12a4aa21e0908c62b57ce4351909cbb8b,91274c094ea33a4a20d55068c037baff8b7fbe650b23921dd55e1104d997f1a6,artifact,repository/baseline_alignment_20261006/runs/v1/attempts/conv_binary_N4_L16_r1_a00.jsonl
d70f795132c8045d,d70f795132c8045d6330c45a0db9935456f6524da969dc1d9626e5a58f825298,aaa7612115e9b208c687c4d7a6adb7f4c31ca0dd8ddc0362c555869a3504afb9,artifact,repository/even_rank_extension_20261006/existing_serial_42/raw/00707_formal_N24_L8_ah_block_second_r1.jsonl
d7236a99bd4da449,d7236a99bd4da449a02c0f07d3bcf48e9c1c7a2a89f49ef2080ec3ce2378eb73,ef41d4faa7f49622b44949c02f576abd12fe6533b4f73deb44129a215843a095,artifact,repository/baseline_alignment_20261006/runs/v1/attempts/pari_cyclic_N4_L8_r1_a00.jsonl
d76e38edab9c22d6,d76e38edab9c22d6c24331f0c88e175e9ad052df225a47f504da7b40286b9d45,b35e16ccd08c974028620c9527e77f9fa3df415dbc576cf9808f6141cb164487,artifact,repository/odd_rank_benchmark_20261006/runs/v1/attempts/N16_L24_ah_new_r2_a00.stdout
d7b4fb9cba82cd44,d7b4fb9cba82cd44339cb2bd9787a0599bad6930bdd571596567fbca4c901cf7,293fc04118f8d9ff3a832ea2e6abfdc7ef8681dbf2a67e6ed9d1f8cae425cb90,artifact,repository/baseline_alignment_20261006/runs/v1/attempts/fwht_N16_L4_r2_a00.jsonl
d7bca7fb2ec7d4e7,d7bca7fb2ec7d4e7c2fdf1fd6114740ed69ed88e719cbc1c6f8d5e2a5643807f,1c1e7eaaf28aa9f648e8817586682f98e627551184c8f38b861c465102cd1e77,artifact_extension,repository/even_rank_extension_20261006/figure1_extension_evidence/matrix_raw/00834_formal_N48_L6_ah_block_second_r1.jsonl
d81bf0bc9bc84223,d81bf0bc9bc84223b993097e90c6187e38f6285584ea78ab371326e28e567a5c,50a169115f858e69f655cc0c3710ad2fdbfb918444ee877efa6ebece80df9acc,artifact,repository/even_rank_extension_20261006/existing_serial_42/raw/00874_formal_N48_L64_ah_block_second_r0.jsonl
d8a1cd3a4154488b,d8a1cd3a4154488b95b043f808d0e499d105753e29580d617d8597922ddec718,ba52ae643c7407392e0b3838752cc45480dc5a6ed9ada26c0827d9f5abe58db7,artifact,repository/odd_rank_benchmark_20261006/runs/v1/attempts/N16_L31_kronecker_binary_r2_a00.stdout
d8b0115b00939662,d8b0115b009396629702092469496a92e7ad44888f81671d623d501ec8b0c870,750a2675001f08941048bb1d7d11d0d3fc0f051ebef5f9e2f845b378b5726edd,artifact,repository/even_rank_extension_20261006/existing_serial_42/raw/00786_formal_N32_L16_ordinary_int_r1.jsonl
d8d86ff5b79d5fd2,d8d86ff5b79d5fd24544398edf4b7a50d3873ed24b89452d07ac3cdce57908bd,944231838a9581a39fc38312cf2c24a2aaa843ef861cf9e8f19a9016364439db,artifact,repository/odd_rank_benchmark_20261006/runs/v1/attempts/N16_L16_ordinary_new_r2_a00.stdout
d912d775183c95fe,d912d775183c95feb11070dfa16507a5206c56d56074980e09513d6fcb5cf8b7,39b4d8d5a299c796a9b90737ae852982d711783af36121e07d0068de074056b4,artifact,repository/odd_rank_benchmark_20261006/runs/v1/attempts/N8_L31_fwht_r2_a00.stdout
d92981d2b5e0e70a,d92981d2b5e0e70aebb09ee84df8fa7e20d05004781a89dbe31fb4a8e1e52c1e,2e3139ca69969f71cb57e6a99fd827914b4c1e872187ef28a828461c2ddf42a6,artifact,repository/baseline_alignment_20261006/reference/attempts/00446_formal_N6_L8_ah_block_second_r2.jsonl
d95f3463697c3bf8,d95f3463697c3bf839519ecb35ca578d0b026c8cd63ad76ce57db0e20713036b,adf59a77ace78ebf3aa773b224c6962e803592c5ddf43663c3a37120fb56ec73,artifact,repository/odd_rank_benchmark_20261006/runs/v1/attempts/N8_L3_ah_new_r0_a00.stdout
d9751b5bf4a22086,d9751b5bf4a2208668a13d8097fbe02f3fcb3be4de3bb8e9d6c8bd45ee2cbdf0,7b5ea231c1f6790b8ccdec75e6f8908822898b8987381ff853f15e2e89936e13,artifact,repository/even_rank_extension_20261006/existing_serial_42/raw/00932_formal_N64_L32_ah_block_second_r2.jsonl
d9f35877a84e81b6,d9f35877a84e81b642e4a48f68333d210f18bf9a397cdb12448e838df8b1f6e7,9e2caa0179cebfa0097b3fb1789df8af77f9ba6798fd78fea056e7c0272f67fb,artifact,repository/baseline_alignment_20261006/runs/v1/attempts/conv_sequential_N8_L8_r1_a00.jsonl
d9fa8e86ffad7e57,d9fa8e86ffad7e57b7e7d732c5ed9c4edb50ce9a463293e5287c8dbfe73baf10,77dbd99b7e07447ddf89aa8c4f1e0146ce4a5ebe04f0d6ecefeedca9e4c06ff3,artifact,repository/odd_rank_benchmark_20261006/runs/v1/attempts/N8_L7_ordinary_new_r2_a00.stdout
da7109251c86ea24,da7109251c86ea2470adb90d8f7af23405305da395820fa8c6324c16fcce1815,089ad007417bd2793eb5661c4bd4dd946cb4423eed002f28bc29cbd18a9ba2bd,artifact,repository/even_rank_extension_20261006/existing_serial_42/raw/00908_formal_N64_L8_ah_block_second_r2.jsonl
da7f00558b879c59,da7f00558b879c5905d36aa8716a80c4074f589c79ea366421980587524a3f01,b0cc201f0ff63e680d8afc945c5f2879e01c027951dcc01fce62a768721cc32b,artifact,repository/baseline_alignment_20261006/runs/v1/attempts/pari_cyclic_N4_L8_r2_a00.jsonl
da8900e275a53f51,da8900e275a53f51543876494dff9ddc3114a835df8ad6b44d30af5154d91408,2836aef35851e375d33f9da5870e221efe74dd54e06ffaaa5136b8f092ceb13a,artifact,repository/baseline_alignment_20261006/reference/attempts/00442_formal_N6_L8_ah_block_second_r0.jsonl
da9ed8dd8a83bebf,da9ed8dd8a83bebf8a02c89325a1dabeb6d8b5d146623c0283f040443c792cf7,9b63bca15c56b7b7b31263501e20362a6bf843f959217e9562b23e3428669024,artifact,repository/baseline_alignment_20261006/reference/attempts/00656_formal_N16_L16_ah_block_second_r2.jsonl
da9f8879943f3368,da9f8879943f3368c58b8c20522298dddad56c7a31758525c8baee4ebec44b98,ac4c272f8652476574f400e8f094527247b20948dfcce79776d16292c845c631,artifact,repository/even_rank_extension_20261006/existing_serial_42/raw/00861_formal_N48_L32_ordinary_int_r0.jsonl
daf5b2f8f78b7b12,daf5b2f8f78b7b12eb0e752a640940a88bfae21ebeb50702dc5610e73fa1156e,e9a7b63a573af761cbcc0fe7fe9b4dead81ae6ba8019d0552ff9fabd7ce53d3d,artifact,repository/baseline_alignment_20261006/runs/v1/attempts/fwht_N16_L6_r2_a00.jsonl
db62d6b0f4bd79fd,db62d6b0f4bd79fd3fe68c661b762be1f701c23f1af4a22b2ba158b9cf37c2eb,97a6a10270ecc6ae0d0c1ea79163b2fd95a4b52cd6d1590b902fc33217321696,artifact,repository/baseline_alignment_20261006/runs/v1/attempts/pari_cyclic_N16_L12_r0_a00.jsonl
db7b9b047b8f25fd,db7b9b047b8f25fdffdc4494e87b4627215846fe62fa6aa0321048fecc97d007,7f5004552082c596c9d62d0c4560a22c8487837a411d41f18424711b85063c3d,artifact,repository/baseline_alignment_20261006/runs/v1/attempts/kronecker_binary_N4_L16_r0_a00.jsonl
db8d102eb54b0607,db8d102eb54b0607f19862097b70e676b309e8cd486252301e8196244312d6e9,100cb897f87dbfc10b51c290eb16e8b721108fa16409b24f47133240b98999b2,artifact,repository/even_rank_extension_20261006/runs/n36_v1/attempts/N36_L48_ah_block_second_r0_a00.stdout
dbb3f58ea45fa488,dbb3f58ea45fa4883bd17ef0473b16315d1e58f1135fa92008b53c02a0870cfe,ff8c800d280e9b6676dec979704955a34f00af604fe43039c2bea8ac2f91d6c3,artifact,repository/odd_rank_benchmark_20261006/runs/v1/attempts/N8_L8_fwht_r2_a00.stdout
dc416df07628f2c9,dc416df07628f2c9af469cd444ca6ece4d76bddb059107d4dfa395577c49aac5,a1be9e0415866b2b0bce0ca3ac7b08d85a6ebd96c3517b8b70b4bd089973f24d,artifact,repository/baseline_alignment_20261006/reference/attempts/00587_formal_N12_L16_ah_block_second_r1.jsonl
dc4e2872cbf697a8,dc4e2872cbf697a8ae37f20f4d654923a92868017e6e43bb73a46d0e5400aea6,a5f3b0be1cd72bf6d91f32c9ba58e9c35f167f5a52e73c386887af778ce856a9,artifact,repository/odd_rank_benchmark_20261006/runs/v1/attempts/N16_L4_ordinary_new_r2_a00.stdout
dc743cd070098cda,dc743cd070098cda00a0f38970af2f513c67f1ffc4da4d9242080ef32d96475b,565bc9db5b56562ee8e85a58b76c200ccb474972479f2399aa3c365f5d7be49c,artifact,repository/odd_rank_benchmark_20261006/runs/v1/attempts/N8_L15_fwht_r0_a00.stdout
dc92e08c2ac9f18a,dc92e08c2ac9f18ab3b616671042eaf0b5ac6d1d1c8689ff5984c3207325ba6e,30720c03ede6048ed5e6bc1bc7e9bb3937ac363cdcd14c73e3ef1b5156916246,artifact,repository/baseline_alignment_20261006/runs/v1/attempts/kronecker_binary_N16_L16_r2_a00.jsonl
dcaa91ab2361e3be,dcaa91ab2361e3be98e1d7bff9d4b07c365e4f793474945649962485487743a9,aa4fe2ee57544086581942c04e8b370bd8ea3da6a906e70de26c2cc4487d9d6f,artifact,repository/even_rank_extension_20261006/existing_serial_42/raw/00542_formal_N8_L48_ordinary_int_r2.jsonl
dcc6c4062da20c73,dcc6c4062da20c733f128ec38ad603863ff02f5c8a251cee8c3a89fb2f0cf323,6b469d59c1491d3a43c28ad61726e058ce1bb80c2f0c544e7bbb7f1f1c5b2f5f,artifact,repository/baseline_alignment_20261006/runs/v1/attempts/conv_sequential_N4_L4_r1_a00.jsonl
dccd31a0deab6a14,dccd31a0deab6a14498c68ed4cda41ce780ef5dfb5c94f6067fc6363d91dad0c,cff719b7d2de6bc81912e28fc30fbd565111cd57f9280c1eae16340a3a30caf2,artifact,repository/even_rank_extension_20261006/existing_serial_42/raw/00894_formal_N64_L4_ordinary_int_r1.jsonl
dcf66cd68c835870,dcf66cd68c83587024acd6a7b6f628657a7fee143b93b19836d3e02fa535d0f8,4e3b4a59b102199c7bebed521d6015cd23e6c35d3e1ece39f2647e17b69f29bd,artifact,repository/baseline_alignment_20261006/runs/v1/attempts/pari_cyclic_N12_L12_r0_a00.jsonl
dd27d8a39945ffb3,dd27d8a39945ffb3c0f8e64bffb977590861be8bb63b187458aeeab4c1921579,124cfe104125c37a23007b75f7f248a79244fab4417c5683214c5a2615dcf59b,artifact,repository/even_rank_extension_20261006/existing_serial_42/raw/00923_formal_N64_L24_ordinary_int_r1.jsonl
ddbfd9b1dcbb8349,ddbfd9b1dcbb83491954e3f13a25b76fd5c4ffa88a37a368402f913e878d1845,ffa7d4cdb16afa5e3876189e1d3d8cd400e996202be8b1f01a7d1bf660af0717,artifact,repository/baseline_alignment_20261006/runs/v1/attempts/fwht_N8_L12_r2_a00.jsonl
dde3a34190446b10,dde3a34190446b10fb1f8fd63a33d9018b7f7c4f375689b6aab214cf0d4464c0,06f39fa89116e9648729961ae8c51c9c28273fa15f180aeb9ab8e9e5a9b6dde4,artifact,repository/odd_rank_benchmark_20261006/runs/v1/attempts/N16_L23_fwht_r2_a00.stdout
de164a6abec09b93,de164a6abec09b9330d0e097cfc20996aa8b5d055ad7d69565740e50c281506c,4c2c155108dbe059e0ca213455f303b4ba7f1eef6f173162f91a43218922751c,artifact,repository/even_rank_extension_20261006/runs/n36_v1/attempts/N36_L8_ordinary_int_r0_a00.stdout
de468264fb5e4cb6,de468264fb5e4cb6d42b967d5f92521d0beb91d130ae5f06bf50c54612c685d4,d9276a4fba9db88591b757c222994790391dcdac96954f471f74df42801f3a22,artifact,repository/odd_rank_benchmark_20261006/runs/v1/attempts/N16_L24_kronecker_binary_r1_a00.stdout
de48002da7539c30,de48002da7539c301534e605499fbd8166b7b9f969bff3862b39fcd683d043c4,62dc6e1736c2feced499a42e5687fff2de3eaa53d4ee0ffee0c8886dfdff1886,artifact,repository/odd_rank_benchmark_20261006/runs/v1/attempts/N16_L23_ordinary_new_r0_a00.stdout
de8f0880a4753edf,de8f0880a4753edf2496827fae01377b9b70572654edc32356447c131a23f525,16cd98d953a373d1db060bd9fb8e917c45395972b96affe550f7bf4f3cc4c213,artifact,repository/odd_rank_benchmark_20261006/runs/v1/attempts/N16_L7_ah_new_r1_a00.stdout
de95b75ec5d13868,de95b75ec5d13868846f9240e3327752104c8c62b20d8248c4efcf3941f9dc7c,d54346d42287fab6112d6c5e07a5c7064b9b44a5c0a23c3102e1c1038c5cfeaf,artifact,repository/even_rank_extension_20261006/existing_serial_42/raw/00724_formal_N24_L24_ordinary_int_r0.jsonl
deaa265c6bf4f877,deaa265c6bf4f8778cdebafe95a89af35c9d58bde89e266fc0b07f319b8e2efb,0bc2c23e060dd80320f303966213e4f54b1aa68456565157dc334a80a9c7af71,artifact,repository/even_rank_extension_20261006/existing_serial_42/raw/00761_formal_N32_L4_ah_block_second_r1.jsonl
df1f858f97bf71a0,df1f858f97bf71a031f7ec2a697139c14b1e198a0b74c192683d8740ff5f67ff,1d7285958d8e626264637c9b4b1cafbee399cffd7d8cb46ff18f646086a49cfd,artifact,repository/baseline_alignment_20261006/runs/v1/attempts/kronecker_binary_N12_L12_r0_a00.jsonl
df61a54a31b3626c,df61a54a31b3626ce1660eee0f49b92a58256339f157858a2a4bb0b99f2ef305,5b5d930b5ecad2e65ced88e6d5adafd71fc62685635843d2b594331eab7732b6,artifact,repository/baseline_alignment_20261006/runs/v1/attempts/conv_binary_N12_L16_r1_a00.jsonl
dfd763208327e3db,dfd763208327e3db08803262b9953f40231d93b0734ae95b3b1179fefa9efa1e,7956191daf9649f3af90fa95bc76bf3a06bf279f900b47f6a988c8a02afe16a9,artifact,repository/odd_rank_benchmark_20261006/runs/v1/attempts/N8_L4_kronecker_binary_r2_a00.stdout
e05f11dcbeb129a2,e05f11dcbeb129a2b37329646abde194a67fa9a65604709d2e16bea57acc1385,99e3ca666f54377dc3c9b5e25114464132e3ffc0c4d43e75baffbb89ddf1f078,artifact,repository/baseline_alignment_20261006/runs/v1/attempts/kronecker_binary_N8_L4_r0_a00.jsonl
e0938c9f42fac67f,e0938c9f42fac67f97e335605ed86bb0de6d72ec5f760f5f19003f83d4b94c15,2346d9cd9deb426bbaab2d3cafdd2e34d8781b0f2d475885d4ee6c87b455b066,artifact,repository/even_rank_extension_20261006/existing_serial_42/raw/00878_formal_N48_L64_ah_block_second_r2.jsonl
e1bd6f825f8d099f,e1bd6f825f8d099f2126b0bda736ffe8f092bfc97c5d54233e4f37db24fd0e4a,a9d11251a8436f985e1cea38e155e0a508aa525e4652ab6887eb2dc8284c5625,artifact,repository/baseline_alignment_20261006/runs/v1/attempts/kronecker_binary_N8_L12_r1_a00.jsonl
e201c7e20fb05cc3,e201c7e20fb05cc326905b97b38b8e2f2fdd07c08abb1d742df691802292affb,9c5ae4bab38774f50c6762b4d1279a824aa5c7aa8e969155e30a4746f8c7dad3,artifact,repository/even_rank_extension_20261006/existing_serial_42/raw/00532_formal_N8_L32_ah_block_second_r0.jsonl
e2ea7f97c660bd58,e2ea7f97c660bd58f448d4a75b8d94a3424b049ae6f10a3285f8fd00280baac5,03450b0abbe6b0b6ccd0cd0f7113ffa0ce29c4020db88100b0a1e881041485ac,artifact,repository/baseline_alignment_20261006/runs/v1/attempts/pari_cyclic_N12_L16_r2_a00.jsonl
e2ffad3f77c94b9c,e2ffad3f77c94b9cf0a9350e64d0383fb1ab5c14ac489810e06e30708f23e1b8,35d920b9501c1e544199b44dbb0c68fb5867bb0d70a9268db654e9edf3d0c081,artifact,repository/baseline_alignment_20261006/runs/v1/attempts/fwht_N12_L12_r2_a00.jsonl
e3846799f41871d3,e3846799f41871d33443e9d8e60bd96e5ad27c0bd842fb95eac7bf1c8000336a,79300267bd6351d515283543e51f492261188e14a80dfb72c990134ba88b90f5,artifact,repository/baseline_alignment_20261006/runs/v1/attempts/conv_sequential_N12_L8_r2_a00.jsonl
e3d52a141ae2c339,e3d52a141ae2c33986e6db53f8ebd596b046b8c6101426c3b266fcc7f62e4429,a2bde537b191ddfa4a874415b9b1890cf9922ac08070810fa33c7c82b6e208f6,artifact,repository/optimized_pair_20261004/reconstruction/rank_extension/runs/rank_v1/worker_19.jsonl
e4a238f7d042d85f,e4a238f7d042d85f1fcece4b08871133c0b787d59b95530b4f18497baf67958e,bdfafea3e0e5a007a9c6d225e7ee1a1ed194bbc189424d763f2bf21b4dc2392b,artifact,repository/odd_rank_benchmark_20261006/runs/v1/attempts/N16_L16_kronecker_binary_r1_a00.stdout
e5c9150a8700663b,e5c9150a8700663bd9a2a7027944e38af154a117ff8b432a9fd3e7d10f6750f1,df62980e7e31a35228ce20b5236c1e966d8723baa42f73857e2950df159aef81,artifact,repository/baseline_alignment_20261006/runs/v1/attempts/pari_cyclic_N8_L4_r1_a00.jsonl
e5debf3cd1d5671a,e5debf3cd1d5671a46b83e46c0c3214be3d6b19bda723a76ebc1cbca39e03a75,7495a67754bb195672c3ad64d219cf4b3d38b1bb08e37a6d6f16b4adfea07b57,artifact,repository/odd_rank_benchmark_20261006/runs/v1/attempts/N8_L8_ordinary_new_r0_a00.stdout
e5f83800ec164740,e5f83800ec16474034c031ed4a3b4413b95ee85ed0d22beb54285128232be934,18b36a414cd193068f1426f35573fe5e2f0badb2d184b55800f382bf3a0f4cc7,artifact,repository/baseline_alignment_20261006/runs/v1/attempts/fwht_N12_L8_r0_a00.jsonl
e672b7d329edf101,e672b7d329edf101c0a3ca4a37b449421143d7abf9423dc25f0a9f43a2f08bec,e0379c738b08e5baf937d561de384f24915c663b6fce7716b65cb5e6542bf667,artifact,repository/even_rank_extension_20261006/existing_serial_42/raw/00695_formal_N24_L4_ah_block_second_r1.jsonl
e6e57f7b57a5a3fa,e6e57f7b57a5a3fa92da5320ecaf34e0001465f5ab326468861d3be927f62d1e,01f529393ca913604565c46076eb15d35e7228ebba94cf27e09e4093dac52a7b,artifact,repository/baseline_alignment_20261006/reference/attempts/00382_formal_N4_L12_ordinary_int_r0.jsonl
e7b39378852a40f9,e7b39378852a40f9c1281f3583505044b5fefb7b4859303d93117afa120b924d,6bcf223ce413b1684bae28ddbe3902acf8c101cd0e3edb23b8dd6ccc37c26905,artifact,repository/even_rank_extension_20261006/existing_serial_42/raw/00826_formal_N48_L4_ah_block_second_r0.jsonl
e7d6ca48124e6a21,e7d6ca48124e6a21322469f52c2c245526fd3585d7807f6f2c8a9be3760e2181,e3c8503eccf4ce0061e838c4be8fd4eb2242cfd7b9ca65f4fb40e045522e5160,artifact,repository/baseline_alignment_20261006/runs/v1/attempts/conv_binary_N16_L4_r2_a00.jsonl
e7f3c64ecc109803,e7f3c64ecc109803e02bf0d6dd9ae4216423df08dd87b75f9f6bedfff95b343a,5c4b017ca0a8182e1072caf2f2f5d93f54caaed3f4919c78296f8a2603b829f7,artifact,repository/baseline_alignment_20261006/runs/v1/attempts/fwht_N4_L4_r1_a00.jsonl
e826238e58ce5691,e826238e58ce569190c3e096567c5366e690783a1c66fe0e5768c7751710d097,e50db362ceae1bf0707586be32ea7bc7734b63755c6ee2c9a3183b1d3c7ea1c9,artifact,repository/odd_rank_benchmark_20261006/runs/v1/attempts/N8_L3_ah_new_r2_a00.stdout
e8794d400a87168c,e8794d400a87168c5cb08484de42839039c02e6246c77e7cb9cbe26521acec93,6f5339b21106302d43e23d772212dda0379bb99cac6cb4162620d37ec487500b,artifact,repository/odd_rank_benchmark_20261006/runs/v1/attempts/N8_L32_ordinary_new_r0_a00.stdout
e8bb5e72a5d908b6,e8bb5e72a5d908b6cae4eb33eb5171954a6c47559b109969182db04692ee4f3a,cd4a00a40ff6467f2207f09a15f9620834e0fa8cbaf71bec951ad14fd5bf2cea,artifact,repository/baseline_alignment_20261006/reference/attempts/00565_formal_N12_L4_ordinary_int_r2.jsonl
e9287d867a05cf8e,e9287d867a05cf8eafec062fd9ccbe564c44a6c21108ffe020399c70f2a52f4e,952f6574ca21947cff6d99f31fa25952971cbc285688f31123cdb32bfc5106e7,artifact,repository/optimized_pair_20261004/reconstruction/rank_extension/runs/rank_v1/worker_15.jsonl
e94af9fc346493a5,e94af9fc346493a5a825241ea1b6a26f35afe658796804601c209d95737d0bc9,13598f76ca3df48e444e0804a9b6afbf80c79ac89f2d9d5a3738714e57696fed,artifact,repository/baseline_alignment_20261006/runs/v1/attempts/kronecker_binary_N12_L4_r2_a00.jsonl
e976ac06de6eb967,e976ac06de6eb967ff61ed496622b57dcb0cd303690100639343bbbc1219a9b0,2cbae43be0104d7e1fba0ec452442b46f76678e97634abdf8660d61ea9157244,artifact_extension,repository/even_rank_extension_20261006/figure1_extension_evidence/matrix_raw/00835_formal_N48_L6_ah_block_second_r2.jsonl
e97f1349c415c00c,e97f1349c415c00cff8e5d08714a354c4a8a8e7a27853ccc54a8b963994726ad,9a7da8903735d319bc49678122457074216c11b3cf28607492c89e22330a2807,artifact,repository/baseline_alignment_20261006/reference/attempts/00511_formal_N8_L8_ordinary_int_r2.jsonl
e9a756c72538c6a5,e9a756c72538c6a5cb9efe61504425f4887145ac2e61eaa8fa173106b5190aed,2ed6fdb816697c54be1d09659414c5c74966b247cacb34b743854cd3144d5fb2,artifact_extension,repository/even_rank_extension_20261006/figure1_extension_evidence/matrix_raw/00901_formal_N64_L6_ah_block_second_r2.jsonl
e9a87ae41816f845,e9a87ae41816f845305486525ab3753af1986966dc9113c1cb1a7b7d4538d629,7138d31c3a8c04f2020251d52780d04964230a6ae5520c150081ff3d90d3ea9d,artifact,repository/baseline_alignment_20261006/reference/attempts/00455_formal_N6_L16_ah_block_second_r1.jsonl
e9f30ebd543acfca,e9f30ebd543acfcae26566245947d49e20de196b28af057b656d5d4aa895a5cd,196cb93dd5fec52f6311b7085d4e41f9ad330a01a03f9bbe135b77f974dd942f,artifact,repository/even_rank_extension_20261006/existing_serial_42/raw/00535_formal_N8_L32_ordinary_int_r2.jsonl
ea2e9a041c5dae3b,ea2e9a041c5dae3bb5ac0fed6e7e7a2923bd0142b0e814b1e97a35e76a085185,85a678c01a032edc67af86336c5d97e267706d885ac9ce4dd0f6879917517641,artifact,repository/baseline_alignment_20261006/runs/v1/attempts/fwht_N12_L4_r2_a00.jsonl
ea4733b4d99eed51,ea4733b4d99eed51bbbbf092ecc675cf77854d994320acb377287cac3b6bda3a,a482d51529d620902d231b301c94d3de370f125e78975a36f5a53d7ceef183e6,artifact,repository/odd_rank_benchmark_20261006/runs/v1/attempts/N16_L15_fwht_r0_a00.stdout
eaabd99007da6e44,eaabd99007da6e44babeee24f6028e8e7ef01dcf018741d03a2992374f5ef665,f4ef23e2000b1db2ebf7fd189689565ffc19211816356af9b86e1958c27baf9d,artifact,repository/even_rank_extension_20261006/runs/n36_v1/attempts/N36_L4_ah_block_second_r1_a00.stdout
eac7d1479f5810f5,eac7d1479f5810f5f30922890bf55db0873eb95b40eb56388f763c9407c1a006,413d80cdeca2eaf95dd63f57f175a5b2cc8f4041a32ee04288f79a95ca4d6267,artifact,repository/baseline_alignment_20261006/runs/v1/attempts/conv_binary_N6_L4_r1_a00.jsonl
eac9db823de4b786,eac9db823de4b7869da76da3155492632e4bd1343808deadf5e178689ddab3bb,0509cf03144f7416dff9a872207e38aa45af9d9e98e5058a535874615b502b24,artifact,repository/baseline_alignment_20261006/runs/v1/attempts/conv_sequential_N12_L4_r1_a00.jsonl
eafe3f2a951f4076,eafe3f2a951f4076519a78da71d88dd3658a9adcb7f6e9ded9ddf179a01e95d6,9bf09df04978000f28ad2b79441b1a3cacb19ffd0bbcea3c7bc6cfe10f2968fc,artifact,repository/even_rank_extension_20261006/existing_serial_42/raw/00660_formal_N16_L24_ah_block_second_r1.jsonl
eb041cb48a8bac2b,eb041cb48a8bac2bdf2fda59fe5f0e451c534a78dc8163e7bbc9e94050d262a9,a8c219aeceb4ee450553183db3c6ed3cbaace8aa23a8fea409cbd66dd3bdc88f,artifact,repository/baseline_alignment_20261006/runs/v1/attempts/kronecker_binary_N12_L16_r2_a00.jsonl
eb0f020c53c3dfaf,eb0f020c53c3dfaff122f10669f1d332d3e554087e2844055ea28b7d33de3df8,be0fd135beddf60e850d257407ba1231d51380383dc3d587be9e20a8388da461,artifact,repository/baseline_alignment_20261006/reference/attempts/00524_formal_N8_L16_ah_block_second_r2.jsonl
eb61dcf16e357314,eb61dcf16e357314af2e04e1f18d2875a08b42b2bf545c50a60f949e67f71a2c,96a4a1345a0c68bf1e567f6c9b0f8b8df4849448b102ce543da190c410c5532b,artifact,repository/odd_rank_benchmark_20261006/runs/v1/attempts/N16_L8_kronecker_binary_r2_a00.stdout
eb892aee6597a113,eb892aee6597a1134fa2cfdf8a4c86abc3f4e609df90871c54659a70786b1e83,7cdc56a53b09c7cf3ffb196cefe09d8fb90b252e245b66f9549f510b9b2b1d4e,artifact,repository/even_rank_extension_20261006/existing_serial_42/raw/00658_formal_N16_L24_ordinary_int_r0.jsonl
ebe4581a48747796,ebe4581a4874779615cf20459868a5a24ab48f2e77562fb7e3f4c02bb069fb24,8df2e93771139ebec9ce665580c4153a78e4148a80baf6ca25c9da5f3649ef05,artifact,repository/even_rank_extension_20261006/existing_serial_42/raw/00791_formal_N32_L24_ordinary_int_r1.jsonl
ebe76105220ec6ae,ebe76105220ec6ae2cc809c5e4640ac64db6345e16872166723476c70afd1034,0f9a7d7927ef1a127bf9301d200226a027dfcd62112fc5cb23c4bc1ae3ffc46c,artifact,repository/odd_rank_benchmark_20261006/runs/v1/attempts/N8_L24_ah_new_r1_a00.stdout
ebf7222c3e9797bc,ebf7222c3e9797bcbdc7c92373490d5b23e6807a7d2acefb3449ac8dd6ade6b5,19266aab2555fde853de74d5cad2e5638993c563ff1bd610c2d0d867e47e59b0,artifact,repository/odd_rank_benchmark_20261006/runs/v1/attempts/N16_L32_kronecker_binary_r1_a00.stdout
ebfd7572d9d33d5e,ebfd7572d9d33d5ec324dd348184e1645fffe5512d4cfbd37eeb040394dbd28a,0e015d01781ee341cd6036f739d550070bd634902bc0b749d7bf4b08994a3e83,artifact,repository/even_rank_extension_20261006/existing_serial_42/raw/00665_formal_N16_L32_ah_block_second_r1.jsonl
ec0efe4b48181b13,ec0efe4b48181b1363b2aa0c196fc7bdd367b36a1e54fd48c6299d9d99632d6b,9e6857c0389b6614ed45bd5ffba4f132d4c90735137ce7918e071d9120f01d38,artifact,repository/even_rank_extension_20261006/existing_serial_42/raw/00849_formal_N48_L16_ordinary_int_r0.jsonl
ecc61c38ea1f1f69,ecc61c38ea1f1f69565b4e12bae33e46b9e5bd0ae803f93c048258b00ae0fa75,57cd088360e0dc0542066c742e08f01c352480a57592e7050785ce7134d6acff,artifact,repository/even_rank_extension_20261006/existing_serial_42/raw/00740_formal_N24_L48_ordinary_int_r2.jsonl
ecf9199df3917aaf,ecf9199df3917aaf9cce9ac3d589235adfd416e0c17440f6f962a24199bb647f,d96cea9b63af07a68eed8b4596d1acc311839c8ad0818e1e33c93cb7fe0dd6eb,artifact_extension,repository/even_rank_extension_20261006/figure1_extension_evidence/matrix_raw/00912_formal_N64_L12_ah_block_second_r1.jsonl
ed3aa3798dd2929a,ed3aa3798dd2929a52ad032340aa794bec79d15a85285498ea4aa8544e4c1910,930167c7e0e21be51e950491d5362d94cabe37f88bed8e201608dfd631192f82,artifact,repository/even_rank_extension_20261006/existing_serial_42/raw/00745_formal_N24_L64_ordinary_int_r2.jsonl
ed3e395dca02f17d,ed3e395dca02f17d2dc9b099858e40062f32a7fa7e9421913e53386151011471,f6d396160366c5a57530e3b757b4506e213f20b924adc86cae2be1b6ee92a307,artifact,repository/baseline_alignment_20261006/runs/v1/attempts/kronecker_binary_N16_L6_r2_a00.jsonl
ed5baf4e0275121a,ed5baf4e0275121a7d14711676fe7de3db7b373b0dc6b87d24007f3ed64d19bd,13a255fbc76e70260639a98d4fe83fc070d1247efadee7733c20b36c59f201d3,artifact,repository/baseline_alignment_20261006/runs/v1/attempts/kronecker_binary_N4_L8_r0_a00.jsonl
ed7b1384d8ef429d,ed7b1384d8ef429db5c7a5e1024470ec159c91a447e2aaade6c17180b622f203,5f43300e5a05bf86797c8c94c8c4bceebfe3c7388e7036cf67fdd3df93a76f6a,artifact,repository/even_rank_extension_20261006/existing_serial_42/raw/00896_formal_N64_L4_ah_block_second_r2.jsonl
ed9f838cc044566e,ed9f838cc044566e417192aa61a1707b8eea2a7e590ba8d7ba47c2e92ddc519b,4f701115d8ca58260e8eb55530042c9875eaed45ee9f8aeabe28f201ae0c5428,artifact,repository/odd_rank_benchmark_20261006/runs/v1/attempts/N16_L24_kronecker_binary_r0_a00.stdout
edc9f9498cc3dd2d,edc9f9498cc3dd2df4992ec9d6ac961f2db835deee386488c75d61861a8eed96,a3abe64826072e9f3931a80b3df3d4f737dabef953c544721b7a83a6561734ec,artifact,repository/baseline_alignment_20261006/runs/v1/attempts/fwht_N12_L16_r0_a00.jsonl
ee2060cc3a4186b0,ee2060cc3a4186b0d29b6f51e36cc4a93db2c0b3b4dd701df35fec63f73f372f,82a3630ca13f4f5a4aade52a8e6b8311530a083f426a54d4fe06f23b1e9ed14b,artifact,repository/baseline_alignment_20261006/runs/v1/attempts/conv_binary_N16_L8_r0_a00.jsonl
ee33803853c79ebb,ee33803853c79ebb64df3eba7c448d8b4a2e8941a582d7a45e5c2fc6e546103b,893ee0063afc8246b7856a89b16d60becb12336e79669f7261eb326d47e24144,artifact,repository/even_rank_extension_20261006/existing_serial_42/raw/00893_formal_N64_L4_ah_block_second_r1.jsonl
ee421e20fafb9300,ee421e20fafb93005ecbba0383a6b2a13d6508685c5e756684acabd2e6302826,c24044b28177da8dcc2b77d5b9f311c3f9b3f4df97aa5cb0a028e9a2292724fb,artifact,repository/baseline_alignment_20261006/runs/v1/attempts/kronecker_binary_N16_L16_r1_a00.jsonl
ee55d47566835e9c,ee55d47566835e9cbba7de8d110a3d5fc932c2b7e23be11eec19abaea521c90b,872259e9ff08f385e959acb5e4c1f998cffd43c04005646e511a2c4472c146b3,artifact,repository/baseline_alignment_20261006/reference/attempts/00431_formal_N6_L4_ah_block_second_r1.jsonl
eece061b0d57759b,eece061b0d57759ba01b51504979472fc206a3bb07789d28e028b670b4a615ce,7fecb9fa4d3d9ad52c6fd9821bde6bbde196911c7e0725a55e5e5432ff6590cc,artifact,repository/even_rank_extension_20261006/existing_serial_42/raw/00906_formal_N64_L8_ordinary_int_r1.jsonl
ef6f33afa1e0d5c8,ef6f33afa1e0d5c8a479c65a1052abac2af6aaa4dc833e947aa96dd5c658ceb6,6cda8d732e3cb87eaea12852216c8fd8b01976960019cfd1662c918309efdf7f,artifact,repository/baseline_alignment_20261006/reference/attempts/00629_formal_N16_L4_ah_block_second_r1.jsonl
ef72f84ae09d254d,ef72f84ae09d254d8b185530032c50b645f59e64b710118e353ca3b13774563e,e59d724a3c16140a5b4fdd5b1ef692dede2e6ad1dca9db26c42e6e2e3bf5796b,artifact_extension,repository/even_rank_extension_20261006/figure1_extension_evidence/matrix_raw/00847_formal_N48_L12_ah_block_second_r2.jsonl
ef8efb09cbc6f5ea,ef8efb09cbc6f5ea39b9d9ca47aae2d7995d25aa05661b043ca2fcea370a874a,5321aae6d3d19f447ec8f77c8404764854f39a1e78beb6e99d122a7d20dc7f5f,artifact,repository/baseline_alignment_20261006/runs/v1/attempts/pari_cyclic_N8_L16_r1_a00.jsonl
ef9eb78f683a39ec,ef9eb78f683a39ecd33ac17abc5e7c4800fe55ff0167ceb3dc79278142064520,a588bfa9da71c515c289ca574cfb650daf464b75b355f917683d2766141d9354,artifact,repository/odd_rank_benchmark_20261006/runs/v1/attempts/N16_L4_ordinary_new_r0_a00.stdout
efa4b420f91d2f99,efa4b420f91d2f995cf04721ba58f020d31f04b4330ace2b00d9a06c40106f35,ef491aa080c819970c5c82ef23044ec2bbc45536344445b98ef9a071e30aa4e8,artifact,repository/even_rank_extension_20261006/existing_serial_42/raw/00737_formal_N24_L48_ordinary_int_r1.jsonl
efb97f6ed573b959,efb97f6ed573b959b66db65448b15ab5d25814693ab42ac4be27feb052ae53b7,c0c61704a8ac015f4be17f78bb249a47ec70f192bcd13dc1fe0fe136ecdd9fd8,artifact,repository/optimized_pair_20261004/reconstruction/rank_extension/runs/rank_v1/worker_22.jsonl
f0a42fe34a082428,f0a42fe34a0824282df4fe1e864019ea07327c5a1b5d35b1f4ec0d18d092ab7b,385b4fe730dd0f4262f4ee89b215101b1c312d4b88534cdc885b81f0494c99bd,artifact,repository/baseline_alignment_20261006/runs/v1/attempts/conv_binary_N4_L12_r1_a00.jsonl
f0c43edf9f712e54,f0c43edf9f712e546e981aee3be925184024b2abf12e4244d729a46253da7649,c767f286b3a73c86215f0e92077b7a5ad3fc9031b5effbabdb2897510d73529a,artifact,repository/baseline_alignment_20261006/reference/attempts/00437_formal_N6_L6_ordinary_int_r1.jsonl
f136327c040c91a1,f136327c040c91a14712577617ab4b7f9c71a0b4425a63df6b026251661157b0,d2a9e41582a3375bd3b48e5fbf7bc97d42bfb8b30349545cd27a56dc11e6e731,artifact,repository/even_rank_extension_20261006/existing_serial_42/raw/00742_formal_N24_L64_ah_block_second_r0.jsonl
f142bb6e402f6ff7,f142bb6e402f6ff7432b30e307c46aa141646fcf8442f4b2afc07450e9c05241,0422afb8194ec2d4f8f33be12f00debbaec98436776b211b2ff3580b3c74b584,artifact,repository/optimized_pair_20261004/reconstruction/rank_extension/runs/rank_v1/worker_02.jsonl
f14aef73201ae706,f14aef73201ae706a45326bdf309d93252921660f75268f8f17abc8d915a9cb3,1404365f5b1803687e7a12cd6161f4c29f9f5c18f2488a95c012afd73672aaa2,artifact,repository/even_rank_extension_20261006/existing_serial_42/raw/00673_formal_N16_L48_ah_block_second_r2.jsonl
f14f7626aeddde4d,f14f7626aeddde4d11a5f4c034065e340a7def7477e94c73cf87091455cad1ab,a1cd1abbc0d5565e46a5186fd0eb95c0d5b622b1206f497890a7b6d0eb55e5f7,artifact,repository/even_rank_extension_20261006/runs/n36_v1/attempts/N36_L32_ah_block_second_r1_a00.stdout
f156a160787834e8,f156a160787834e8ecbc539fd8555d775039daf96b8327e4d6ceaae2f37b4628,31f30619525995ec11f218eb605ba37bdaf2dc3076c91d823305314c1f3e16c2,artifact,repository/baseline_alignment_20261006/runs/v1/attempts/conv_binary_N8_L8_r2_a00.jsonl
f15f493e797256ba,f15f493e797256ba5ab7cbdcc1e21a6d6e91cf0aa891ebd78e99be7f0cc2f10d,23d0b44720d0095068ac9aa0e448b9fb7a5e42b3464ae68d042e47d336a82201,artifact,repository/odd_rank_benchmark_20261006/runs/v1/attempts/N16_L7_kronecker_binary_r2_a00.stdout
f1d551a962f1709b,f1d551a962f1709bc96bab94f688d413cfa0ec2ae0b9831f941defaf1913778b,bebd3f62c86e5b7ea6ec32889cbc43692a2a2c4da8a32635f0275261cbee7daa,artifact,repository/baseline_alignment_20261006/runs/v1/attempts/fwht_N16_L4_r1_a00.jsonl
f231c46087f367af,f231c46087f367af484bfd6602c30a2db7eb666b1e5be0f70514757a389ae732,7b81f8b2af8f1e2a15b7e56c8e230d4ca7f95baf6a4a22984e983a9444b0f7cf,artifact,repository/even_rank_extension_20261006/existing_serial_42/raw/00915_formal_N64_L16_ordinary_int_r0.jsonl
f2599b9e28a77359,f2599b9e28a77359cfee5e0ecdfd896a51b55d2118c4764007158192967ee081,0ed234f721b735b66b8c822674e59816b5f5d04fb4c800b748ebbafd81819f85,artifact_extension,repository/even_rank_extension_20261006/figure1_extension_evidence/matrix_raw/00844_formal_N48_L12_ordinary_int_r0.jsonl
f2c7ff7f95bc49c4,f2c7ff7f95bc49c4f5ff8b47bcb7c413318eb89e6a26ab09eb446d60770ac6d9,705fd3e7dca4b5f7410ffdcd9794db0e6d3bbeb58f55bf8fc2eda262017b950b,artifact,repository/baseline_alignment_20261006/runs/v1/attempts/fwht_N4_L16_r2_a00.jsonl
f2dd26196077f2c7,f2dd26196077f2c7400ab12881189064e461d5637bb1fd8d27b9e4a07301dd35,c7aa5eeee00ca1779913ecd7bbef43f235ce9b05667cd3bbb84c27469b227495,artifact,repository/optimized_pair_20261004/reconstruction/rank_extension/runs/rank_v1/worker_26.jsonl
f379307211d98771,f379307211d9877157bce5d1129ce70fbd98c6da5032b4dc6cc2cd94acd17d2f,00503ddb2dff42f240e7f016daadefe7d3e09a5d1f2bf899df2d38833eea8862,artifact,repository/baseline_alignment_20261006/runs/v1/attempts/pari_cyclic_N6_L16_r2_a00.jsonl
f3cd0bab112f0b8c,f3cd0bab112f0b8c193e108091cc5504fac3466693798b621bd4a12ec4a4a409,f31e3ede69e2b6d3d7ba08017a3028988904ae667d6bb6888dc22b81de42c7bf,artifact,repository/baseline_alignment_20261006/reference/attempts/00515_formal_N8_L12_ordinary_int_r1.jsonl
f4456563bc6562ae,f4456563bc6562ae1575d58340aa95c8366c125ce43ec81b90415c8a4bf1637b,08369f70b43d042d15999a1ce4af5d947269668f78062c6191ff2c50128e9b54,artifact,repository/odd_rank_benchmark_20261006/runs/v1/attempts/N8_L8_ah_new_r0_a00.stdout
f46f83469bd644aa,f46f83469bd644aac0cc3fb67a094d2778a7902b85d2e1ff6217acb59b50141a,284cbd550353a9c9017001cc36383d1c110dfd73ee505c5808f45b81c8fd34a1,artifact,repository/odd_rank_benchmark_20261006/runs/v1/attempts/N16_L31_ah_new_r0_a00.stdout
f4a1f8407cc46ec0,f4a1f8407cc46ec0789fb347e61da6f33fd7ecc8fbedbce77afaa30ba0c6313c,b4669a32468f94377254e6d384cf7ffe362e4a435ed7a00dd1e44a41e14845c8,artifact,repository/baseline_alignment_20261006/runs/v1/attempts/conv_sequential_N6_L4_r1_a00.jsonl
f5036a1b75a33864,f5036a1b75a338640d40a52e4647bd72c3d5a0c5923e4854db31990db781edd2,29b3a85c94f9bfc698f0d5c2507dfced4f53195ab3b22c3c570199bcbb04db9b,artifact,repository/even_rank_extension_20261006/existing_serial_42/raw/00709_formal_N24_L8_ordinary_int_r2.jsonl
f56322a0116baf66,f56322a0116baf66cbf965b1d69c2ae9b958ab14b7a4c6011d639e7e0ffbee9a,bdd7f5e0f0b2de47419deff571002039c6ecbdd423c7350f7fa4fde6908c964b,artifact,repository/even_rank_extension_20261006/existing_serial_42/raw/00793_formal_N32_L24_ah_block_second_r2.jsonl
f5b8d18c2aab3f02,f5b8d18c2aab3f02f90ad60784fcb46468b90734faada348e94219213dac0fd4,d09f34fd8ecc32066ecc3d6fe290cae5eadd178223889a00d8b2d30dadbace24,artifact,repository/even_rank_extension_20261006/existing_serial_42/raw/00852_formal_N48_L16_ordinary_int_r1.jsonl
f68e0f1df9a60344,f68e0f1df9a603443e4504a80ff6c7196aa8fae9dfdb667af3705e2d45a62692,e586df362eb7c729a3a7175f6f8d3c890e40be8ef8d25227474d4d409362a999,artifact,repository/baseline_alignment_20261006/reference/attempts/00589_formal_N12_L16_ordinary_int_r2.jsonl
f6928b3fa28a63d9,f6928b3fa28a63d97a6bf2b6901f5004c2eb53d0bec2972be0c6d37f935f81b8,610e6de2fe34ef72b63e32933d4f9fef7dc736dd09802ba9d3b9ac02949b2a47,artifact,repository/baseline_alignment_20261006/runs/v1/attempts/pari_cyclic_N4_L6_r1_a00.jsonl
f7140f28c6cd54ca,f7140f28c6cd54ca3423943c45bd84eb47bb8db554020d2a7bfc11a1abd6a3e6,a1ac5ef197ca2fbde6b404b486e40b3f97e6bd60102551d07e4f41c23b109bde,artifact,repository/baseline_alignment_20261006/reference/attempts/00381_formal_N4_L12_ah_block_second_r0.jsonl
f73e569b989652d9,f73e569b989652d95035c3c4da88c2fbc00d2af096c6c3109035413fe7c97770,290ad4200c51d98c42992a470dfb58518e95a5b443c8a0e78905ba5cb14fa0bc,artifact,repository/baseline_alignment_20261006/reference/attempts/00561_formal_N12_L4_ordinary_int_r0.jsonl
f75b5951559837bb,f75b5951559837bb01c0f2e2d1dd1c77b670a929980cb0ecb4d8fa558bf05af4,a0e528a9176c23c77733726d593f2b277ae2341bf4a529f48334d26586799d92,artifact,repository/even_rank_extension_20261006/existing_serial_42/raw/00530_formal_N8_L24_ordinary_int_r2.jsonl
f77161d0a81c75ac,f77161d0a81c75acbf341c2bb6ddac832edea9882cb42bcb4be7de8b989886db,fa052726d9e8029da42afa2e8fcd6c946678b9dfe7ca2d17a54325fc5fd9ecd5,artifact,repository/even_rank_extension_20261006/existing_serial_42/raw/00783_formal_N32_L16_ordinary_int_r0.jsonl
f777e7d30c6951fb,f777e7d30c6951fb7554d3bc76d5ffee5765160ed2d1802f0f6ae4e3035ba7fc,6d913c881079b4ad9da7247571585a1f0c27e1affb487068f367d862af330d8e,artifact,repository/baseline_alignment_20261006/runs/v1/attempts/pari_cyclic_N8_L6_r1_a00.jsonl
f7bf4f1c68bf5304,f7bf4f1c68bf5304742a0ce5a5d9ca062c4b4dfde08eaf654cc383285f066c32,7f186b27e64b24a84d622c4382f360636c0a4628d379342b8e7c6f3ac2cb3477,artifact,repository/even_rank_extension_20261006/existing_serial_42/raw/00662_formal_N16_L24_ordinary_int_r2.jsonl
f7cd4369b984951e,f7cd4369b984951e3e974cccceb5cb498b0692f5e2d5f862c04fe3919dd6689f,23ef8833b8ec7cee9e227adb658aff414417a83daf227a5be19e8a6bfdb2921f,artifact,repository/baseline_alignment_20261006/runs/v1/attempts/conv_binary_N12_L12_r2_a00.jsonl
f7d96c86430c3364,f7d96c86430c33643df3e48e39107d48631976b657f6d7fc30a2897d531c8647,dda664f7ee4414ac77c06b05e56b9be6ddfee8fb6ac95d1cab0038843d49a20c,artifact,repository/even_rank_extension_20261006/existing_serial_42/raw/00710_formal_N24_L8_ah_block_second_r2.jsonl
f827e69444cfe4d3,f827e69444cfe4d3f9d681cc02471e88991382bdda3264e3cd13474bf7063777,67bd84d75a519d5a269a969552b618d5d16eb6b43e3a0198cd1614d5075920e5,artifact,repository/baseline_alignment_20261006/runs/v1/attempts/kronecker_binary_N4_L12_r0_a00.jsonl
f85ed5ad3be961eb,f85ed5ad3be961eb247ebbd6f7478e1c6486cdfdfcdf2d97e0e0c22af1044d85,ef58f07dae979f3f795f6188f803feea1dcff1a310dd3be8bcab0be774be0b08,artifact,repository/baseline_alignment_20261006/runs/v1/attempts/fwht_N4_L4_r2_a00.jsonl
f95d219d5a53f9c7,f95d219d5a53f9c771ebfc36e30896feaddb2fa0e70ea799125c3684a1bf754f,73bd1dc2a3d878fb767f92cb9c219d01d5040ff512d5f0413ec32f6f8c26e5fd,artifact,repository/baseline_alignment_20261006/runs/v1/attempts/conv_binary_N4_L4_r1_a00.jsonl
f99bbdc27483111d,f99bbdc27483111d856755c07bc79eb4b639a3176d5cc75238e1ad15d2f8ad66,86efc6a240b69ac9b6ba58ce6a45ee58e8331910a9319638c22c1ddafa73a186,artifact,repository/baseline_alignment_20261006/reference/attempts/00387_formal_N4_L16_ordinary_int_r0.jsonl
fa2a93e6e3a00556,fa2a93e6e3a00556c50878d279b08c58b4389905c5ce67e438cdbb45bc2c01b8,d1a5354eec62cf621f313dae946df9420febd8544cd33e67fe05b5350c4623a2,artifact,repository/even_rank_extension_20261006/existing_serial_42/raw/00762_formal_N32_L4_ordinary_int_r1.jsonl
faa39ac218f31d8e,faa39ac218f31d8eec1f3f4d4de4075403dab92ad08378c794c06e3368524512,7d6f1bee85e91dd8a0bfc2a7eba3f72e3295a7500095d8056b540772c98c09ca,artifact,repository/even_rank_extension_20261006/existing_serial_42/raw/00939_formal_N64_L64_ordinary_int_r0.jsonl
fafae44a842723ac,fafae44a842723acc985d24171d75148ef9d9d22842348e57258161a9411917a,837e0fa2cf27bc891d06d286484525f6c8ce28a3a40f0879f6612e3e98de4244,artifact,repository/baseline_alignment_20261006/runs/v1/attempts/kronecker_binary_N8_L8_r2_a00.jsonl
fb7a235b100fece1,fb7a235b100fece1c40d5d9b54fd12689a07df9249431658846536bbec1e997b,6a78f5424ba267366a74266ff97f008f62685e72dcc94fb8ce913f902af932f6,artifact,repository/even_rank_extension_20261006/existing_serial_42/raw/00659_formal_N16_L24_ordinary_int_r1.jsonl
fb9645211ea9804e,fb9645211ea9804ef344daeb34417bbf5f9380bebd1029f5d4ef5d25d7d235ea,40a165c2ae782d83ea7db56cbdf3956681328d88e1dae62b936a1c389f718cf3,artifact,repository/baseline_alignment_20261006/runs/v1/attempts/pari_cyclic_N4_L4_r0_a00.jsonl
fbc5d3319ef8fb83,fbc5d3319ef8fb832552516d024948b2bfc97302b4364f4f55e1f19c007ac77c,1f1da3b7685cccadcb1b4482e8249c58f7f3f7baa0b502d09bf744398a2374f5,artifact,repository/odd_rank_benchmark_20261006/runs/v1/attempts/N16_L4_ordinary_new_r1_a00.stdout
fbe6e5e71637af6a,fbe6e5e71637af6a7bc749310e23364797ddc634ea3733ccc24f244574505bbc,d364f0dbf8fec7ab59c6d33226d38cb54a13ba19fdfcf0fe809d011a8b8d2a6b,artifact,repository/baseline_alignment_20261006/runs/v1/attempts/conv_sequential_N16_L16_r1_a00.jsonl
fc419ce7a54539b2,fc419ce7a54539b2eb2b92a8584674a4171b27ab39cf7c55ba1e1ec642622efd,53386771978d0b79b5b85fedbb189b2453c55ee38c9413a380b7befaf7fd9baa,artifact,repository/even_rank_extension_20261006/existing_serial_42/raw/00856_formal_N48_L24_ordinary_int_r0.jsonl
fc6ebdf0448a2717,fc6ebdf0448a2717ea791888c53e1e41b32504264034e5daaf408a8f91494321,cb364c51f93197cf1571ff4cf2db46f97dbd70b480ef64e1268add4add81c043,artifact,repository/odd_rank_benchmark_20261006/runs/v1/attempts/N8_L31_ordinary_new_r0_a00.stdout
fc9c66725b11b8bd,fc9c66725b11b8bdf2c012b61a106ea92f4c9e74ad83244c23714dc02bf6d99b,3ac87e2264174dd25682d34bbe350068fa6e7ff6d31a4c742801f7676922a5f8,artifact_extension,repository/even_rank_extension_20261006/figure1_extension_evidence/matrix_raw/00911_formal_N64_L12_ordinary_int_r1.jsonl
fcba637eaf2b98ed,fcba637eaf2b98ed33671638c286ecba9e1643fd0cc2914d65b8a46eaed43e11,222126a5199918b39496430fff8b0548c76bba4b7ad8eee6b5fed83fe700f6f2,artifact,repository/baseline_alignment_20261006/runs/v1/attempts/pari_cyclic_N6_L8_r0_a00.jsonl
fcd68d1361f9f205,fcd68d1361f9f205df58ac91e9a88b5828e3773de894f10547bb895008dc7d3b,26bcdc75b3b0ac419ee9f5ea1f1bdc121b5b19bd5ab4020c17409c41dbc26f38,artifact,repository/baseline_alignment_20261006/reference/attempts/00454_formal_N6_L16_ah_block_second_r0.jsonl
fd4681e891601866,fd4681e89160186607cb06cd1a3f3b8d2a93065a348c46f3ae3a0cc2e52f457f,8cea74ef8c07b004b482f823624bb95c039c39e03554aa1cbea92977eeeac1ef,artifact,repository/odd_rank_benchmark_20261006/runs/v1/attempts/N16_L23_fwht_r0_a00.stdout
fd478d735d513f9f,fd478d735d513f9f5c43a783727b489e78664adeb87fa2c2581a8c30804fba03,756141488bff928a1a2c53ced93592ece0a515650d56026ec5a88463107cc515,artifact,repository/baseline_alignment_20261006/runs/v1/attempts/fwht_N4_L16_r0_a00.jsonl
fec3832bb2256c16,fec3832bb2256c16b205ee3a6ecc9a3bc6ff992428c6591ced6aeafb32687188,436b7c781f4ed9d374d0818ec04d24793f6f8ea9e2b5e3199d56e30ca07b42bf,artifact,repository/even_rank_extension_20261006/existing_serial_42/raw/00538_formal_N8_L48_ordinary_int_r0.jsonl
fee422fbf624cf6c,fee422fbf624cf6c5a00bfc4f33051611bf22d1fd46e3e4744fc51a29be89626,1729acff57afce30e5b46bde24a4440eacef75736e4c92a70b373a5d078c8833,artifact,repository/baseline_alignment_20261006/reference/attempts/00500_formal_N8_L4_ah_block_second_r2.jsonl
ff1d01798c1d5d3c,ff1d01798c1d5d3c7f13dd1c3779e708a1138a80865b016b4119c242befc4dca,9095e54234710c109f7f7e07e928097b9300ac8f427f9281769c334c5d3f1564,artifact,repository/baseline_alignment_20261006/reference/attempts/00579_formal_N12_L12_ah_block_second_r0.jsonl
ff347e09941e725b,ff347e09941e725b8b50fbe7b0eaeaa902b794aea50daac98e7006c8155805f8,da89b601b10ff5f9e3f85c4926e35675012192b97789daf4548e9411954ad2c0,artifact,repository/odd_rank_benchmark_20261006/runs/v1/attempts/N8_L4_ordinary_new_r0_a00.stdout
ffbf1e031e59ea07,ffbf1e031e59ea071f917317a33a6c45d47e5bd7d6bec41ef23c04a52b18279f,dfb00a8d5b9de3ca25c78bdf28b5f6d4008edabe510bdf78d1b41fcf32f139ad,artifact,repository/baseline_alignment_20261006/runs/v1/attempts/conv_binary_N8_L6_r0_a00.jsonl
ffde5bb66b3c536d,ffde5bb66b3c536dcf7db2603ccc798f305f54e50c3f336fcdf9a6ee374a61a9,ddeaa0bde199ede9288ae904c53271089eee7896a13ebc649bb18a0c4f23c79e,artifact,repository/baseline_alignment_20261006/reference/attempts/00503_formal_N8_L6_ordinary_int_r1.jsonl
fff1779889065712,fff17798890657125c15ff3570187878dab81141f1d58c1fb974b8483e1d93fd,79b3e00266e75ea7164350914521a5dbe7a9d53690bb764c52493e4605dc6676,artifact,repository/baseline_alignment_20261006/runs/v1/attempts/conv_binary_N8_L12_r1_a00.jsonl
