dataset,attempt_id,N,L,method,repeat,wall_seconds,sample_id,receipt_sha256
aligned_baseline,conv_binary_N4_L4_r0_a00,4,4,conv_binary,0,0.04028854053467512,c5ec57bd341ef0ee,eeee8aac1c47c2ddcb466bff210bfbb75c8c3265b75642e9f868bc4128baa971
aligned_baseline,conv_binary_N4_L4_r1_a00,4,4,conv_binary,1,0.04068176820874214,f95d219d5a53f9c7,82e7da93559def4eed829977b63bcb9a5fdd38018767fe387d3be4fd3891f161
aligned_baseline,conv_binary_N4_L4_r2_a00,4,4,conv_binary,2,0.03999195620417595,3f291d27d13f0beb,c15c4ddd08656837ad38d0d4ac895ea9762d32982b70583eca05c7d768a22f19
aligned_baseline,conv_sequential_N4_L4_r0_a00,4,4,conv_sequential,0,0.03999993484467268,65cc8678e45ec4be,dfdc594ba44f90a9a80c5f8ab67827f1ebd3fa43d151ca8049b6a55e1fff23d1
aligned_baseline,conv_sequential_N4_L4_r1_a00,4,4,conv_sequential,1,0.039816416800022125,dcc6c4062da20c73,729bb758b9bc2a4f37e134ea96df28e003f4e2b7ae8d35f5ba3abfcaf5bed92f
aligned_baseline,conv_sequential_N4_L4_r2_a00,4,4,conv_sequential,2,0.04142899066209793,71672d0bb795b6eb,a383a8eb47c5ad1536151408ac8be8ebc2494fe7b31e0099bb32f9936218cd55
aligned_baseline,fwht_N4_L4_r0_a00,4,4,fwht,0,0.04045974928885698,76ce42c2a20cbb4c,0f617acf105e75098834131ff69b9114d9b91d4eb43009e65c679f6fed9db0b2
aligned_baseline,fwht_N4_L4_r1_a00,4,4,fwht,1,0.04094697441905737,e7f3c64ecc109803,1977bb365079af72156a61fe4e5cdba82ff08f98a73e05e948b42dc332b29bdd
aligned_baseline,fwht_N4_L4_r2_a00,4,4,fwht,2,0.04050892870873213,f85ed5ad3be961eb,9847184bbe8d3bd9acba29be9f3be7e265a9a45190d0a593f80c8d628edb2459
aligned_baseline,kronecker_binary_N4_L4_r0_a00,4,4,kronecker_binary,0,0.040648454800248146,1b86daa5b9d1aa8d,d9c7e0521a7917ad81f9afc1405d94898b97740cbd00d9efa784c6def6e149e2
aligned_baseline,kronecker_binary_N4_L4_r1_a00,4,4,kronecker_binary,1,0.042244745418429375,c94651de6643020c,61a5f3a8cf8325c8a8e47638b60d2c672b5437a96443678349e34fad69193829
aligned_baseline,kronecker_binary_N4_L4_r2_a00,4,4,kronecker_binary,2,0.04151790402829647,5895c2244da83f59,77d7c3ed940d926f5a4f8180a095688fb6a47ce847358c2d0bab8da3134b5013
aligned_baseline,pari_cyclic_N4_L4_r0_a00,4,4,pari_cyclic,0,0.13872288446873426,fb9645211ea9804e,80d42739daa1ff8cd8d15a459eed4d8d1e6efce2593979e3e9273183dde6f5b4
aligned_baseline,pari_cyclic_N4_L4_r1_a00,4,4,pari_cyclic,1,0.1404155483469367,41f5d0c7fd7c5e6d,61231285312c4daa33175eca38a68aa1693052d17ab98cd0c0ca0cf760e51e3b
aligned_baseline,pari_cyclic_N4_L4_r2_a00,4,4,pari_cyclic,2,0.13905696850270033,cac5a2a7c701c5d8,2919b58906838023b160be3acc1b8f89ffd2c064ab38a19ccb8058b81b9e799c
aligned_baseline,conv_binary_N4_L6_r0_a00,4,6,conv_binary,0,0.04031637404114008,acfba684e3c4f2f0,5b9fb977a714f8868d0bbc484707b623f10a70bc1306349b748fe34d480c0b2b
aligned_baseline,conv_binary_N4_L6_r1_a00,4,6,conv_binary,1,0.040608164854347706,c0e498341f2c832f,abef0ea7eb87a414411f77256173f48b1e9169ef2df47f1f24a160678ba4c392
aligned_baseline,conv_binary_N4_L6_r2_a00,4,6,conv_binary,2,0.04011162277311087,6cebd7d85cf2f74d,29a69dc769f34860370438a97e0b3875cc3f1f88b52aaea644db63f2c1f3fe86
aligned_baseline,conv_sequential_N4_L6_r0_a00,4,6,conv_sequential,0,0.03952542971819639,2b44d2e706531c9d,f79e48d4ed2fe91d7068403d013d6339a2a9796040c3222e60e19cf6975cdcc3
aligned_baseline,conv_sequential_N4_L6_r1_a00,4,6,conv_sequential,1,0.04062927886843681,c030ec98c2483bdb,e00ed896689d844cbd7b4ea4edb3c0332e3977bbe764968d684af76bf42d8b29
aligned_baseline,conv_sequential_N4_L6_r2_a00,4,6,conv_sequential,2,0.04003374557942152,61cd27362839776c,95897c37527b1e6a50e6add460a5d76a00ff9f6bd06cb29fcfa57aa1895b80a0
aligned_baseline,fwht_N4_L6_r0_a00,4,6,fwht,0,0.040994676761329174,86b9e80b58bbb159,131c80678df5f4efd4fe83fc4c73d58112ac1eab8af5b816bd299efddf7ce9c1
aligned_baseline,fwht_N4_L6_r1_a00,4,6,fwht,1,0.04067992605268955,30a86ac897d6c789,4bfa08179c5ac11c0d78a5614b18ed3dbdc13f85a7990d2f476cfd124d686839
aligned_baseline,fwht_N4_L6_r2_a00,4,6,fwht,2,0.041058726608753204,9718ea882bc60027,7f32c7d48c21fa1425ed49e950e75ba0b0be9e57a505123316ecade60194bc6f
aligned_baseline,kronecker_binary_N4_L6_r0_a00,4,6,kronecker_binary,0,0.039567639119923115,a80b90dcf70e3360,4cf09a20f76a22783b493edc0792448314e90efcd5548f656a923704de13eaf4
aligned_baseline,kronecker_binary_N4_L6_r1_a00,4,6,kronecker_binary,1,0.04163320083171129,2318d2c91c79ee8a,1c1346e757146bc9680530c51677b9fe8d155a17155909f53bba2d539a96f33e
aligned_baseline,kronecker_binary_N4_L6_r2_a00,4,6,kronecker_binary,2,0.041007399559020996,7819a925b606ff5d,dec317261f0368251910699221d2ce8ddd84adda998f849540467c610d71f3e8
aligned_baseline,pari_cyclic_N4_L6_r0_a00,4,6,pari_cyclic,0,0.13857563864439726,8d8ea751761a7ece,d5cff4a89cbbd992d7f507ac7e86c039df6207bf236815537e812430f0309350
aligned_baseline,pari_cyclic_N4_L6_r1_a00,4,6,pari_cyclic,1,0.1414184235036373,f6928b3fa28a63d9,fa434b3e7dfa64262e0a8f503bc38a4c207434b3d7760efcd7e74f9762313be7
aligned_baseline,pari_cyclic_N4_L6_r2_a00,4,6,pari_cyclic,2,0.13978677336126566,cbe3176eb4a09ca1,8376562b99faafde9a37bb64723ca3e0e2ff7e17289e0fb8e271983abebaa7f1
aligned_baseline,conv_binary_N4_L8_r0_a00,4,8,conv_binary,0,0.040414764545857906,3dcc828a2fe2df22,d5c44a0977ff53d744527ae924284a065c789c586f1c7d3b11b89a0501add9a6
aligned_baseline,conv_binary_N4_L8_r1_a00,4,8,conv_binary,1,0.04124702978879213,be1c693574569e74,2613f4118c97763b7105b6b0add384062cc8b118b0c23cb5c2ec1b935122bb8c
aligned_baseline,conv_binary_N4_L8_r2_a00,4,8,conv_binary,2,0.040028502233326435,5e4bc4a8908bab50,84e4c141ed567b1ab0b9a16325034b653b06de0864361fba318303f84325403f
aligned_baseline,conv_sequential_N4_L8_r0_a00,4,8,conv_sequential,0,0.04006724897772074,66fe67888783c869,7734e7928b96a8b008fc8096cfc514b4ac341867056a83670f7f09c78aeb2d3e
aligned_baseline,conv_sequential_N4_L8_r1_a00,4,8,conv_sequential,1,0.040570370852947235,46cee5be5c3c1fe9,bd44e30f672c3e1ece40cda220c602eb9ab33abe0a630377d3f6360b87f538e9
aligned_baseline,conv_sequential_N4_L8_r2_a00,4,8,conv_sequential,2,0.040062518790364265,2a0f073240fbabdf,e9f0d32f04ad56bf6d8401dbc9a4b6ee3474be9191c1f604dde5a3f951cf8125
aligned_baseline,fwht_N4_L8_r0_a00,4,8,fwht,0,0.04025121405720711,843ac8a952dc2569,5ed347100f8a34284ba4ec016cb36eed2483d6e34a6c381db98997eee01c04f8
aligned_baseline,fwht_N4_L8_r1_a00,4,8,fwht,1,0.040127189829945564,7860d44a55b80143,a8bca343eee1203cd5c3c03fb7272d53c8cece99c2aa1c36dfa418df5b20fb98
aligned_baseline,fwht_N4_L8_r2_a00,4,8,fwht,2,0.041514490731060505,097e6a30faae75f6,54d1b184fd6892774abad86e353374e8d0b0891da96f4ab71aebda1a4f5c49d5
aligned_baseline,kronecker_binary_N4_L8_r0_a00,4,8,kronecker_binary,0,0.0412116339430213,ed5baf4e0275121a,4591ba3ab9fbf30057b4f7d513afbd8fa6b7a8dc3c4df617b4175a322366b18b
aligned_baseline,kronecker_binary_N4_L8_r1_a00,4,8,kronecker_binary,1,0.04227886721491814,365cda9519f4ee23,bec5fcdc83cf6f491ed9c26e0d31610c18524fccea17318c501bcdd9af6f8a90
aligned_baseline,kronecker_binary_N4_L8_r2_a00,4,8,kronecker_binary,2,0.04037940502166748,ad408f8c8c6a68fb,56ce71bab529d7e67c10a1e137e4d76d611b6a666a76c9f6247fe9911ca25020
aligned_baseline,pari_cyclic_N4_L8_r0_a00,4,8,pari_cyclic,0,0.13833574205636978,4ae44579fddcd622,b8ffc27cbbd35e65d04b3d75b901ff4df7a747d37fa24a103ec28d948762e863
aligned_baseline,pari_cyclic_N4_L8_r1_a00,4,8,pari_cyclic,1,0.14049440808594227,d7236a99bd4da449,e918b86a4e62c7823a6f45083740768376f2ce08a456b35ff88a97b1449f41f4
aligned_baseline,pari_cyclic_N4_L8_r2_a00,4,8,pari_cyclic,2,0.1392328990623355,da7f00558b879c59,cc52b3245d40f3863708f9b8db3119a35f89e13324689475e797d700ce2de369
aligned_baseline,conv_binary_N4_L12_r0_a00,4,12,conv_binary,0,0.0404090965166688,cc0b8ebbde640d6e,9b6e4b227b5113c36d00260d48041354f86cce0b7d9c15cbe505a32c14122056
aligned_baseline,conv_binary_N4_L12_r1_a00,4,12,conv_binary,1,0.04099870193749666,f0a42fe34a082428,01c72b8bcc0477d25ce9fbdc137718dceeff14f655de6f74f6a37ea38663deca
aligned_baseline,conv_binary_N4_L12_r2_a00,4,12,conv_binary,2,0.0400632144883275,6df4012ba45f9565,bbf2706aba9a3cbe782be04d26f2a92ef6343d6efd397aa00598a6e6dae79706
aligned_baseline,conv_sequential_N4_L12_r0_a00,4,12,conv_sequential,0,0.04070262238383293,44b5679c13bcc51e,5ee2c2da50260c47f5fc87c509066a5cae4dcc3a33fb2b5c5cbd2ea18b907acc
aligned_baseline,conv_sequential_N4_L12_r1_a00,4,12,conv_sequential,1,0.040299330838024616,b83ab1dd01489506,eeb56adb35cbde457e5588242d496fd284627a0d252a1480b282efba629b49ef
aligned_baseline,conv_sequential_N4_L12_r2_a00,4,12,conv_sequential,2,0.04015856608748436,41b756841b4db8cd,ccff995c9afeffc5db3c345e988bffe5cbe32069e4117920192acf59c23b1ef8
aligned_baseline,fwht_N4_L12_r0_a00,4,12,fwht,0,0.040627083741128445,b9710404a35ddfd6,edf7f588cdb2009e5ed7611e9ea0335a58cdc7217532744d2943374271bb4bc2
aligned_baseline,fwht_N4_L12_r1_a00,4,12,fwht,1,0.04028491582721472,d27f8560e534017e,8348548ca1bec2c3d5d4c9e605a5ea15d0fa0281ed2984cef30070890224510d
aligned_baseline,fwht_N4_L12_r2_a00,4,12,fwht,2,0.0424087094143033,bf7f75a23cb2d6f4,91361e2f706975fa56e85eeb57194bf75c36cb290f66980d156d914e8759780d
aligned_baseline,kronecker_binary_N4_L12_r0_a00,4,12,kronecker_binary,0,0.04082770645618439,f827e69444cfe4d3,bfd29d508edaad77107d93f796b509cc27679711355b63101a7885d78f29ae68
aligned_baseline,kronecker_binary_N4_L12_r1_a00,4,12,kronecker_binary,1,0.041047981940209866,2a1e84fb0cd09394,86f6501d7949b6228dfb134af851fd793ed4291466bd6f1c363276d0f832aef3
aligned_baseline,kronecker_binary_N4_L12_r2_a00,4,12,kronecker_binary,2,0.04044806677848101,d323531d60b182c0,d62514effaba26ef25c673fac08ed74749287e2dee414c7fd21fe0f82232bec1
aligned_baseline,pari_cyclic_N4_L12_r0_a00,4,12,pari_cyclic,0,0.1383696524426341,6d6ff1446714a806,8cef611dbe83713e8c9c5fea070575a3c16eb9e38026651749fe0969041cacd1
aligned_baseline,pari_cyclic_N4_L12_r1_a00,4,12,pari_cyclic,1,0.1405494213104248,1311c276424a8670,64e5f8c094fa188a4da06fd594410e5e05d7f9c82450e25c1320c0bd27a53b25
aligned_baseline,pari_cyclic_N4_L12_r2_a00,4,12,pari_cyclic,2,0.13913369830697775,7fe780b70de086fd,e6eb42f88ab26af90c6af2041784449edc72ae11ba01dc6f2f13e3d3ce8dc117
aligned_baseline,conv_binary_N4_L16_r0_a00,4,16,conv_binary,0,0.040042865090072155,87a1f0d542610cb8,67537286ab90bebeaca86215319b7fec609dceb6107a73770a17c8b118da203d
aligned_baseline,conv_binary_N4_L16_r1_a00,4,16,conv_binary,1,0.039762225933372974,d6e0a9b89b15f79b,015c911d6bc25097a5b1da83430e32f15a86e8eaaf649eebd4bb8f02e818c2e7
aligned_baseline,conv_binary_N4_L16_r2_a00,4,16,conv_binary,2,0.04196066502481699,2fe81dda564afd57,0a88ca057d35f111e6dab856148c5439124de53530a92457499f69dff18c46d1
aligned_baseline,conv_sequential_N4_L16_r0_a00,4,16,conv_sequential,0,0.04083368554711342,03ec53fe8cd4ff07,6320c91c9b72bd576084274715a8c39f2baad8101354a40de4c3ac2c0bedd230
aligned_baseline,conv_sequential_N4_L16_r1_a00,4,16,conv_sequential,1,0.04055682010948658,87259e6a9c1b22ef,9b14c2339ffb7eff0a968a755e1b9077340bdf3d71c83f04e31f5a2cdf1c038f
aligned_baseline,conv_sequential_N4_L16_r2_a00,4,16,conv_sequential,2,0.04000670928508043,7a0e87cc40876e0f,0b3aaa504d455ec7fcfdcca638438ee3d5cfcd6f1f688f1f4457a3235be2c55b
aligned_baseline,fwht_N4_L16_r0_a00,4,16,fwht,0,0.04081459529697895,fd478d735d513f9f,270c5a129b7b57cfe23f526ba737c0f2d78bce3e3113db2cc6fcca3e41c743d7
aligned_baseline,fwht_N4_L16_r1_a00,4,16,fwht,1,0.0407068245112896,ad556bb7b4b459f0,4e0952267f466a78abe56bb001cf91802574bec4cebdbbc8dc5822c0e78e2e0b
aligned_baseline,fwht_N4_L16_r2_a00,4,16,fwht,2,0.04016811680048704,f2c7ff7f95bc49c4,4afa3a8b31e63bdf0480d82b4e5e07b6d7a00122108430752ad9b14828ed4966
aligned_baseline,kronecker_binary_N4_L16_r0_a00,4,16,kronecker_binary,0,0.04097332339733839,db7b9b047b8f25fd,c7835d4a87268f72e868eff6fa947316d3b6c8ca4839a732b5d76b67d6bcdff9
aligned_baseline,kronecker_binary_N4_L16_r1_a00,4,16,kronecker_binary,1,0.04097782261669636,c2c1922911389b0c,3347e77f827ad6a06953f440550b481d1fef4b44b086948fd039c078fd1a2192
aligned_baseline,kronecker_binary_N4_L16_r2_a00,4,16,kronecker_binary,2,0.04038908425718546,377c6c6bb397782b,62f66be3d7f9373ffb7bffeee70cf17c00cedb4a443859a8f8c80227efde0e6c
aligned_baseline,pari_cyclic_N4_L16_r0_a00,4,16,pari_cyclic,0,0.13902229070663452,2c32580c6dffbf23,65ace842fd03600e31cfe7038148f8c461b96c59b16bd284a6a3f643cfbc901e
aligned_baseline,pari_cyclic_N4_L16_r1_a00,4,16,pari_cyclic,1,0.14106116257607937,4a0ee7fbd83dc92c,d5b4d14700852d459771db646c28c9e597562bea33b4cb91137c747bc2f55a9d
aligned_baseline,pari_cyclic_N4_L16_r2_a00,4,16,pari_cyclic,2,0.13979296758770943,9c8416dc29608312,504b4b07df25db392ad41dcc2009740cd7d44c7ba2bfdef9d5b382a35b97e746
aligned_baseline,conv_binary_N6_L4_r0_a00,6,4,conv_binary,0,0.04083234816789627,1fd57549ab7debe1,19b0d64bc0c65ce0bf840bd027183d77257d92152e3e399277aa2239099b5d79
aligned_baseline,conv_binary_N6_L4_r1_a00,6,4,conv_binary,1,0.04118625447154045,eac7d1479f5810f5,d9216d0bdae97cbc9d6693a6a05c4784545635c35c041b4a8bf043bb78aa946f
aligned_baseline,conv_binary_N6_L4_r2_a00,6,4,conv_binary,2,0.040360975079238415,2cfeae895443c359,16bfec49c635a457f8694c40e3b3717e0ef4510cd958cea16f623b8450bfeb3d
aligned_baseline,conv_sequential_N6_L4_r0_a00,6,4,conv_sequential,0,0.04072185978293419,83e39adf60de69ae,a8aed87b54503c7d6139c3da4e53fd3473b3070542c227324def483b1baa249f
aligned_baseline,conv_sequential_N6_L4_r1_a00,6,4,conv_sequential,1,0.041248902678489685,f4a1f8407cc46ec0,d0721eb766c3f6e371d686dda33d31a026bc382a09b3eb093e2afbfb2c9a84ed
aligned_baseline,conv_sequential_N6_L4_r2_a00,6,4,conv_sequential,2,0.04061476141214371,ae3a3e4f88075532,b643ea10ed561ad5c4d9de32a8aa0496e75db10eaf5dc2082827e7c346ad24de
aligned_baseline,fwht_N6_L4_r0_a00,6,4,fwht,0,0.04050152562558651,41cd0ffb12f998cf,bedb1c03e6ea56fe072a2eb79c9dee6931cf890f41dbe029768e237a98c9530c
aligned_baseline,fwht_N6_L4_r1_a00,6,4,fwht,1,0.04034566320478916,7567e19f5c2ee920,eef6fab40763ce5c48c8b7cb720d8def4e4582faef1b3416656118da3cf2602a
aligned_baseline,fwht_N6_L4_r2_a00,6,4,fwht,2,0.04159318748861551,452bb4029129a0d4,605e5fc92d604462579b82177dde6229bb30a8a721b1a8e46ed102fae5ed697f
aligned_baseline,kronecker_binary_N6_L4_r0_a00,6,4,kronecker_binary,0,0.041104952804744244,3da96a45f8b0faf4,fbe67ee553ad517c4087eb575857736b388de4591034cbc96665c96006ff4f32
aligned_baseline,kronecker_binary_N6_L4_r1_a00,6,4,kronecker_binary,1,0.041268288157880306,615a6f8d03cffb9f,00ee8aac6d958273e721aa3741d7259d3cfe66552523762de26ac19f1f74f86a
aligned_baseline,kronecker_binary_N6_L4_r2_a00,6,4,kronecker_binary,2,0.04071967862546444,207489b6036a30e0,6985b11b7d4c2257b66417b0fb6163876b63532c8e9e6af10fe1d0c5c3904dd9
aligned_baseline,pari_cyclic_N6_L4_r0_a00,6,4,pari_cyclic,0,0.13886929769068956,880a413f3229a009,695df6ebe5c6e7afd0513a84c5e6a1c566e0c616c95052ca263b7128a6bd0f27
aligned_baseline,pari_cyclic_N6_L4_r1_a00,6,4,pari_cyclic,1,0.13989970833063126,075dcdb62f2b2c29,236ec26bbefa75e6d52b656efdd12996f41c5d4e0e994180bd598f0a2434eedb
aligned_baseline,pari_cyclic_N6_L4_r2_a00,6,4,pari_cyclic,2,0.1432350967079401,358e8ae7da52a4c4,02a7b9a0915d353532781b89701ff117a032c01ae07d5b8a03e8a05ca582562d
aligned_baseline,conv_binary_N6_L6_r0_a00,6,6,conv_binary,0,0.040995593182742596,998e0b00bc92d8a2,52dee1e5f6606237a87577e1c6d6921a10ea5f99a30eaf9f9f8251e0fe993f11
aligned_baseline,conv_binary_N6_L6_r1_a00,6,6,conv_binary,1,0.041415292769670486,4ad0aa2d7abad0af,7bee5ad162258ca329c8961d3c0bf84633efd4bd2e89eb8644c1e282f4d0c2fc
aligned_baseline,conv_binary_N6_L6_r2_a00,6,6,conv_binary,2,0.041051614098250866,abf7cf8d6a1405f8,a15cbcaac1cda492a08a3f5da69782ff74e464dad27648a70a4153b6936d567b
aligned_baseline,conv_sequential_N6_L6_r0_a00,6,6,conv_sequential,0,0.04092042241245508,2b12884410eda1fc,498cbc73bb72f50f5310618beaf13154d859bf4d04cec36bf1dee265b0431473
aligned_baseline,conv_sequential_N6_L6_r1_a00,6,6,conv_sequential,1,0.041391825303435326,2388d992380c9570,e3db7bfc7d6f9bebc526a9d9140a29b453d653d5b9b0f561a8846446cb52cefa
aligned_baseline,conv_sequential_N6_L6_r2_a00,6,6,conv_sequential,2,0.040727073326706886,b7a25bfd38250fcc,aa29e629044847d4e3540a4f1dfda855d6eef63fc0fb375ad66ce3912572d617
aligned_baseline,fwht_N6_L6_r0_a00,6,6,fwht,0,0.039877076633274555,388d1ff87785ea85,dd7908b1e7a96ed68d1aae12fd0ef39fc85a9928f72318897ff92ed2815a961b
aligned_baseline,fwht_N6_L6_r1_a00,6,6,fwht,1,0.03991821501404047,ae21faab5c5d11c1,5a2532a49de54868e59123cd608b823a97ad0fa9a6ac8b3d9305d4392702031b
aligned_baseline,fwht_N6_L6_r2_a00,6,6,fwht,2,0.041273269802331924,ace9d99c1b37c3af,be1c559e9329d1448ade463d62eeb9bbbbde2830ca9c2b49cda93b77d22b2cfd
aligned_baseline,kronecker_binary_N6_L6_r0_a00,6,6,kronecker_binary,0,0.041100324131548405,d16a813c26a8b0b5,334037e7e8e6d9542837b1cfca46a58708ff1b463a3c26af6c683d97e332a0b3
aligned_baseline,kronecker_binary_N6_L6_r1_a00,6,6,kronecker_binary,1,0.04077601246535778,d17d6398d334fbbe,e88149ca4eae21ce8c31d671ac8bc5809960c2d4405d355f812c2736f46cc851
aligned_baseline,kronecker_binary_N6_L6_r2_a00,6,6,kronecker_binary,2,0.04193586762994528,1032110e3a607975,a8903f8eb188a7e6f1c5f183e1d4d456b0bec5ea15ecb0d72dce6e1d24e61d53
aligned_baseline,pari_cyclic_N6_L6_r0_a00,6,6,pari_cyclic,0,0.13868698477745056,4614823fa9f16779,29908b0da75176a77e668c4cfb1c5f40586805272a0d38615c0f1d176a620d77
aligned_baseline,pari_cyclic_N6_L6_r1_a00,6,6,pari_cyclic,1,0.14019093476235867,c26e517e43e7cdc7,e502544ecfc23faf4049e45660abb0ec7e64b34b9f9b0d2d5987060ffb93af3b
aligned_baseline,pari_cyclic_N6_L6_r2_a00,6,6,pari_cyclic,2,0.13942371774464846,879114508d7cd8d1,81c17ecbe7b2f4098240c0e0b34466ec09749d8301fd10259b68d3bcc2671d2d
aligned_baseline,conv_binary_N6_L8_r0_a00,6,8,conv_binary,0,0.041085924953222275,2c89e6f28f567d74,82019b657472376426e9a237fbd35439cd1d5d4e73b3aed2687931284206ccba
aligned_baseline,conv_binary_N6_L8_r1_a00,6,8,conv_binary,1,0.041296474635601044,7978addbbb5679db,2820e5b4ab57930fbed3910a5d60cded00cceeb4b3a7a6c55ff3939b0e0eeafc
aligned_baseline,conv_binary_N6_L8_r2_a00,6,8,conv_binary,2,0.04051188565790653,0d0d4456a24dfdfa,8aabf749becf7c9d924f6406ca5ad3d502dcfbf0e7a6c80827209c85e1adec99
aligned_baseline,conv_sequential_N6_L8_r0_a00,6,8,conv_sequential,0,0.041514677926898,93c5ba60e494dfb8,e8dd3dbd2e7bae413e7f9db1940cff6befd8418e098e8ace01766204ca8cece8
aligned_baseline,conv_sequential_N6_L8_r1_a00,6,8,conv_sequential,1,0.040968459099531174,0b18a76df071b210,e7a7bdbd9fbf739ff85c6db4f7ba4a53f7eefc616a5aab9b3165145d8556410b
aligned_baseline,conv_sequential_N6_L8_r2_a00,6,8,conv_sequential,2,0.042242635041475296,943a8585d1654f06,b44f49b5f04ffb3b8a2c775c23a38ae6e55929c5a5d79974de3dcc420120cfd2
aligned_baseline,fwht_N6_L8_r0_a00,6,8,fwht,0,0.040223908610641956,cbb731b4fd2a818c,9ffeebeaa62e470a5fdd8d460f44a980c17e78be8fc64744a7f0497744f50ab6
aligned_baseline,fwht_N6_L8_r1_a00,6,8,fwht,1,0.041006000712513924,826b0c7a5447c74d,e637d065c528fdcb003d0e7e8865cbdf8f913b90b8a8870812f68dc2b742e813
aligned_baseline,fwht_N6_L8_r2_a00,6,8,fwht,2,0.040213762782514095,8a9e8a8b830ef8a1,600eb37eee01b1c3eaa66bd2b0229e3895fead8147d367bba90c42d3f6907b1f
aligned_baseline,kronecker_binary_N6_L8_r0_a00,6,8,kronecker_binary,0,0.040583981201052666,6351f0d78aff289d,a6c9881b7f705a272be3cb6db4814939e2a226db8a38de10b2ea747b75678654
aligned_baseline,kronecker_binary_N6_L8_r1_a00,6,8,kronecker_binary,1,0.04040301777422428,b196ce6f6a4fce35,cf859fca8f6c3b5fc271408080a3b96ec27c211e3299664964dfebcd38204c15
aligned_baseline,kronecker_binary_N6_L8_r2_a00,6,8,kronecker_binary,2,0.04150663409382105,cd1077364a6e9467,7ceb52cb323d82d361435183798fb96ab0d9a6ef1303759df09c0f26c174b5a7
aligned_baseline,pari_cyclic_N6_L8_r0_a00,6,8,pari_cyclic,0,0.13873972930014133,fcba637eaf2b98ed,493dca6adefbe0936022035e11c2a6a5c00bc07a7402a3de447db409d65351f1
aligned_baseline,pari_cyclic_N6_L8_r1_a00,6,8,pari_cyclic,1,0.13949667382985353,1f785164c73d6552,3c74bd2fb508b6c4e50f6e96212fb4b72c186c3dd42fe7e85e2ced10d2baba03
aligned_baseline,pari_cyclic_N6_L8_r2_a00,6,8,pari_cyclic,2,0.14152445457875729,b230cf8460434342,47eb0cec16cf5a06d8aeb475f13f0e0745047472ac9f4293a2729c8422e2545d
aligned_baseline,conv_binary_N6_L12_r0_a00,6,12,conv_binary,0,0.0414317948743701,4c5e4e7dfc22094c,6b36af34434f73fed7f443982242421f6f0309749c437619eca2293f248dd6e9
aligned_baseline,conv_binary_N6_L12_r1_a00,6,12,conv_binary,1,0.041273172944784164,0eb6b393a669e4eb,6b90f8a3c02d99e2a0b34cb05769f2db24685eb043f9c6e7dce1d629e1b2c056
aligned_baseline,conv_binary_N6_L12_r2_a00,6,12,conv_binary,2,0.04104563035070896,89798682c6e2b0de,7a9856bc06915a54eb8c54d0fb610495ecc46c9b9aa1b36b9fad5e88513c13a5
aligned_baseline,conv_sequential_N6_L12_r0_a00,6,12,conv_sequential,0,0.04271721839904785,1f84821969d50aa3,fb199c69f1c423188ba5a6cd358f0e1371406b7562d96d385e7b071155f64933
aligned_baseline,conv_sequential_N6_L12_r1_a00,6,12,conv_sequential,1,0.042209227569401264,7c2819afc5bcf469,eb08f5a5c700315165b941f1425351074c752465794d9a324625fc45db328044
aligned_baseline,conv_sequential_N6_L12_r2_a00,6,12,conv_sequential,2,0.04164216201752424,519b536071a301e6,9f5cb5cb8315b6728f028b8cf2f8f97ecf58dbe5834c2b594bdfa1f3b84bb49e
aligned_baseline,fwht_N6_L12_r0_a00,6,12,fwht,0,0.04065507743507624,377ba6825e2f8370,d6d6e3e5846e62ea59b728d8ae631a8515497fdfaa229fb1b17a09e3b8f8b6c7
aligned_baseline,fwht_N6_L12_r1_a00,6,12,fwht,1,0.041081043891608715,b2dd3805137a763a,0a1432698e56cff0f406b44dd45706ed27d1279dd803259c5559c36e4ccfa223
aligned_baseline,fwht_N6_L12_r2_a00,6,12,fwht,2,0.040743802674114704,afa6c96e3cb3813d,753716a264ea0a787de8c76e10910df4ad123c9632fba38749fd2cca8eb9336b
aligned_baseline,kronecker_binary_N6_L12_r0_a00,6,12,kronecker_binary,0,0.04055198561400175,414fe593e4e49bcf,3af7f7d221aecc2e06a18d3975a64ad3c8714b3b073248f4c2f20d3ad0bbbb63
aligned_baseline,kronecker_binary_N6_L12_r1_a00,6,12,kronecker_binary,1,0.04063042625784874,8e269d83dc974938,1bdb401307a48b373e2e5bac77371f3bc79df7e676de5ac6f1dadf9ee487239d
aligned_baseline,kronecker_binary_N6_L12_r2_a00,6,12,kronecker_binary,2,0.0417132917791605,a51ff2299b850a04,ac3e0ba5d59105016a372e4b9cfbbcc933a543f2f46f2f94411cd8536400e38a
aligned_baseline,pari_cyclic_N6_L12_r0_a00,6,12,pari_cyclic,0,0.13897569198161364,d2d2cd2058047138,33c2d1788deba058b0253e9ab34a69bbe1bb97f82cb6c0b0d48be8e48735b115
aligned_baseline,pari_cyclic_N6_L12_r1_a00,6,12,pari_cyclic,1,0.14107878785580397,7d01686f4fa00955,af56c13dc0dc6905f3ec4e81128faace1c6ef311993c6d28c63ccd0e1ac34076
aligned_baseline,pari_cyclic_N6_L12_r2_a00,6,12,pari_cyclic,2,0.13969767652451992,9c155dff87c0fb07,a2621aaf66bfd45f6ba4e2fd6752be8fd325b354a47270cceeb400cae8febf2f
aligned_baseline,conv_binary_N6_L16_r0_a00,6,16,conv_binary,0,0.04112548101693392,b4bd037a78d99a73,5d06c1e89d3204b4d553d826c8575a4c7b11cb232fb018cb668c517b29fd70d4
aligned_baseline,conv_binary_N6_L16_r1_a00,6,16,conv_binary,1,0.040995215997099876,0fab4637c64fa548,32885f989d5d9dbba36dad46827adcee06b9b20f25cff98ddad932d46a2e98e0
aligned_baseline,conv_binary_N6_L16_r2_a00,6,16,conv_binary,2,0.04191584885120392,6286f895d4310351,f461785c32c23ac9b423d2835c26749b21c237781814ccf57390d4aed82b88a7
aligned_baseline,conv_sequential_N6_L16_r0_a00,6,16,conv_sequential,0,0.042848292738199234,8d9137958abb31c1,071c584d68461f26ec127191962fa328a4bbf36072ba6ff0016fd2dbb3fb8976
aligned_baseline,conv_sequential_N6_L16_r1_a00,6,16,conv_sequential,1,0.043039665557444096,3ef00641155fc196,bd47951b290eb511a5ca771a4eb2fde0d79c703ff995400e17cc6ff9e9813312
aligned_baseline,conv_sequential_N6_L16_r2_a00,6,16,conv_sequential,2,0.04268018249422312,b6a53144b0b8e112,b98ca6f03f244be947652b305cbaacf6592d885335dd7df3dc89c6e7caabb094
aligned_baseline,fwht_N6_L16_r0_a00,6,16,fwht,0,0.04014085605740547,338702578773149b,90221729bf600c428fe753bf95ad7aa76919b267f121985ecc05b86a05940066
aligned_baseline,fwht_N6_L16_r1_a00,6,16,fwht,1,0.040947457775473595,080211985e0d1ac1,5be22fd286227e435ad8cd7c1e013a576817ab47d6e7f32219dd4503f4fd1e34
aligned_baseline,fwht_N6_L16_r2_a00,6,16,fwht,2,0.040168638341128826,ce2728cf8b0a7334,18c4dfa1dde0b6dba9d7b375ce0f0566beb3deadc3bf3f054417120995d1ae36
aligned_baseline,kronecker_binary_N6_L16_r0_a00,6,16,kronecker_binary,0,0.041016021743416786,1f1f0ee41638d9f1,433b2058de994e4edd0d0ee6ec95d737b7f8a153eea16d6878ecc22327589e1e
aligned_baseline,kronecker_binary_N6_L16_r1_a00,6,16,kronecker_binary,1,0.04104055371135473,4a736761b4e26b92,de929d1530eea2a30ec097d89d60e5208d03d55651de9995c3eefc6e0d92f2de
aligned_baseline,kronecker_binary_N6_L16_r2_a00,6,16,kronecker_binary,2,0.04136234242469072,2036b117d77c4940,4d3400047124d7e57085770a669b4ba614feab3e4fbc2ee4f576a672242c74f7
aligned_baseline,pari_cyclic_N6_L16_r0_a00,6,16,pari_cyclic,0,0.13870841544121504,1efc2fdda5007e40,32f3206a3a38c5f45bfadf2a6f4918de79fa4bb49bbf74c464f21f85a3158b83
aligned_baseline,pari_cyclic_N6_L16_r1_a00,6,16,pari_cyclic,1,0.13967558182775974,0a9d320ed63a71ee,743fdc3335894a1f8af908139c1d8e7839dd41eb59589d0da77f8542c80b05ba
aligned_baseline,pari_cyclic_N6_L16_r2_a00,6,16,pari_cyclic,2,0.1416717767715454,f379307211d98771,bb3da74d5fe79c548b7ef9647b393895c13394311ad127544b41fd479dd5721e
aligned_baseline,conv_binary_N8_L4_r0_a00,8,4,conv_binary,0,0.047640384174883366,96b96c5c6789de5b,e6591cfea26a782f32ccbbd17fc72003aeaa516a1b272ab4d412861e9a7b5f99
aligned_baseline,conv_binary_N8_L4_r1_a00,8,4,conv_binary,1,0.0483201676979661,8b60790b567707a1,04d3f791866552959f4c59c490e97512361fdf82693fff1bb4619eaf533b3df2
aligned_baseline,conv_binary_N8_L4_r2_a00,8,4,conv_binary,2,0.04796405881643295,9967519a6ccacb1e,a8b05ad47ff9ad6f658ff703afc0776b00dca290d1d431f42dbae87b91e97847
aligned_baseline,conv_sequential_N8_L4_r0_a00,8,4,conv_sequential,0,0.04728900548070669,aa37b7fd3dfe45c9,76b9d2f14a2b9cc7becf66b1c56a016dfa04ee452d13c5ed819a796d8c1f1c93
aligned_baseline,conv_sequential_N8_L4_r1_a00,8,4,conv_sequential,1,0.049061200581490993,0a5ac4828e3b9fee,6ef06bc91b7708433da16785340fe44b6677b4c33c4b12ee1053ad570053d87e
aligned_baseline,conv_sequential_N8_L4_r2_a00,8,4,conv_sequential,2,0.0481316726654768,22d253e57f61f95f,33d4e70812366acb737923562bb701ded507bfe1eb21694652dafa9f1f06ec91
aligned_baseline,fwht_N8_L4_r0_a00,8,4,fwht,0,0.0409093601629138,345e2fad983e5878,9af93f2ce1347f3d8f6a55e48fbcc976305f3ad450f2efd8b84e260bd903ef3d
aligned_baseline,fwht_N8_L4_r1_a00,8,4,fwht,1,0.04064775537699461,a224f35e969702dc,dab7d22e9f9d7b0c429a1ccd606a8e97bc4aadc5d453ddfff7916867c87eaf56
aligned_baseline,fwht_N8_L4_r2_a00,8,4,fwht,2,0.04171266686171293,50742edc339ea96d,ad936848d7945395ef381ff1d65762056db7d6774d8b9d2073ba703b105c3887
aligned_baseline,kronecker_binary_N8_L4_r0_a00,8,4,kronecker_binary,0,0.04200027324259281,e05f11dcbeb129a2,6997671f589817d7bd6ab8db980a3c39f0f0732bcb4c4019ca46caee4aa3659c
aligned_baseline,kronecker_binary_N8_L4_r1_a00,8,4,kronecker_binary,1,0.04204937070608139,d19f1942c4bb2112,4cbf6b65437b6c6134e3193cf6663e37505f79acba206f99be2dc98f132f0692
aligned_baseline,kronecker_binary_N8_L4_r2_a00,8,4,kronecker_binary,2,0.04192048404365778,8d15694519a11541,445be2253e1559171bdac69b19b56531c889cfc6d04069e3ce516c2594e9456f
aligned_baseline,pari_cyclic_N8_L4_r0_a00,8,4,pari_cyclic,0,0.13850514590740204,bd8eed4c4a6e3e81,2535002d645e25526f7be75b7ea4ad333cc9f0257f5703b72e18e9b65c0500fc
aligned_baseline,pari_cyclic_N8_L4_r1_a00,8,4,pari_cyclic,1,0.14113651867955923,e5c9150a8700663b,4fcaa0d8bc9c6c0602d74dbb5ed8299399f1b9dbd4ec727694a7de996a991a4a
aligned_baseline,pari_cyclic_N8_L4_r2_a00,8,4,pari_cyclic,2,0.13998759910464287,977c58c3b946a3f4,109d6892242cb8b3fb5cae54f580de8d9abb1668ad0e83cd3bab4a897fd26cfa
aligned_baseline,conv_binary_N8_L6_r0_a00,8,6,conv_binary,0,0.05041767098009586,ffbf1e031e59ea07,24223a4c46116662d4d457862c85d3560ba550afa4565b76c3406bf9ee986bdf
aligned_baseline,conv_binary_N8_L6_r1_a00,8,6,conv_binary,1,0.05068124085664749,83179c76c3f94c77,4f639d65d3f2e3a613102bd15851e1532beac5df871e6903f0eff2f9c69a31ce
aligned_baseline,conv_binary_N8_L6_r2_a00,8,6,conv_binary,2,0.050932612270116806,c99c0e6be59a350e,16730e57810236efcb8ba1bd9cdac81abab5b957462c090df3679cba4ccf8de4
aligned_baseline,conv_sequential_N8_L6_r0_a00,8,6,conv_sequential,0,0.053382713347673416,c84578c5a8876b7c,4e893e5890d88299ee85ea477725c32feb3acbd144db89a643aa0509c050a40f
aligned_baseline,conv_sequential_N8_L6_r1_a00,8,6,conv_sequential,1,0.053133321925997734,9a1dfd3f496de42f,2195c2cf62c12ae1d06cbcd1d4a21ef30f7f30cba98db1329e96abdbcac47462
aligned_baseline,conv_sequential_N8_L6_r2_a00,8,6,conv_sequential,2,0.05457240715622902,512e96d47647d09e,977c2e9d0c0291ebc4aa9b358f552074ec5177248d704df3fa13e96e854807f3
aligned_baseline,fwht_N8_L6_r0_a00,8,6,fwht,0,0.040597185492515564,89c86546724e7d95,f0b16840dc86c66002eb9fcc11824c59303d4a7b99b48cc83d1d6b22041b1a6e
aligned_baseline,fwht_N8_L6_r1_a00,8,6,fwht,1,0.0412729037925601,44d16ce7b270c610,fdc407198479e7c529d7465519785809493386e5b851b30777367d823a979c0e
aligned_baseline,fwht_N8_L6_r2_a00,8,6,fwht,2,0.04043117817491293,b1a3e59cfbb7f292,0b6d266070853c2848bb4fedd3c599d031b53bd83b38e557f711176bd29ac2d1
aligned_baseline,kronecker_binary_N8_L6_r0_a00,8,6,kronecker_binary,0,0.04210466053336859,391c5d68dfc2ff79,17c1e8812be761a1bce664c616aa9c32d26043bcb29660ab7a6b0648fcac6190
aligned_baseline,kronecker_binary_N8_L6_r1_a00,8,6,kronecker_binary,1,0.0424109548330307,d49ebe78978b0ad9,7dab594fac80413b9711e4d2024e43b7fad3a450bcfd2f1150b74443d2e51976
aligned_baseline,kronecker_binary_N8_L6_r2_a00,8,6,kronecker_binary,2,0.041548329405486584,204ed36e1ab70c31,33854f0f0fa48924d96b4d3fa07ded9d41d1117128ac5cc6113702dd9711f412
aligned_baseline,pari_cyclic_N8_L6_r0_a00,8,6,pari_cyclic,0,0.13948463834822178,c10fc1f5a5288028,cb9094d08d0cc397a229ba063061ef4d4f7c5cfe494766a5209e0ebccf2b664c
aligned_baseline,pari_cyclic_N8_L6_r1_a00,8,6,pari_cyclic,1,0.14183946885168552,f777e7d30c6951fb,a50b24e4af8a7570d96658b2255baebc7fe10e12541ba74d02083b51caf76368
aligned_baseline,pari_cyclic_N8_L6_r2_a00,8,6,pari_cyclic,2,0.14146736729890108,5ced5128ed48cf24,c4facbe6387b9a5ad58eafc10d4a1b36520c21fc8769a2d6c6759f57e340032b
aligned_baseline,conv_binary_N8_L8_r0_a00,8,8,conv_binary,0,0.0491450410336256,6d95b0a8a081ca8b,39b98421495eaf670b2e94861b05b449d0dd1b0d2b0042a02619129e82d3beae
aligned_baseline,conv_binary_N8_L8_r1_a00,8,8,conv_binary,1,0.05091001093387604,4d11528c8b1755ac,10f5dd8904bec53f9287d5ea0e326c6f8772dcca02070a88b1c4b8456e08aea4
aligned_baseline,conv_binary_N8_L8_r2_a00,8,8,conv_binary,2,0.050359862856566906,f156a160787834e8,8b364e4c7564d260a0f00515636a0b874e4f2e8de592340827d1a10ed675b526
aligned_baseline,conv_sequential_N8_L8_r0_a00,8,8,conv_sequential,0,0.058362689800560474,942fb0bf04df7298,481c6c6c27b92e5d9a75ee799d80ba17dcf32ab26469be4c19635015019dea0e
aligned_baseline,conv_sequential_N8_L8_r1_a00,8,8,conv_sequential,1,0.05800099577754736,d9f35877a84e81b6,ae64c65f006e51bf3dab2c3ff11acc588495788e34de592c253cf742413250f5
aligned_baseline,conv_sequential_N8_L8_r2_a00,8,8,conv_sequential,2,0.05941137857735157,40c0afeefe40a54c,2304bf6458bb2499c670fcbd1abcbc0159a444cf4d526d7d7ea0feca29843b7e
aligned_baseline,fwht_N8_L8_r0_a00,8,8,fwht,0,0.04010534565895796,9ccc1033705b64d6,b0b41db539474966272fa2a75cc53582fde4c33ea09476861792a33c73929cca
aligned_baseline,fwht_N8_L8_r1_a00,8,8,fwht,1,0.040417300537228584,b39ba350560528ee,28856e60430f39b116a6c130ab5632901642ebdc7d1ab1481cf8b6515b2a5ab9
aligned_baseline,fwht_N8_L8_r2_a00,8,8,fwht,2,0.04185367841273546,1c82ea8c5c103d02,7644faf4c8dba6de03f9316dac0736f3c83743a9dcf91010f0c5a2a7f6e4d865
aligned_baseline,kronecker_binary_N8_L8_r0_a00,8,8,kronecker_binary,0,0.04182067885994911,354f20e61fd8bf3a,9cd65f2c4948087f937c07805b44f24f3fc0b1e40bc3f6c01d09d73d706c6f1e
aligned_baseline,kronecker_binary_N8_L8_r1_a00,8,8,kronecker_binary,1,0.041500285267829895,05556305904a3cf0,b1651f4cf98dc82ab8795e0f513c32cd9d12145fc8af90644e9dbff407a3ff3a
aligned_baseline,kronecker_binary_N8_L8_r2_a00,8,8,kronecker_binary,2,0.04293405544012785,fafae44a842723ac,edb3d34c06e09cc31c8248448eb4f8231a9282cc93edf3773f71883363390e7a
aligned_baseline,pari_cyclic_N8_L8_r0_a00,8,8,pari_cyclic,0,0.13995886873453856,a9d26f21a2f5c417,f37120cdca0b202a375f5d8ea8d224b9cc3914d3c6c1e69da165f2c08994eaee
aligned_baseline,pari_cyclic_N8_L8_r1_a00,8,8,pari_cyclic,1,0.14181796461343765,37eeeb450a72a659,f2235bc68eb53e170cec95c79c4ac03e9e9f1365243eb94f60ab9cd313738b2e
aligned_baseline,pari_cyclic_N8_L8_r2_a00,8,8,pari_cyclic,2,0.14124775491654873,16d87d4e67c92e34,70ec34ea59d1505a5176df0ac7ec2e2f71292b493f83f67851b7278dba0798bb
aligned_baseline,conv_binary_N8_L12_r0_a00,8,12,conv_binary,0,0.05158556066453457,c9256119bafd53d4,11612d43969c4bc43182d53401c4254de16b648e9b55def0851c6701c8397135
aligned_baseline,conv_binary_N8_L12_r1_a00,8,12,conv_binary,1,0.053220652975142,fff1779889065712,e9a2e012a4306a7e08f8ae4aa286cd3ac0c3ab0c07b8100c0e7421681c30c99b
aligned_baseline,conv_binary_N8_L12_r2_a00,8,12,conv_binary,2,0.05338818021118641,1895b92a7a536436,1267560a0223c3b02e3c8303adbee6cdfdfbf24c37d42e65e065649f15c6b828
aligned_baseline,conv_sequential_N8_L12_r0_a00,8,12,conv_sequential,0,0.06783445458859205,d46ffa3707f92397,f59a63bf6099ff8eb9cd8d4de49433e7ce9e9d9509b50ea683331620145e2bf9
aligned_baseline,conv_sequential_N8_L12_r1_a00,8,12,conv_sequential,1,0.06878098100423813,7ed30d0c672cf20a,e5ad9d12b2cb72e7616081633b15574f704373d034596bd8311c24a5108d635e
aligned_baseline,conv_sequential_N8_L12_r2_a00,8,12,conv_sequential,2,0.07023070845752954,afebebd63f74ed19,56e50010adfe4f6cac50884203aa3fe2fa16eb9f55f7f1569dd62d5d38c85318
aligned_baseline,fwht_N8_L12_r0_a00,8,12,fwht,0,0.04145073797553778,22f586cb166185c8,a5f8335e66ae71cfe0448f3301a48ad20478b10622cb696ef0b0ee17ef7d3061
aligned_baseline,fwht_N8_L12_r1_a00,8,12,fwht,1,0.041622613556683064,548dbb665e92a184,32f7c559dcf3e0952b4f95e3dad41cf17e43a2248c23cc12f82f25613d1ba3c2
aligned_baseline,fwht_N8_L12_r2_a00,8,12,fwht,2,0.04082486778497696,ddbfd9b1dcbb8349,7ac718b95d614680d138fb16a882f8bc0cae847804bf527c0b490566bcc1409d
aligned_baseline,kronecker_binary_N8_L12_r0_a00,8,12,kronecker_binary,0,0.04121998604387045,2778dab65b1dfc8e,11a7f0d6656135333b5065c1b1e78a1b4b85dd66d9547e9bc03e339e8396f4b4
aligned_baseline,kronecker_binary_N8_L12_r1_a00,8,12,kronecker_binary,1,0.042025608010590076,e1bd6f825f8d099f,287ead515dcfd830ade22580b8545cd575da12fa386b403ac8517932fab4da8e
aligned_baseline,kronecker_binary_N8_L12_r2_a00,8,12,kronecker_binary,2,0.04324628505855799,4d94ddf645ef890c,91a5d588dffe8f98a3a2067859bff40503f293497f06f7f4d1e484bf5b3f0bd0
aligned_baseline,pari_cyclic_N8_L12_r0_a00,8,12,pari_cyclic,0,0.14021320641040802,a8170342d45a35af,bd63c70854062c5ac91c34a750a5dc0cce9f457a6c86e9cd2b76e089732f0f4b
aligned_baseline,pari_cyclic_N8_L12_r1_a00,8,12,pari_cyclic,1,0.14085491467267275,1ba1c847e083004f,ca711a69d1bba9eb4bad4c00602c5859db1444b094ab7681090be583548dfbb5
aligned_baseline,pari_cyclic_N8_L12_r2_a00,8,12,pari_cyclic,2,0.14287724625319242,96d56f0bf23a3cfc,a2229c8afe869c091157dc5eb97701f5a95774a664167f4d011c4871da5c1dc6
aligned_baseline,conv_binary_N8_L16_r0_a00,8,16,conv_binary,0,0.054090860299766064,9b207275d625ad87,c7a2eb895102613d0f19654ab65a1e1f64f532c6f521033c58bb3510d35fe004
aligned_baseline,conv_binary_N8_L16_r1_a00,8,16,conv_binary,1,0.05366564728319645,d48c004d13427c6b,c3c1e46ca04d5c0b656dca2505b0e4116ea6140411c187ed77516f624417d96d
aligned_baseline,conv_binary_N8_L16_r2_a00,8,16,conv_binary,2,0.053087021224200726,ab993cf746fc146e,5eb6d0217149eb906446ae0e4be5cee6d0d6b819807db9e47c47adc1c4fd4121
aligned_baseline,conv_sequential_N8_L16_r0_a00,8,16,conv_sequential,0,0.08047038968652487,cc9073ed99a31a48,68a46a92f06eaa2d5e3805fce3199f896b371aeee80f0ca83c4752b6c6cf2aee
aligned_baseline,conv_sequential_N8_L16_r1_a00,8,16,conv_sequential,1,0.08044297434389591,a2ea41c9fa111ede,ce698962518560c6d593950a7e893826d48755d77a7bdcbc0ba5898dcc3a5936
aligned_baseline,conv_sequential_N8_L16_r2_a00,8,16,conv_sequential,2,0.08000413421541452,a7ec8c2572d4aaa2,d34218a98bc1e8ff914d0d84f32c0280d5a23b2f3d4e21f5069d471010443329
aligned_baseline,fwht_N8_L16_r0_a00,8,16,fwht,0,0.042060939595103264,7bb7d02a88203843,b3e6ae23e7851218f87b462dd237d9f17456d7720d6d651242c9296692294991
aligned_baseline,fwht_N8_L16_r1_a00,8,16,fwht,1,0.042044482193887234,621f444936fb9c09,61d90beea9ef5de79aa9b5d52d1d1d94c5af1c40d35100170381354a99055d57
aligned_baseline,fwht_N8_L16_r2_a00,8,16,fwht,2,0.04136562440544367,8d17ee65a220ec56,2a065a6e010bf94d0a293b0da0e7a58b5861d33f3865564ffb57811413f9ca84
aligned_baseline,kronecker_binary_N8_L16_r0_a00,8,16,kronecker_binary,0,0.04277168121188879,7bdc8fc37122e86a,9f1ec105eae92080f44c3924169ab14991287387d4a2304ad81c9fbb49f5ded7
aligned_baseline,kronecker_binary_N8_L16_r1_a00,8,16,kronecker_binary,1,0.04242126177996397,a04a9dd4c09dc696,17f6e787817e622b1a3f5ab8561c7a7ebe68c8a373fe519405b0b897d1475a0f
aligned_baseline,kronecker_binary_N8_L16_r2_a00,8,16,kronecker_binary,2,0.04221047926694155,796a7147fccb764c,a6397c98c7a04ce93845775be68f3453b4e039bd45735f362c63c214fe3c7eb4
aligned_baseline,pari_cyclic_N8_L16_r0_a00,8,16,pari_cyclic,0,0.14086373895406723,650044a5d2671301,365189719968e13818996c4aa6806b6b726399d14aeaa14eee04c35e132a5be5
aligned_baseline,pari_cyclic_N8_L16_r1_a00,8,16,pari_cyclic,1,0.1419927952811122,ef8efb09cbc6f5ea,6e60c3f051827630d3ab8c3d978d45d1584d2aa23a97a7528db08f7c8c2d37d3
aligned_baseline,pari_cyclic_N8_L16_r2_a00,8,16,pari_cyclic,2,0.14056950714439154,9b35cfa8c46fe2aa,5e06c67d3ce1d349a8d2911a82e7ceec4c8af0b81e62ffb8e5c3dc649c3f9625
aligned_baseline,conv_binary_N12_L4_r0_a00,12,4,conv_binary,0,2.112648870795965,bf4edab1bb818bc9,d4aea0b07267c3ea7ef6b0567be780f0f999c3d28320f9afda410e05407c0e38
aligned_baseline,conv_binary_N12_L4_r1_a00,12,4,conv_binary,1,2.148754452355206,9110b200225da054,dd744fad267a0cc3ab09339b818026306c036e0b69fb94208bd19f1968c2c1b6
aligned_baseline,conv_binary_N12_L4_r2_a00,12,4,conv_binary,2,2.147684562020004,35cd3c3210055ebe,488cbf5bad03b8fc9788731b3bf7ae63381b0710f2795bac4a1ccc76218764c9
aligned_baseline,conv_sequential_N12_L4_r0_a00,12,4,conv_sequential,0,2.257249053567648,52f701127d02336a,c6f728eb4e39d56c369290a4b6be8cb32e96170649eff90a09e6a700bf3c8fea
aligned_baseline,conv_sequential_N12_L4_r1_a00,12,4,conv_sequential,1,2.2644863184541464,eac9db823de4b786,94dad010f5e19c1eba4388aaa1d88cb1fb10756df6cf950a026d0f536c2c0c5e
aligned_baseline,conv_sequential_N12_L4_r2_a00,12,4,conv_sequential,2,2.2581309797242284,ceccbd6f01847d45,c33d1f0f472db6dcb41e8555f0f3b1e00bd2d808393e5ca957af67acb52bc9d1
aligned_baseline,fwht_N12_L4_r0_a00,12,4,fwht,0,0.04750791285187006,849855def5e680f0,7215242e99d98ba4d7c08edd4976c7e36c5f021f68cb0b2da55c77f4315f109e
aligned_baseline,fwht_N12_L4_r1_a00,12,4,fwht,1,0.04788667894899845,a0154e86ec3140b3,d646681605f398809072763b6368b30db12f4d35eb78bf817f000b63e2ceea96
aligned_baseline,fwht_N12_L4_r2_a00,12,4,fwht,2,0.04821487981826067,ea2e9a041c5dae3b,fc02dba5915292d5b18d79ca0d345c582a19899fbb024237a8df9ed04de9a77d
aligned_baseline,kronecker_binary_N12_L4_r0_a00,12,4,kronecker_binary,0,0.08729200158268213,83188b6910fe0d17,77da3b490f3d3c3b4392c05c3e1f082892eb970b3dc21d246a965a93f9cf645e
aligned_baseline,kronecker_binary_N12_L4_r1_a00,12,4,kronecker_binary,1,0.08789521642029285,bc5846a93f92a943,5b294bd8813a48965cc4ce8a9c8e9cf08c3db86469c5925c288354321fefbc14
aligned_baseline,kronecker_binary_N12_L4_r2_a00,12,4,kronecker_binary,2,0.08784593641757965,e94af9fc346493a5,f28914f86c7d740c617516da1e1e104d23f255aef27cf01800671b3ea9b34b44
aligned_baseline,pari_cyclic_N12_L4_r0_a00,12,4,pari_cyclic,0,0.2846078798174858,8982357acee0b7ac,9a64714418539b6b3d34a7407e24d6431cbaa78198d2a4b4ce1a8867b12c92de
aligned_baseline,pari_cyclic_N12_L4_r1_a00,12,4,pari_cyclic,1,0.2832678696140647,2f5ca03b020a1300,0026bdf8fb276095019e0055371cfde8cb4f14a1ba4ee5dfb54a021d918ee5a3
aligned_baseline,pari_cyclic_N12_L4_r2_a00,12,4,pari_cyclic,2,0.2839217483997345,8e59103f50f3e2cf,69990e1dd3121597fdff65e29d04aa73661f645042c0a384c5753b1719153a6b
aligned_baseline,conv_binary_N12_L6_r0_a00,12,6,conv_binary,0,3.0455094631761312,805b85db327ce8ed,a22ecad4880e46946470970a65792ee4283e29a9826b8d4fe242f025b6835494
aligned_baseline,conv_binary_N12_L6_r1_a00,12,6,conv_binary,1,2.9359174706041813,bdbe407148adca84,91a8affe3d9e895b87aee8a20129d1c75526936d78671c65f76e3a96dde0d5da
aligned_baseline,conv_binary_N12_L6_r2_a00,12,6,conv_binary,2,2.962123275734484,5e202a67cd8996d5,d93ee20edade29cc23b3781fb264f8dcb7c88b5f58112ed36d177490498de2e1
aligned_baseline,conv_sequential_N12_L6_r0_a00,12,6,conv_sequential,0,3.7981357779353857,b49f43c929972d43,df50aaffd8921a13f5c91889fb0ff3c80850521c274c8bf638eabc4b1549d361
aligned_baseline,conv_sequential_N12_L6_r1_a00,12,6,conv_sequential,1,4.066265895962715,15c77ec7116a98fe,7a93321f8d27aa71aa94910f45c92451efbfa85d01ed3e2ee36a64d7dccc9b36
aligned_baseline,conv_sequential_N12_L6_r2_a00,12,6,conv_sequential,2,3.8131155781447887,a9e3777e788e5740,0ad83758d85220817d3ed4723fcf4a10fd170f240bf958a670a2527e8f3bbead
aligned_baseline,fwht_N12_L6_r0_a00,12,6,fwht,0,0.0510272728279233,398ce6d9c4f2eeb9,9a0f2f5d6754881bf1bb4a587637c201c40ddf8b2bbf0311b4a8333f037b5936
aligned_baseline,fwht_N12_L6_r1_a00,12,6,fwht,1,0.05083975940942764,7b4a8a532d2bf1b0,baa7e755cd6c5ecbd4b40f25e013bfc41026f4a13471f5e0d45ad1809780d6b4
aligned_baseline,fwht_N12_L6_r2_a00,12,6,fwht,2,0.050240819342434406,73f2c06cba0adeba,eb40fcf510b984cc5edf727f5feec397670bc4b04ead81856d8923c250ec167e
aligned_baseline,kronecker_binary_N12_L6_r0_a00,12,6,kronecker_binary,0,0.09351564291864634,b91adb05fba61d55,eb115b9f24056d5163d789d1b2166e24395aaf7a2aa06cfd0948aa8b8539b2ef
aligned_baseline,kronecker_binary_N12_L6_r1_a00,12,6,kronecker_binary,1,0.09202862996608019,0f1d9d288fc18754,8b779acac4d00f72f53e3540e3ad3e9bbf698a593bc13fdbcd463fcd640e66e5
aligned_baseline,kronecker_binary_N12_L6_r2_a00,12,6,kronecker_binary,2,0.09277858678251505,a969113c195d8f7d,81e33838ddf7e953bd860a3b719e29b0e6ef7e618f558826c1d504fdfbfc3d46
aligned_baseline,pari_cyclic_N12_L6_r0_a00,12,6,pari_cyclic,0,0.35742792673408985,8b2a062be9a3e7c9,45faada13a7a2ca5ad6e77ab3d9560ad8cdb37af47aee4e4606a37e71b255eb4
aligned_baseline,pari_cyclic_N12_L6_r1_a00,12,6,pari_cyclic,1,0.3536924282088876,90c362ce158d6da4,8b8a40b0057a9b00f730fea3c56d7fe76eed27e009c2c03ffcdce833215e39a6
aligned_baseline,pari_cyclic_N12_L6_r2_a00,12,6,pari_cyclic,2,0.3538133082911372,4ad5d85b2e1d302e,91681833ae4d6338722c82a4f319e707d9d0467448f2ead0d9368273bd29f678
aligned_baseline,conv_binary_N12_L8_r0_a00,12,8,conv_binary,0,3.054123280569911,6585a54e2e48675e,8a678b3c26cb62ebee00bf4b143c288924ac8681250a1164826ee533c77062ae
aligned_baseline,conv_binary_N12_L8_r1_a00,12,8,conv_binary,1,3.0573613457381725,cbd76d6840a8cb89,1325c9987c4e2ba69c8c2dc665d9d162a1b2355e885b1d8b79e55dc9b197f7f6
aligned_baseline,conv_binary_N12_L8_r2_a00,12,8,conv_binary,2,3.1685960311442614,ad2e6380d716c401,740e18fe0a2d915def3b8f990735b3204f2e93e11812f9a9aa0a145522cc5d4b
aligned_baseline,conv_sequential_N12_L8_r0_a00,12,8,conv_sequential,0,5.652275306172669,80a4f87d5b1f1d2d,753001263e464a8e92a4418ec304bb798268e752fa9728b939128bad10a25ca4
aligned_baseline,conv_sequential_N12_L8_r1_a00,12,8,conv_sequential,1,5.631144050508738,b52ee8aff443b4fa,a29ea88efe5348c0c82257509f7ceffc999ee3a4d234e75c0aed040d806ce3ea
aligned_baseline,conv_sequential_N12_L8_r2_a00,12,8,conv_sequential,2,5.610457057133317,e3846799f41871d3,a51eb5eae76de82137e7313bab9d75e259090dff540017dc8a4d24e81a68a0f7
aligned_baseline,fwht_N12_L8_r0_a00,12,8,fwht,0,0.05569220148026943,e5f83800ec164740,6a03ba414bf58b6a48c38058c5eb2e8ad42c144915f7a5b9048e751e961198f2
aligned_baseline,fwht_N12_L8_r1_a00,12,8,fwht,1,0.055948118679225445,51afd5406334d17e,4b52e55b0a5c016a7866be0f16d3a6517c90966e3cffc6ee394f1dff5cfd9391
aligned_baseline,fwht_N12_L8_r2_a00,12,8,fwht,2,0.055775885470211506,c1a70743eee9f700,7d3e5088f512536a9cb18d25c912fa2f2c4a09d159ca72f112507451986ae858
aligned_baseline,kronecker_binary_N12_L8_r0_a00,12,8,kronecker_binary,0,0.0930046122521162,9ed667bcd5f5904d,b56c51c7200b7da968a133bbeec576610b3739c12b0e2175470ae4eef051616e
aligned_baseline,kronecker_binary_N12_L8_r1_a00,12,8,kronecker_binary,1,0.09157725144177675,cc9b2b87f03db571,1b3264ab1194387ce693cc4a6f69d8b575664d8d30827394b78c2be2c7d27652
aligned_baseline,kronecker_binary_N12_L8_r2_a00,12,8,kronecker_binary,2,0.09172744955867529,5430d3f0e8452a7b,6e6d71716de9456094046400dc15eba70e8bbdec77ddc891d33f1f3362babdd3
aligned_baseline,pari_cyclic_N12_L8_r0_a00,12,8,pari_cyclic,0,0.35370301734656096,b1e18ad91fa03cd2,cbaf67a20ba79110405a96b3877a977f8d9348507c767547673aaf049c9cf220
aligned_baseline,pari_cyclic_N12_L8_r1_a00,12,8,pari_cyclic,1,0.35474183037877083,6b28bc411a69e543,6ee0d215ae0ae1dacbffa6f775d5748fe3e792fc2e883be7b2ff38235626183b
aligned_baseline,pari_cyclic_N12_L8_r2_a00,12,8,pari_cyclic,2,0.3531632134690881,561485df973aaf79,7fa43e3ebeaf6ee8f7b333491f3032cf6e966f1814a5949bcb5e0611e441ae25
aligned_baseline,conv_binary_N12_L12_r0_a00,12,12,conv_binary,0,4.021418184041977,60e417e27138f9c3,6784c4e440595ec7752c2dc222f37d02f960c572aaa88b05676ee2052b4331fe
aligned_baseline,conv_binary_N12_L12_r1_a00,12,12,conv_binary,1,4.066407765261829,b2f97100ed835ce3,87852130b5c1942fa75f6f270ca37ccd7876dac51b1ca79a264cfaf267883a55
aligned_baseline,conv_binary_N12_L12_r2_a00,12,12,conv_binary,2,4.080634544603527,f7cd4369b984951e,faad7c5797d0e72f4f5defa48b922b9f47cbee41fd88d00f702c2f17eb80e209
aligned_baseline,conv_sequential_N12_L12_r0_a00,12,12,conv_sequential,0,9.1302705174312,99c665968b422364,49ce48a943b9a216835756ec0aac75fde3e98d11b0a2e34d3441995dd4d7e531
aligned_baseline,conv_sequential_N12_L12_r1_a00,12,12,conv_sequential,1,9.670890990644693,812120163aaa974f,a61d297e789aab142e5212bdf90e433328b98f03c5c7ac46ec90193703a30272
aligned_baseline,conv_sequential_N12_L12_r2_a00,12,12,conv_sequential,2,9.17994537204504,87aab4bfba91ca5e,d98e0eec0f39b997a5f2c6e1c7c41f29725ee447a0a18833bd7f2e38859caf9d
aligned_baseline,fwht_N12_L12_r0_a00,12,12,fwht,0,0.06446594186127186,45c7b59304d0b406,575b7888042bb44e2b7faba8bc82cf047fce5337f1d7fbec8a4715a27461a692
aligned_baseline,fwht_N12_L12_r1_a00,12,12,fwht,1,0.06388678029179573,b7df13eee8d29365,48e973bd13e21dc69e315ccdd8d79745fc8b92df41a232c537111ae4cbc1c636
aligned_baseline,fwht_N12_L12_r2_a00,12,12,fwht,2,0.0636336226016283,e2ffad3f77c94b9c,5d33f867b25c5a3dee3546ac4106c3b194c032f55db3d888bc270281d8c63445
aligned_baseline,kronecker_binary_N12_L12_r0_a00,12,12,kronecker_binary,0,0.10172747168689966,df1f858f97bf71a0,7d614106b226f16d531436833af7a1acd3f394b891cec4d2b8376eb3378c4639
aligned_baseline,kronecker_binary_N12_L12_r1_a00,12,12,kronecker_binary,1,0.1012073578312993,01a1e37b0d223b93,df61cbcd6814fd5b13ac13e9fcd590df52f4421d47dd07a616fcdea988192de3
aligned_baseline,kronecker_binary_N12_L12_r2_a00,12,12,kronecker_binary,2,0.10130840260535479,8e2a15863dd5c5b4,148ea9f9846f480f21f7db2e40a35b2d07711b33efc19350d02c4d20fad944d4
aligned_baseline,pari_cyclic_N12_L12_r0_a00,12,12,pari_cyclic,0,0.427427907474339,dcf66cd68c835870,a4bf7f23539318477a820aa41b8bf0b1d8043024655428bf530e90cb21168a17
aligned_baseline,pari_cyclic_N12_L12_r1_a00,12,12,pari_cyclic,1,0.42939188703894615,2647b2aeecfb9bb8,3df1aeabd78c79286f717e6794201f1b8e5821413d6a0f55f7a5ad605183d3b4
aligned_baseline,pari_cyclic_N12_L12_r2_a00,12,12,pari_cyclic,2,0.4298504972830415,a66f57d11b584282,c2547ce918565754d5126a02d1d84dd7560343832fd5d4fd577ddb4edc7b7ad2
aligned_baseline,conv_binary_N12_L16_r0_a00,12,16,conv_binary,0,3.9304200876504183,885ea0093319621b,706223fec22d3396e88c05413c3d55b24942532821726357ac27447a85fb4a5b
aligned_baseline,conv_binary_N12_L16_r1_a00,12,16,conv_binary,1,3.9424623865634203,df61a54a31b3626c,2659a03fc9672f0e8bdeddb1270851275095471497a3d8e3ae15d87476b8025c
aligned_baseline,conv_binary_N12_L16_r2_a00,12,16,conv_binary,2,3.911984633654356,4ec9e5e00e0b2af6,388c49deccb1edeee67a7f341661842ed1ea8f11aa3226734166a6de1b121d5e
aligned_baseline,conv_sequential_N12_L16_r0_a00,12,16,conv_sequential,0,12.477171687409282,6c3285bf8bd7d87b,c8960ce0c852f7b4173ccf3a84189c971d1c331e0579eabbb58c076b0198e386
aligned_baseline,conv_sequential_N12_L16_r1_a00,12,16,conv_sequential,1,12.44248385168612,66ef78d4ecb377b3,608c3a3a759a65ed5cc00523958cef80dc550d72c480ae6dc6069cd366428bd0
aligned_baseline,conv_sequential_N12_L16_r2_a00,12,16,conv_sequential,2,12.293765125796199,c06ec856efcc23c1,4783ea076e14c2bdd90d536f2193bcd887e5f5d1b616ec2c43ef1172c77d437a
aligned_baseline,fwht_N12_L16_r0_a00,12,16,fwht,0,0.0712768854573369,edc9f9498cc3dd2d,854b11140a885384b275a342a19e0790c7afd36f328c6bab33ee278fad2c9597
aligned_baseline,fwht_N12_L16_r1_a00,12,16,fwht,1,0.07121975161135197,a5ed128223de7ac6,6d7c5165c52aa31ed83a558c78129e8b42f2c0c9709d19e400bfee1a73b0c568
aligned_baseline,fwht_N12_L16_r2_a00,12,16,fwht,2,0.0695999227464199,350524b3cffc185e,f860a299e9372c6614bae39b9450c797ea6207303094569491c7e1d4e4c5cbff
aligned_baseline,kronecker_binary_N12_L16_r0_a00,12,16,kronecker_binary,0,0.10133185889571905,c9a6f850894732a7,f4442d0bb52bae581929f39048a7711c0735d58fc3c5eb48d5a7bd419ff0534a
aligned_baseline,kronecker_binary_N12_L16_r1_a00,12,16,kronecker_binary,1,0.10108543932437897,9c517309a231e650,fbe71261e22566afd90eccb0dd694457e7fc1b90cf03020c0f91e7d0fa69ef2b
aligned_baseline,kronecker_binary_N12_L16_r2_a00,12,16,kronecker_binary,2,0.10014752112329006,eb041cb48a8bac2b,992d2716e7a773c853e099c523fecd8834cfd83a0c4ee6bfb8d7e5455835a44d
aligned_baseline,pari_cyclic_N12_L16_r0_a00,12,16,pari_cyclic,0,0.42982617765665054,c97a01bf67550732,2f14f36e0e291d9545ce47d806b94e7448fc340843b45157fd67dcce58f9436e
aligned_baseline,pari_cyclic_N12_L16_r1_a00,12,16,pari_cyclic,1,0.4276660392060876,8c352cb68c7915c7,1697f18068e0875310e8d23853553ee9e6469a4d5273f0d2a335e316b668561c
aligned_baseline,pari_cyclic_N12_L16_r2_a00,12,16,pari_cyclic,2,0.4226981205865741,e2ea7f97c660bd58,2141832768f4a96648a8d724166375c301b6cccee30b531cd1d67fd112cbd248
aligned_baseline,conv_binary_N16_L4_r0_a00,16,4,conv_binary,0,566.3655127119273,b61a9f0a993b857f,2ccbc1a9c07f8b6771021899947ec69e548e66b84535f406cc5eb96990352867
aligned_baseline,conv_binary_N16_L4_r1_a00,16,4,conv_binary,1,579.8515052041039,63cfa098b6cd5e54,0be043da650c4edb088def1c5bb83bae309422b6740b7787e08dcb48cab7009b
aligned_baseline,conv_binary_N16_L4_r2_a00,16,4,conv_binary,2,583.0239128954709,e7d6ca48124e6a21,619e7aef1d20365590a6d8ef4a396c1c941bb6bebe7550ae46a2b0c1ea2d578f
aligned_baseline,conv_sequential_N16_L4_r0_a00,16,4,conv_sequential,0,620.7331883646548,c5c256e312e12709,81df8d9f3c9e57f21396aa4682c22faa5c485519c2fdb767d5194e5f9d8192ae
aligned_baseline,conv_sequential_N16_L4_r1_a00,16,4,conv_sequential,1,628.5456034978852,c9e8666ced39472b,d82a625ca728ec2dfc3ff5404e34c00ff18230e8e7fc0921b093b65d65e347e7
aligned_baseline,conv_sequential_N16_L4_r2_a00,16,4,conv_sequential,2,630.5968045489863,03f1fe7ad39c7475,669d87aca6ebe8713318c54ff394eee783228175a495eae448baa0bac5190f8b
aligned_baseline,fwht_N16_L4_r0_a00,16,4,fwht,0,0.1788902934640646,46df2e1d15d84d10,7a6948284d2920de17e362895ffd6a1ed00db33bf704833635099ced4775a95e
aligned_baseline,fwht_N16_L4_r1_a00,16,4,fwht,1,0.1796229826286435,f1d551a962f1709b,7309782e2c23bd40d73270f390ea552dbbcdb9b2914ad7aafe5772b4f6e39b67
aligned_baseline,fwht_N16_L4_r2_a00,16,4,fwht,2,0.1777603067457676,d7b4fb9cba82cd44,4faef3fe796e25604d5cdb9bd3236c31fa83329420aed2b31ad8b16a33fc0ddd
aligned_baseline,kronecker_binary_N16_L4_r0_a00,16,4,kronecker_binary,0,1.436716434545815,507a47ddc59cf74a,277ec5588ccfd0fc556ae85a097f6273b9c5f4c97d5712c519020f7dbf2459e6
aligned_baseline,kronecker_binary_N16_L4_r1_a00,16,4,kronecker_binary,1,1.4343179957941175,83d73999b214a1c9,7d19dcdd71d44fd58617d58c5b4d6da8a5685e237e6a5214644f284f43cf3c4a
aligned_baseline,kronecker_binary_N16_L4_r2_a00,16,4,kronecker_binary,2,1.4244487565010786,6cbf53e17c2d2b38,ed775d340ccec931dc5d9a389652cf8b750f1de540d3a1b8f0743e86ab7849b5
aligned_baseline,pari_cyclic_N16_L4_r0_a00,16,4,pari_cyclic,0,36.67685577273369,24d1fef9162af478,7dc2f7ad11dbe9d9a4d7c1143cffb74e516cd3c76ed68d5215499884898f1a8c
aligned_baseline,pari_cyclic_N16_L4_r1_a00,16,4,pari_cyclic,1,36.17801197618246,0f517269d321ead8,fa49a0c6ea3f26b32381a56cf69b12ecf1487b053a7cad767bb9dc7025c031b2
aligned_baseline,pari_cyclic_N16_L4_r2_a00,16,4,pari_cyclic,2,36.491848366335034,b16bd5a4040160ea,0f8493d960fe51ec150cbdcba9496ac9826b5dfa3ae658ed435120fc6f4c38d0
aligned_baseline,conv_binary_N16_L6_r0_a01,16,6,conv_binary,0,867.4505742816254,2876f2b77a8b0273,284f95b81ac3504e33b5b6e46ef588a91740569585d426470cb239953d5f4ca5
aligned_baseline,conv_binary_N16_L6_r1_a00,16,6,conv_binary,1,888.2043469892815,af2ec186410ad2cc,9fc2e59efb41380b375b9dd97a693185ef2bb6d37b19d2e3bba5895fcfbc2988
aligned_baseline,conv_binary_N16_L6_r2_a00,16,6,conv_binary,2,875.2259982964024,8a89ea6e24f4eabf,d9385a5a567628fba2c43c9a5de46009115f8aa3ea6d92624bd49b7af10010f9
aligned_baseline,conv_sequential_N16_L6_r0_a00,16,6,conv_sequential,0,1157.9795370968059,bf252695323ae8c4,6b54f5243b2ff68d18d1fabe9176fd2f612c767143108f74374dc6615f504b62
aligned_baseline,conv_sequential_N16_L6_r1_a00,16,6,conv_sequential,1,1189.3339260425419,5b2c1d357e997d91,cedd4fadf66bc2606ee323a765ff1fd1c30b82e40cc50dcd25f5115d18f5ad38
aligned_baseline,conv_sequential_N16_L6_r2_a00,16,6,conv_sequential,2,1171.9896156182513,3604067065dcb6af,2df0a0587d98077406d90a9a3e8727abde3fc723d50fdb89c73879d0dcbfe1ce
aligned_baseline,fwht_N16_L6_r0_a00,16,6,fwht,0,0.2707466520369053,005fa500e9770b5a,444392f1a0230db4165614accca7e781a8703ba44943739320095c83ad5146e3
aligned_baseline,fwht_N16_L6_r1_a00,16,6,fwht,1,0.27935124933719635,a61ea7d8d60aac50,86339e0a2c1f36244233640109313ef6abbdda6df9e8d3fa2da3a92e849b5f81
aligned_baseline,fwht_N16_L6_r2_a00,16,6,fwht,2,0.2691047452390194,daf5b2f8f78b7b12,4af870436dd672c66ff441b454d603b0b31c991f9846d21acbc18c65eda3429a
aligned_baseline,kronecker_binary_N16_L6_r0_a00,16,6,kronecker_binary,0,1.791630164720118,278cf0eb8b637eda,fc1b3c809da4b1bc7c57a15ce432b65856f93d07ff205da5993bf3aa6abcecd5
aligned_baseline,kronecker_binary_N16_L6_r1_a00,16,6,kronecker_binary,1,1.7875172542408109,6133a2fd1f9206f9,36a7583bc00e441b3671fe29407b22e920c66f169dbca42ad22322115ff70b8e
aligned_baseline,kronecker_binary_N16_L6_r2_a00,16,6,kronecker_binary,2,1.7994893761351705,ed3e395dca02f17d,4efed336a8ed484b903ed3b25b835989ef620e26cae5eee0371da006103c1ccd
aligned_baseline,pari_cyclic_N16_L6_r0_a00,16,6,pari_cyclic,0,54.50013444758952,8d55509880304412,2b52cfb26832f7a6c675787984a369319c75175eb1de6214b2578168d4329de6
aligned_baseline,pari_cyclic_N16_L6_r1_a00,16,6,pari_cyclic,1,54.990169676952064,021ae369dcc71d06,3d7e210c59e9a190f36dccf54002a059de42595dcff452f12cbd925a61f4b526
aligned_baseline,pari_cyclic_N16_L6_r2_a00,16,6,pari_cyclic,2,54.452131058089435,9bb1021ce9c38e4b,09619a7ba6692e81dae863428f729c560f16fc6a323b141b13baf7715ac95208
aligned_baseline,conv_binary_N16_L8_r0_a00,16,8,conv_binary,0,883.3930001389235,ee2060cc3a4186b0,1a3ff50dbf3e2772d0f2e4122baed2f6cadb875d5bae8827a7e0fcabe98101fa
aligned_baseline,conv_binary_N16_L8_r1_a00,16,8,conv_binary,1,887.7477716784924,6b41f02a47a2eb43,7feb181a4281b233b915b458ee596016db1035cf7067f5f99a3308ff68c1f4b7
aligned_baseline,conv_binary_N16_L8_r2_a00,16,8,conv_binary,2,863.3788779685274,9fb763af4d199806,6281b0e672c63ee2647a0246acef43343dfa3afd8e778bd392ad1a1c5935ece7
aligned_baseline,conv_sequential_N16_L8_r0_a00,16,8,conv_sequential,0,1674.6093094879761,a5d4797fdf9c35ad,ed9ba543fce64c6e6414d0ed7fdeef225ecb1f65a0222090395dd263b93d876c
aligned_baseline,conv_sequential_N16_L8_r1_a00,16,8,conv_sequential,1,1708.6051595145836,6bde565c4cd1dcc9,5f61f8ad2cae377c8779e740a0265a7b9b756d65ba41bb9a4102b979fdd45e68
aligned_baseline,conv_sequential_N16_L8_r2_a00,16,8,conv_sequential,2,1665.6013132631779,5e2392dcec7689f3,9ecac2cb0e295a076bb672824989f1cb5bdac54310730dd4af5166c756e4dc02
aligned_baseline,fwht_N16_L8_r0_a00,16,8,fwht,0,0.3674527555704117,8ee160fac6e1f3b0,6749c71ec4ecd61b149a6bf2ed343d86549c43fd4d2329dd85399be6931b7aec
aligned_baseline,fwht_N16_L8_r1_a00,16,8,fwht,1,0.3648361451923847,b860fb8c4636d0a2,0f0554f293fd7f6b4363720676acd36e301172b5fa236e2a4550a3d95be33b8d
aligned_baseline,fwht_N16_L8_r2_a00,16,8,fwht,2,0.3656615009531379,7aab2f29f3d1b67d,a72a09b95854628f56d95c0c3d93fd4f9488668f805e2999a3456ecb1e5df618
aligned_baseline,kronecker_binary_N16_L8_r0_a00,16,8,kronecker_binary,0,1.7803062666207552,64412f3f8199e007,2b25c68eea80ec5dbb9b9e527263e966365c03889e37c6518fb09257c3e0b894
aligned_baseline,kronecker_binary_N16_L8_r1_a00,16,8,kronecker_binary,1,1.774453234858811,3ce16d44f07796c0,d3e43a0224c635dc8eee002d9d494aa8c346b78621a08f590189409b9ee976e4
aligned_baseline,kronecker_binary_N16_L8_r2_a00,16,8,kronecker_binary,2,1.7809017850086093,a775ef315d2a979f,d41c0c924b104d0b117c56ec415be80e97a0ef2b88a2f2802b8d5ba3f0fdcc39
aligned_baseline,pari_cyclic_N16_L8_r0_a00,16,8,pari_cyclic,0,54.48728225659579,3b5d2db4c07ae3d1,2a8881b2a1af42cde38c82ba71c6d6e5cf5910509af7f71a3e63ff5b877ad828
aligned_baseline,pari_cyclic_N16_L8_r1_a00,16,8,pari_cyclic,1,54.586393686942756,23c0633967660ad4,a9d9308a500a37168fd174881f2a1067aededa295cbdbf9116526e355ea0bdaa
aligned_baseline,pari_cyclic_N16_L8_r2_a00,16,8,pari_cyclic,2,54.40361012518406,87d2e393dc1f1cc9,6e8809bb117455143a63fa8ce494f1359ac5c6f6849f0109c59731e96441d9bd
aligned_baseline,conv_binary_N16_L12_r0_a00,16,12,conv_binary,0,1101.23770455271,795701c3a249e5b8,e55c04b0c3794244fe613bbe3eba4f8aab9e9af9bdcb4930d8eee9331e30d107
aligned_baseline,conv_binary_N16_L12_r1_a00,16,12,conv_binary,1,1107.7648256802931,4edd26c3a42941fe,78050435a6ad9586309f189679ebc65f6f8a46452f934f1fc0382453eea3b8e1
aligned_baseline,conv_binary_N16_L12_r2_a00,16,12,conv_binary,2,1095.3781747072935,53d477d29b532a6a,7e8ed9321f978849bd026acb2ff384659a79f9326f01204b5efe8ebc94971361
aligned_baseline,conv_sequential_N16_L12_r0_a00,16,12,conv_sequential,0,2569.870994041674,44d299918eb9cd97,e476dd61f8b49047859ab1584259391556095f21bfc8ab24167a3092000505c1
aligned_baseline,conv_sequential_N16_L12_r1_a00,16,12,conv_sequential,1,2515.8219030350447,2d03302c28c40158,f4949454ab9dcc07a318b45503302e66acd2db31413c3a2e0aecb6d382a4579a
aligned_baseline,conv_sequential_N16_L12_r2_a00,16,12,conv_sequential,2,2517.8164837853983,b4f5f6d07435decf,a5bb382a511de5863a769f2c29091bf73179383910d3d726a102ae2e4eb3bbfa
aligned_baseline,fwht_N16_L12_r0_a00,16,12,fwht,0,0.5408954815939069,c88cd2cf29f71f02,c0697d544f5a016744d7707035e1c28bf0fdeb42355ddeaaeee22bc429cdb8cf
aligned_baseline,fwht_N16_L12_r1_a00,16,12,fwht,1,0.5312834149226546,1c3168455fbfe003,5cffa4891f5967f6265202a263caa84d50b0f11ca70c5ef1bdbbc8ebda1bf88b
aligned_baseline,fwht_N16_L12_r2_a00,16,12,fwht,2,0.548774803057313,9e1860cbf9cf58b6,afa3e4a7000d5a1ebcbf3269074236e29e676325e14f42c0c5e74afc7a89d58b
aligned_baseline,kronecker_binary_N16_L12_r0_a00,16,12,kronecker_binary,0,2.676989699713886,b250e703a7208314,9bcab042f85f82ce7d844a3073c229eaaa980030fd91d61cfae8bf7610e78333
aligned_baseline,kronecker_binary_N16_L12_r1_a00,16,12,kronecker_binary,1,2.677933874540031,9b3c4ca8c95e6c47,f019da8b8e594086faf8af47e6fc1505a2f04d73facf2266a04bfe9c8f79844c
aligned_baseline,kronecker_binary_N16_L12_r2_a00,16,12,kronecker_binary,2,2.669197899289429,46054e379938b94c,01f6354e28a2b13b444dc0005cb9a675d30a85d1a5cc5d9ca1eab45a31647fa2
aligned_baseline,pari_cyclic_N16_L12_r0_a00,16,12,pari_cyclic,0,72.60428743064404,db62d6b0f4bd79fd,7d6995cf0e65625793b1df0bc407a8ef5320b947ad9d470155550d0f1805babf
aligned_baseline,pari_cyclic_N16_L12_r1_a00,16,12,pari_cyclic,1,73.00270731095225,21d01745e93f89ca,2242e95a9d709817bbb220c499261262cf2bfbd73b2995bc0e10240859694b88
aligned_baseline,pari_cyclic_N16_L12_r2_a00,16,12,pari_cyclic,2,72.69078699219972,5773a0bdb90beff3,4b845474984d7cff01cc8c81466f0f3532aad8f5cbdd100390a2dd1402922d18
aligned_baseline,conv_binary_N16_L16_r0_a00,16,16,conv_binary,0,1097.126833010465,391011373bd588b1,35e8313716599ec2f49aebc98ff9f2960f5bd889da0f3fa427c54c394713bc50
aligned_baseline,conv_binary_N16_L16_r1_a00,16,16,conv_binary,1,1126.5697166584432,5d7c3f9c5b824cb0,f278d17bf9407041b528d07bb7ffde8fa3bdd495c4e46440883d5db07dfe3471
aligned_baseline,conv_binary_N16_L16_r2_a00,16,16,conv_binary,2,1093.3840010752901,9b67b14ad178aebd,1ad70ed9fcfad2fd6ceec563def77da1dd82e58bac179bda5e78d17e890df4c5
aligned_baseline,conv_sequential_N16_L16_r0_a00,16,16,conv_sequential,0,3459.8280678158626,5e3a647652b9f48a,6f8b8b5310c8fd9ae888e92f45e2543a2c7bb1cbd3c3c07d448b05ca8c16c881
aligned_baseline,conv_sequential_N16_L16_r1_a00,16,16,conv_sequential,1,3494.1971208238974,fbe6e5e71637af6a,27d4c6ab36c33c876702f1337aeceb1985c89a2dfebe4a6c0938aa83c6f0f256
aligned_baseline,conv_sequential_N16_L16_r2_a00,16,16,conv_sequential,2,3432.3448204342276,53265edde9a1b24d,3ddab05e556cb5746feeeca4ee50a1c436ec71be72280c74f439fd3187ee0559
aligned_baseline,fwht_N16_L16_r0_a00,16,16,fwht,0,0.7064172187820077,0875c70e5920b079,ffa3029476d8f0243300cb166bde18d4e6c1c23577de1a1e4864f3792aa54509
aligned_baseline,fwht_N16_L16_r1_a00,16,16,fwht,1,0.6945736790075898,b146a514d3e34a24,f0c36e84dc81fd51facc9db9fe7e7d3dc48afa672827d6f5a1ea6cfa27eab6a0
aligned_baseline,fwht_N16_L16_r2_a00,16,16,fwht,2,0.6999485716223717,d6bf6ff6b771b249,8feb8ac40d6bcb140b34a55f2e8a77c6d99938a60ffc9d051f0e13a42529ebb8
aligned_baseline,kronecker_binary_N16_L16_r0_a00,16,16,kronecker_binary,0,2.6836493676528335,3ee56d11d15102dd,6ab87a4009bbaf9a4ad67f2ebbec76429df74be371d45a632c3a68e20299cc9d
aligned_baseline,kronecker_binary_N16_L16_r1_a00,16,16,kronecker_binary,1,2.713124212808907,ee421e20fafb9300,f2b68366c0a1ab11bbc422d5040c5757f5c0cbe49bac7e57bf82bcb9486685ac
aligned_baseline,kronecker_binary_N16_L16_r2_a00,16,16,kronecker_binary,2,2.686250972561538,dc92e08c2ac9f18a,dda86bfd59da6b9ee552bd0f1d9af743708cee54f50e5e6fa7e0847ac001cecd
aligned_baseline,pari_cyclic_N16_L16_r0_a00,16,16,pari_cyclic,0,72.5387492403388,1e8c39429c179cf6,fda3098d178b89e4e12c2ae5a386a18f6469e41b3b97a3e4c8c386856e1874eb
aligned_baseline,pari_cyclic_N16_L16_r1_a00,16,16,pari_cyclic,1,71.99272162467241,b85ca35dd36b4f38,8334d8381076ffb7f8bf2c667aa404896ead68fb4267add02dd19e95f6c21d76
aligned_baseline,pari_cyclic_N16_L16_r2_a00,16,16,pari_cyclic,2,73.92156338691711,4030343b4353e0bc,b419f5e4bc0bf19f7195edcb21b8db6ef0c16d79eb08837e340c707374fbbd6d
aligned_reference,00364_formal_N4_L4_ah_block_second_r0,4,4,ah_block_second,0,0.07165488041937351,14434ffc3df1d957,2c402ec9e4f703fd244674e9d20e91b8fd4dbdebd87ef546a8f0a9b36dff0f2f
aligned_reference,00365_formal_N4_L4_ah_block_second_r1,4,4,ah_block_second,1,0.07161615509539843,c470af2b6d1612b4,f64e378ca3cc122dafa6abec6dce56a626eeff1f0f829322eae5a3d5e3cc364f
aligned_reference,00368_formal_N4_L4_ah_block_second_r2,4,4,ah_block_second,2,0.0719210896641016,bc8e9fd062b74219,cf6ac81596999c7a1832f04c6d0c64742f2aa320efcd9a1e5353186a5174cdb0
aligned_reference,00363_formal_N4_L4_ordinary_int_r0,4,4,ordinary_int,0,0.05915781110525131,26f82d7ee031a2b4,b7fe0233d3baa0a8e19b9856373c4200a600bb41c7d8923a537426b78fdf6c84
aligned_reference,00366_formal_N4_L4_ordinary_int_r1,4,4,ordinary_int,1,0.05745852831751108,12d2e6e9b07ed409,d719286b6893ae17b46122b0ebdc6d17de964e2e2ee3cd4dec2dd74a13667848
aligned_reference,00367_formal_N4_L4_ordinary_int_r2,4,4,ordinary_int,2,0.058284993283450603,46fbae4f15894d73,f72957920e61c9dc5f0f90abc02bfbb4e37a37df61b6c14ef59ea579c4f2b1ee
aligned_reference,00369_formal_N4_L6_ah_block_second_r0,4,6,ah_block_second,0,0.07249718904495239,885faa4bb876e9d2,b887ba88d920e7ad5fc57b3df0925b1f7d9c57bd9ba5c9f717ce87346162cc8f
aligned_reference,00372_formal_N4_L6_ah_block_second_r1,4,6,ah_block_second,1,0.0722287055104971,6a8fd737f404d6af,58cc2f9ef8e08d21a6ac861934a8fad4e43aeb07ff169875ce08c792a3c6336c
aligned_reference,00373_formal_N4_L6_ah_block_second_r2,4,6,ah_block_second,2,0.07296103984117508,0482437d18fdfe0a,1298a2a47eb766d800abf0ad50c58249b97008075bd2e56f2ecd115f517d446b
aligned_reference,00370_formal_N4_L6_ordinary_int_r0,4,6,ordinary_int,0,0.0594019778072834,612e951a2492725f,193bb035bc915022bb805cd3620f925594eeeb63d2ca2343ffeacf1c6665a3ca
aligned_reference,00371_formal_N4_L6_ordinary_int_r1,4,6,ordinary_int,1,0.05919089075177908,6122ed8c07bec1ab,25bd3aa81900886a1e1abf74dfb29a1505c925b8de99985fa10dbeb51081479a
aligned_reference,00374_formal_N4_L6_ordinary_int_r2,4,6,ordinary_int,2,0.0593772204592824,cb9823dcc6525c04,1a979307983c200059d4bb4042998e13d058ab795b6394e9095af739e488e576
aligned_reference,00376_formal_N4_L8_ah_block_second_r0,4,8,ah_block_second,0,0.07307751756161451,af84d2f7538c5080,b60a201239571513f711a46c0304e34818574bff052e9c750c8a585c0a8f90c9
aligned_reference,00377_formal_N4_L8_ah_block_second_r1,4,8,ah_block_second,1,0.07306457310914993,62ccce8e51f51274,4bb8a3510a909dbbf103b8b16915414dd005fe1f77a090b72be596a471d7e35a
aligned_reference,00380_formal_N4_L8_ah_block_second_r2,4,8,ah_block_second,2,0.07263131067156792,a48ea7bca2bca0e7,8982bec0d4febc42dfcc1178fd6679d8190a799768592e1ee514889d474f866f
aligned_reference,00375_formal_N4_L8_ordinary_int_r0,4,8,ordinary_int,0,0.06270940415561199,42529f2489c642da,faf6771d3ed25a5972f748e65eb74184032a03ed461b41dea351a815862a48d2
aligned_reference,00378_formal_N4_L8_ordinary_int_r1,4,8,ordinary_int,1,0.06297371909022331,3e9000175117a647,b50fa0b626bb5121d3f3bc15ee62c64c3dbfc7bd17e4b36c88b3b324f606d879
aligned_reference,00379_formal_N4_L8_ordinary_int_r2,4,8,ordinary_int,2,0.0637069633230567,22ddda41d528aa3f,048c2eaab8f12cfb95995b8c3f1f97efb364c8f3bf0bcb73e32bdb287a4eccef
aligned_reference,00381_formal_N4_L12_ah_block_second_r0,4,12,ah_block_second,0,0.0760975843295455,f7140f28c6cd54ca,6a0a7a106f3702684b9b46d6ac48096baad90b6256f673ae14de6fddef890884
aligned_reference,00384_formal_N4_L12_ah_block_second_r1,4,12,ah_block_second,1,0.07558203767985106,159b72b035410aa0,320b8452300c62999ca13e997d348dd3862d671046c83316ed9d467d50b0ead0
aligned_reference,00385_formal_N4_L12_ah_block_second_r2,4,12,ah_block_second,2,0.07565382402390242,4ecf2fdc32d1cf57,327a3d6c09b8d00bf2bd7881de62b1bb1b3f8335e8e655099f429c7b7d9ef31c
aligned_reference,00382_formal_N4_L12_ordinary_int_r0,4,12,ordinary_int,0,0.07595150638371706,e6e57f7b57a5a3fa,acb2c21e4e0dcad486ac2420bce1b378875c3d23811a0692cd9f3f74e2b8b5ff
aligned_reference,00383_formal_N4_L12_ordinary_int_r1,4,12,ordinary_int,1,0.0756235271692276,69dfe51e10043854,cec0f468fbe94894b247f71ad15e3efce06cf7e2543bd50ed28a9f9a91198975
aligned_reference,00386_formal_N4_L12_ordinary_int_r2,4,12,ordinary_int,2,0.0749207716435194,77a42392ce7065ca,4b0081720ec2a718158bd7078ced63dd41c7d20aec51b0b1a4ce8c5d08dde61a
aligned_reference,00388_formal_N4_L16_ah_block_second_r0,4,16,ah_block_second,0,0.07806517835706472,9ecb7e96ea026eef,7d433170cf1bd92eaf7d95a9c79c3108b7ca5f3cc18db249e7c985a79f8c1b08
aligned_reference,00389_formal_N4_L16_ah_block_second_r1,4,16,ah_block_second,1,0.07921885792165995,64533de6fa11ac17,bf865c55af8da7ec22f518a41a8d88fd9f8608a1280183da149ed391aab4ca69
aligned_reference,00392_formal_N4_L16_ah_block_second_r2,4,16,ah_block_second,2,0.0790370274335146,3ec6f9682b0110f5,e19c9841dce31112bb90d2af40ba17be7a0976e16c36df6c63995237a8ba2359
aligned_reference,00387_formal_N4_L16_ordinary_int_r0,4,16,ordinary_int,0,0.09498453978449106,f99bbdc27483111d,9f176688e306329ceb31e295e0aca90a4bc5cd42ed36d39dcbd06c565ea58c44
aligned_reference,00390_formal_N4_L16_ordinary_int_r1,4,16,ordinary_int,1,0.09516454301774502,18a76e20a2a81b60,9c26db5f67925af3a3984dbd13b1456e4f05ac91c79301c02ffd3f644ffe1964
aligned_reference,00391_formal_N4_L16_ordinary_int_r2,4,16,ordinary_int,2,0.09414606913924217,b2a785721b468e5d,bcd7f5a1207dbb51c05aafdfa225c2b2b07f41ad9180c5f6a3cdc6e5b99bf76b
aligned_reference,00430_formal_N6_L4_ah_block_second_r0,6,4,ah_block_second,0,0.07247165963053703,76b8769b8e080620,292f7fa390307c3cc728961c37f63bfc43ec9d6470c72287bb49cd4573e38a0e
aligned_reference,00431_formal_N6_L4_ah_block_second_r1,6,4,ah_block_second,1,0.07291400525718927,ee55d47566835e9c,bc29d7e0a4826690a1e3794a1cddde960c9aa3727dfd0326a0f56190e7beeedf
aligned_reference,00434_formal_N6_L4_ah_block_second_r2,6,4,ah_block_second,2,0.07238444220274687,9615a0b5232d0304,b2ee56f2febf1d5284904a979409bc08a60e85a3cc4f410a2d79834b1c38790d
aligned_reference,00429_formal_N6_L4_ordinary_int_r0,6,4,ordinary_int,0,0.059903524816036224,99cded44797a01b6,4bc10d3550885adc4ae8c2ba44fd2b8b219be1f8ae72d0bf7ffe664504bc3867
aligned_reference,00432_formal_N6_L4_ordinary_int_r1,6,4,ordinary_int,1,0.058986006304621696,54de131a9750a2cb,80119a5d36a7bdd7d4ff0f28a968cd4742dc5202bae51fe2d322f9e7670026cc
aligned_reference,00433_formal_N6_L4_ordinary_int_r2,6,4,ordinary_int,2,0.059688677079975605,a7044c4917390209,da04b7097c0b197c9044f9f3a58834857c4232ce47824f026c5b01a369d20f21
aligned_reference,00435_formal_N6_L6_ah_block_second_r0,6,6,ah_block_second,0,0.07459782343357801,084b9a89386be3ef,2c349fbc2ba61bceb1b0e5bdffcd71d5318b442b081691c65fffa48844bf11c8
aligned_reference,00438_formal_N6_L6_ah_block_second_r1,6,6,ah_block_second,1,0.07295940537005663,858b75f39448c795,40db1db4d9701fed1969ce8b83f612bf7318b37aade1cfd42289dd1e17f0f60d
aligned_reference,00439_formal_N6_L6_ah_block_second_r2,6,6,ah_block_second,2,0.07416454702615738,9379c3e3d61c83eb,d39d53a3f77dcb36829d70538567392d3b8a7c12dbedb84deab3c3f25e53ee1a
aligned_reference,00436_formal_N6_L6_ordinary_int_r0,6,6,ordinary_int,0,0.060998499393463135,4e997f4a592bb9ed,a304b009d0b41c6deceafb7af5401ec178999f5a4366410357db615960f3f746
aligned_reference,00437_formal_N6_L6_ordinary_int_r1,6,6,ordinary_int,1,0.06194768752902746,f0c43edf9f712e54,5ee0e7ca2a555d40bc5c4a0ca9e69c95637683567df32c97532efac8418d011c
aligned_reference,00440_formal_N6_L6_ordinary_int_r2,6,6,ordinary_int,2,0.06113013904541731,3dbd0673efec79b7,af5b650de414afae7aaf10e6b858a63dd6798a4b8d8cca15916ca10856330628
aligned_reference,00442_formal_N6_L8_ah_block_second_r0,6,8,ah_block_second,0,0.07443164009600878,da8900e275a53f51,70ac57f653028f6442abb4141afa64c93b3451ffdd1af8ddadecbf730fcb525d
aligned_reference,00443_formal_N6_L8_ah_block_second_r1,6,8,ah_block_second,1,0.0747966505587101,c0bc5d0d4164c03f,0d1a35e5454b115a15549b53b9e7bd79de8bc1b97a0a4e44f4e6d2d2f10a802e
aligned_reference,00446_formal_N6_L8_ah_block_second_r2,6,8,ah_block_second,2,0.07419316656887531,d92981d2b5e0e70a,e8a376c106cc205168a8510781dbaea6d2a01334ee1544b0e101dba2eabf340d
aligned_reference,00441_formal_N6_L8_ordinary_int_r0,6,8,ordinary_int,0,0.06718944758176804,acff40d466b8fb5d,a78a861a407164ceeb15895aca60144d04d53d78ac0023b51e6166b4aeb37238
aligned_reference,00444_formal_N6_L8_ordinary_int_r1,6,8,ordinary_int,1,0.06667762529104948,5574b02fa8f94e7b,1a3ee884aa1269f937a9dbd86f7611a82e94ae208cc63f7c4cd2ed011eed9a2c
aligned_reference,00445_formal_N6_L8_ordinary_int_r2,6,8,ordinary_int,2,0.06653332524001598,36c7d04918e806c0,1afcccaf2f229e76ae8738416ddd4228cddb6be7c84b10b2a5afc33657fa9eb5
aligned_reference,00447_formal_N6_L12_ah_block_second_r0,6,12,ah_block_second,0,0.07868258282542229,6be2b59df03ff9a9,0ce9807673d7befb7485cd8dde09b0687d0ce2787da292d9ff89cdc5f483cd33
aligned_reference,00450_formal_N6_L12_ah_block_second_r1,6,12,ah_block_second,1,0.07925776299089193,29cb3eb5395d10d1,41ad995562c8d66d82089316b6ee847c6746cfc842c6418193c44e2a4c75499b
aligned_reference,00451_formal_N6_L12_ah_block_second_r2,6,12,ah_block_second,2,0.07801150716841221,25b25b6d0b789290,e856e489552e9172285e2312f92ed880142301840b2ab9dfb695f84ecf9ed614
aligned_reference,00448_formal_N6_L12_ordinary_int_r0,6,12,ordinary_int,0,0.08416793216019869,0fa295606dd0cdc1,51b85ba87125146aff64b879482b983f8b24ac7f096205feabb71563f0e112c6
aligned_reference,00449_formal_N6_L12_ordinary_int_r1,6,12,ordinary_int,1,0.08280920423567295,93c368fdff8dd60e,f16f8b3914d77994d4e378905e8131651a28ccabc2e706158524f4e1958be3cc
aligned_reference,00452_formal_N6_L12_ordinary_int_r2,6,12,ordinary_int,2,0.08335107658058405,835cd16e4ed0a5cb,ba933d4165fe4c7a1fd68b0820c81ded1d56f586fcc6f8c8ebc7d1a966f68fa6
aligned_reference,00454_formal_N6_L16_ah_block_second_r0,6,16,ah_block_second,0,0.08512386865913868,fcd68d1361f9f205,112fd66666af9cb1685de709982542dc620eb1215fcaffc840b11e62d8da88d1
aligned_reference,00455_formal_N6_L16_ah_block_second_r1,6,16,ah_block_second,1,0.0847584716975689,e9a87ae41816f845,24e5b060bd2b967980bcaf84044bb1bc36eefc188944555449936a0776a3de1a
aligned_reference,00458_formal_N6_L16_ah_block_second_r2,6,16,ah_block_second,2,0.08636345434933901,d57584d0fb59c858,69e4aeb470830dc669286f5d154cd67f1ccf56d72bf9f4cda374b2b53613cec0
aligned_reference,00453_formal_N6_L16_ordinary_int_r0,6,16,ordinary_int,0,0.11119718197733164,805e44dbbf654cad,953b25cbd4e848c938d66960128413303a82314abd8311bae4941aff38868b19
aligned_reference,00456_formal_N6_L16_ordinary_int_r1,6,16,ordinary_int,1,0.11156896501779556,bad79639e32d1544,c17e5d3f24e1582dbd5c9c9e599c0a12a02821492386549a3bd014ef30d987a3
aligned_reference,00457_formal_N6_L16_ordinary_int_r2,6,16,ordinary_int,2,0.11072160676121712,10531d86aac0af2c,69970183e1f7e5bd692c9b5d8ea74f5386612a4e0381a191b4825750055a532d
aligned_reference,00496_formal_N8_L4_ah_block_second_r0,8,4,ah_block_second,0,0.07489306200295687,bb790b438a5a808b,202407691d582551c34a1757be1e46528d6212e78f9920219323f033e6d9db2a
aligned_reference,00497_formal_N8_L4_ah_block_second_r1,8,4,ah_block_second,1,0.07458873931318521,1aa30a35c986740e,83e9de52ea54ab8109693c02c89fff9a764fccf5e4e05afb75a2b80d860abf6c
aligned_reference,00500_formal_N8_L4_ah_block_second_r2,8,4,ah_block_second,2,0.07448367401957512,fee422fbf624cf6c,e6e7a52ec6bac973849f6c0050e3d63eb911b1dbb7234c9b7fab728562606334
aligned_reference,00495_formal_N8_L4_ordinary_int_r0,8,4,ordinary_int,0,0.06132172793149948,6e4ccf6645c7accd,7a2e4f72940ecdd9cf1772d6e716f73ea225e0f30cd47f374839562d7a823ab8
aligned_reference,00498_formal_N8_L4_ordinary_int_r1,8,4,ordinary_int,1,0.06004696525633335,21831e2a0957f9e8,d1c8ebbdd0a301575c9cce03909ed5b64e453e8133e8f759f49892f0c0372408
aligned_reference,00499_formal_N8_L4_ordinary_int_r2,8,4,ordinary_int,2,0.061331747099757195,29849c04916191a2,1afe15a486ea3180e1d400bb59d36b58bbe4a25a17ee51e17785e930cf837e77
aligned_reference,00501_formal_N8_L6_ah_block_second_r0,8,6,ah_block_second,0,0.0748694846406579,5c1b986700ee4991,b24f6633e436f04fc04ab78e6a1015e1f95cb19309193744d52ca5aec1bb37f7
aligned_reference,00504_formal_N8_L6_ah_block_second_r1,8,6,ah_block_second,1,0.0770321236923337,b40919d75b685048,3323fd8b257ae4763cf76d0955caee7b13b175856ba3bae5044a605f6284ee88
aligned_reference,00505_formal_N8_L6_ah_block_second_r2,8,6,ah_block_second,2,0.07540307007730007,a3f33ff865c3d95c,1ce038dbb562462c7f1665dc9a4f912f19c9f3502a251f2c05762ed607f81df7
aligned_reference,00502_formal_N8_L6_ordinary_int_r0,8,6,ordinary_int,0,0.06486649345606565,4808e9ed013c631b,834508149ab36edf090ae5a8b23fcce5b01175eed1fd62ae9528484d42fba748
aligned_reference,00503_formal_N8_L6_ordinary_int_r1,8,6,ordinary_int,1,0.06349135935306549,ffde5bb66b3c536d,42070f66bb6fe04645d9b510814f3c5dcdfc935f93c940bdeaf03f74999e5aa6
aligned_reference,00506_formal_N8_L6_ordinary_int_r2,8,6,ordinary_int,2,0.0632435791194439,c13f501933682f2b,cf752a6f275d48e7bfb3ee6dc4da6dbb454347f1472292a6fa810a7b85eac8f3
aligned_reference,00508_formal_N8_L8_ah_block_second_r0,8,8,ah_block_second,0,0.07720098178833723,ae01d47c7e085d2b,6fe7df0dbdc8ef0153db600cf747634d9a6a0d680c40885247b9a4a19c0844bb
aligned_reference,00509_formal_N8_L8_ah_block_second_r1,8,8,ah_block_second,1,0.07691324595361948,69b4b48fd398f2db,9f18379cf3ea9129e2d72eea765cbb12c678e7b7ac72d5839548002d34711608
aligned_reference,00512_formal_N8_L8_ah_block_second_r2,8,8,ah_block_second,2,0.07970878761261702,8a6a14f791b2ead9,c38e725f6321632e869523897e1de3dc4fba73066d3c4a7c87bc47a7ef549849
aligned_reference,00507_formal_N8_L8_ordinary_int_r0,8,8,ordinary_int,0,0.07046636659651995,6a15ea5000040898,4113aa8e9941cb8e0de24b9354433e346a743dd7a8ba2ba14c1586f1f603b58c
aligned_reference,00510_formal_N8_L8_ordinary_int_r1,8,8,ordinary_int,1,0.07106415182352066,1db1e4943c5526bd,66368c0f6da122234c1910b5cc8d00b5436134e7b5ed2dd1f83197d96b713653
aligned_reference,00511_formal_N8_L8_ordinary_int_r2,8,8,ordinary_int,2,0.07104793284088373,e97f1349c415c00c,4793a09a48d6fc6d339888ecfa714770a123dd433a1f7640106c1e44a3d121ea
aligned_reference,00513_formal_N8_L12_ah_block_second_r0,8,12,ah_block_second,0,0.08127758745104074,2f7a09bd9f5fd6e9,d054cb621bf6356135e2008edee426cf294be7072c85bf9b0949042c97d863fc
aligned_reference,00516_formal_N8_L12_ah_block_second_r1,8,12,ah_block_second,1,0.08186966646462679,0afc539d19929a60,5218e6b0ae1c3e4f40cd98b7ecfd164804430e74e50867f974f3db1a89d40178
aligned_reference,00517_formal_N8_L12_ah_block_second_r2,8,12,ah_block_second,2,0.08111737947911024,c9c8f226dd1917ae,ae7fbf211d14c17844f97f95d06490516624ada827b4879e7109dad94fb890c8
aligned_reference,00514_formal_N8_L12_ordinary_int_r0,8,12,ordinary_int,0,0.09254128206521273,4edac0b94c88030f,0ac88b9277b708fdcb9541da320ef93b85d124c58b11bd5073717a2c103512c1
aligned_reference,00515_formal_N8_L12_ordinary_int_r1,8,12,ordinary_int,1,0.09345530904829502,f3cd0bab112f0b8c,959b81dce90fbdc9820af3faccdef6f43eaa72726436354f949cea9a7c9e1bec
aligned_reference,00518_formal_N8_L12_ordinary_int_r2,8,12,ordinary_int,2,0.09282184671610594,8386f4695d1dacf1,5006e83598cfc77610f9556b695753c5bfddc40ba5a84c8e5396a4eeee3f4a52
aligned_reference,00520_formal_N8_L16_ah_block_second_r0,8,16,ah_block_second,0,0.10014411248266697,1be224c43c9651b8,8258228fc789f8f23d6acef53cd55a714212da258dec44dc90e8f9f638671290
aligned_reference,00521_formal_N8_L16_ah_block_second_r1,8,16,ah_block_second,1,0.09707977063953876,a20dbb1e33cc5607,ac4aaee983cafab15dacc396c3c28f960dcfb472a95e307f22aaf9874de7a8db
aligned_reference,00524_formal_N8_L16_ah_block_second_r2,8,16,ah_block_second,2,0.09961805585771799,eb0f020c53c3dfaf,d2a76e75cbce3f46059d81f995f3413112e7e7b3f6a9c1de9c23f54200c6ca49
aligned_reference,00519_formal_N8_L16_ordinary_int_r0,8,16,ordinary_int,0,0.13669227343052626,aa919cb78fb9e834,6eb5a306faedfebd4fea7cbe1ec0d43d34053ae6321780818c5a2be41b09c881
aligned_reference,00522_formal_N8_L16_ordinary_int_r1,8,16,ordinary_int,1,0.1337737636640668,790042f19ac7415d,c0bc970522f5f2442f901405132b6e1e9f527e45c7c4b2c7fb8eb1af0a994300
aligned_reference,00523_formal_N8_L16_ordinary_int_r2,8,16,ordinary_int,2,0.1339340889826417,c41d8fe40e9126d8,81f782a368a9c2bd2b8cfd1f6f807d69f62f69a7970335c56d90c08a61117576
aligned_reference,00562_formal_N12_L4_ah_block_second_r0,12,4,ah_block_second,0,0.07407559640705585,94a8e39a90269cb2,816a1648f76813d79b808971dd39b7b2c9090764635bf082aee94953833a48f3
aligned_reference,00563_formal_N12_L4_ah_block_second_r1,12,4,ah_block_second,1,0.0739515321329236,971b2ca2382744f6,6f72a468c7a021cab16dac56f163de1240c15ee7e71074f16bd9579334025638
aligned_reference,00566_formal_N12_L4_ah_block_second_r2,12,4,ah_block_second,2,0.0744714429602027,3132d1a32865b20c,9a21869d8137d8c2e640cf1792ac408fcbe56c37fded3750e9ec07ad07ef90fc
aligned_reference,00561_formal_N12_L4_ordinary_int_r0,12,4,ordinary_int,0,0.061064488254487514,f73e569b989652d9,5f4ba999cd4913b7a233209ed30e47c24f280c98728bad02f8d094ef75412009
aligned_reference,00564_formal_N12_L4_ordinary_int_r1,12,4,ordinary_int,1,0.06115211080759764,446879238569422d,b3413b0b8e2aab6409ca373daffa785317d2a20746e6297413dd4460c1393b6b
aligned_reference,00565_formal_N12_L4_ordinary_int_r2,12,4,ordinary_int,2,0.061158232390880585,e8bb5e72a5d908b6,8c0abeeb6b7ab7a824e0d5218f7ef4e08ea5a4acce9482fd03790ce5be8c62fe
aligned_reference,00567_formal_N12_L6_ah_block_second_r0,12,6,ah_block_second,0,0.07644587755203247,826f48768aece9f7,6fac88755062f5c4caf137a47b6559443ac9480549a0820eec3ca7af78399429
aligned_reference,00570_formal_N12_L6_ah_block_second_r1,12,6,ah_block_second,1,0.07616124302148819,7d9948f5e3999150,07ed90edd477ef15145ac4d5faa990fcde0625bdd18d60f8c43d7eebe942ccc3
aligned_reference,00571_formal_N12_L6_ah_block_second_r2,12,6,ah_block_second,2,0.07894751243293285,8d99495b927b7b90,c477c1b5f53e9d52d018849c1b2b0389d6d7349bf4b986585c20c03bcaf577fe
aligned_reference,00568_formal_N12_L6_ordinary_int_r0,12,6,ordinary_int,0,0.06629837490618229,6159236a6ff09050,4b8ab95c0b08f869d91099b01462f2ff0d2769db093df0a356a6e53e46f45716
aligned_reference,00569_formal_N12_L6_ordinary_int_r1,12,6,ordinary_int,1,0.06652169581502676,5fbc82a84f50270d,ca85baafb7a9fce165c81f378cd87a1a2921ab2c86ba8ccefa33ba99d0db81e9
aligned_reference,00572_formal_N12_L6_ordinary_int_r2,12,6,ordinary_int,2,0.06597295496612787,96f16b5811053ba8,3621d9561575d5e3ab8585586bdff9beae43fd9a079ff5747d18da0ddd29d84a
aligned_reference,00574_formal_N12_L8_ah_block_second_r0,12,8,ah_block_second,0,0.07848932035267353,35c0d1b04dd3058c,aa145472ccdd872d742230fc54842a253b4c729df0da0a1c175dbb1b5d8dcb17
aligned_reference,00575_formal_N12_L8_ah_block_second_r1,12,8,ah_block_second,1,0.07856429368257523,369784ca7f4b0a78,b172ff7522085a22b51b54d9573e766831ccd3f7301258b4426fb6aa75c3eda2
aligned_reference,00578_formal_N12_L8_ah_block_second_r2,12,8,ah_block_second,2,0.07828760705888271,6a6380903a3b7970,15115d4df116bbf3e68c470dccd00f00584ba3fd25adcc6beab379cdd43090ae
aligned_reference,00573_formal_N12_L8_ordinary_int_r0,12,8,ordinary_int,0,0.07537782844156027,22ee596fc327eb92,4aa9c718aa6a6846a2484cd593ca42a3d0d53c17ea501bf6fb7c69e9a445f774
aligned_reference,00576_formal_N12_L8_ordinary_int_r1,12,8,ordinary_int,1,0.07567253150045872,100377d25339f1c8,b306a4eeb46a10bf6c606c6c412619fa622d98774206fddc221e5e9d1f504b5d
aligned_reference,00577_formal_N12_L8_ordinary_int_r2,12,8,ordinary_int,2,0.07586920168250799,704d2b4ad228ca2c,21c7fb8837cb795a0dc5d375ac6e06d8d1e2d3a3037b7fba705ddd69a1006259
aligned_reference,00579_formal_N12_L12_ah_block_second_r0,12,12,ah_block_second,0,0.09604935999959707,ff1d01798c1d5d3c,251d88802b817e1b8a5246ff38c7e9ee246f4a324ba31b5af46ee372ae7328db
aligned_reference,00582_formal_N12_L12_ah_block_second_r1,12,12,ah_block_second,1,0.09629134740680456,c684eafcc25a6dac,21f6ea4007a7b168eaebc3d40bc9f031fe6935244a3b731a7fa283f7a17abce0
aligned_reference,00583_formal_N12_L12_ah_block_second_r2,12,12,ah_block_second,2,0.09516326524317265,9e6fb0c732bd20aa,799bb80f340ae1a84c7efe959e01673acf8d9c2b9685b27781ba1b2bda8148b1
aligned_reference,00580_formal_N12_L12_ordinary_int_r0,12,12,ordinary_int,0,0.11830793786793947,aa04c0096450fe06,47189657480a3eb55496373d5882d25ce0686b82903cced2e41a857a146b4cde
aligned_reference,00581_formal_N12_L12_ordinary_int_r1,12,12,ordinary_int,1,0.11754566989839077,1de0c7e1319234ea,571b93fda17b476e6d90837de13b65f5c12b729f79c36a87f706110173aba292
aligned_reference,00584_formal_N12_L12_ordinary_int_r2,12,12,ordinary_int,2,0.11830647941678762,45dc7f674eb9c139,194ba2b57bcadfa37fe89b34e1efb5c443c8c59eb03c39790a66d058a8d2d309
aligned_reference,00586_formal_N12_L16_ah_block_second_r0,12,16,ah_block_second,0,0.11988877039402723,ca6095b3a164e1f7,270c55239455f0b41270d80d38e254ab71188322feff7a3ec602c85d37d2e1c5
aligned_reference,00587_formal_N12_L16_ah_block_second_r1,12,16,ah_block_second,1,0.12011216674000025,dc416df07628f2c9,47a7a758e77e92041f6268fc6a64a40d98e0e90e121a5382456cb6540c1f830a
aligned_reference,00590_formal_N12_L16_ah_block_second_r2,12,16,ah_block_second,2,0.11899374052882195,d376259cc126f984,58aa67fd3736fb94e5173bbb8ded46bef759deebb44196ae233aeb51fe0adf2d
aligned_reference,00585_formal_N12_L16_ordinary_int_r0,12,16,ordinary_int,0,0.17633804585784674,47899841e2b8ad42,b60f016163347dcf67680373097c33f604e5641585ab880a2d72f55b9b4d9f53
aligned_reference,00588_formal_N12_L16_ordinary_int_r1,12,16,ordinary_int,1,0.17613013833761215,b79bae1c7f68e338,855c1476ed4e9187c0fe9e2e31bacca0e3c94901bb7805fefb5d886797c1ad99
aligned_reference,00589_formal_N12_L16_ordinary_int_r2,12,16,ordinary_int,2,0.17510591633617878,f68e0f1df9a60344,1fe16226df7a57fe886ddd9f3e606142f7d76f9bd2e9ad620f9916490373642b
aligned_reference,00628_formal_N16_L4_ah_block_second_r0,16,4,ah_block_second,0,0.07725816778838634,cc9b3dfcac286432,3e3825b291065692741c0df7869f95e9ee7404b4be79e4e3d1d0b2ec66af54c7
aligned_reference,00629_formal_N16_L4_ah_block_second_r1,16,4,ah_block_second,1,0.07774493657052517,ef6f33afa1e0d5c8,8ab22e3b424fe4b891304bc03c01e5afac00a85f595ecdf4e79244e28e1a74bb
aligned_reference,00632_formal_N16_L4_ah_block_second_r2,16,4,ah_block_second,2,0.07799640856683254,cf5b60cdcd352498,646c442e372a5fcd7ac60087a453a6ec8b7d22c60210136e1d591738f5df985b
aligned_reference,00627_formal_N16_L4_ordinary_int_r0,16,4,ordinary_int,0,0.06401523854583502,13643c2e8d6f8fc1,9bd28c4f8c605345bcb848508720ecdaca7515197a67e1317fb2ffe8e559b448
aligned_reference,00630_formal_N16_L4_ordinary_int_r1,16,4,ordinary_int,1,0.0647821445018053,673f8017ace0e0a7,02b2ef264b5541339c74ca5a2ce85ea2a0462cebe89686df40ba8b9931baba82
aligned_reference,00631_formal_N16_L4_ordinary_int_r2,16,4,ordinary_int,2,0.06474144756793976,4333ef7d8d0a6dea,f2053fa13002c294221d043374253bd0d48068521fdd8978c0e3acf499425108
aligned_reference,00633_formal_N16_L6_ah_block_second_r0,16,6,ah_block_second,0,0.07908658403903246,56ea1b7db8fb53be,cac29d54bc74a349a0d62a95a875ab453acd08e6f3ec93bd692c3846097c3abb
aligned_reference,00636_formal_N16_L6_ah_block_second_r1,16,6,ah_block_second,1,0.08056413475424051,17419a15dd87ab49,9a1ffa5a9d4371f06157b4e86dcfa186789181339bd84492066193ca12540830
aligned_reference,00637_formal_N16_L6_ah_block_second_r2,16,6,ah_block_second,2,0.0803086468949914,80e5ca287953113f,4d95ed5d2ed59d961ca746ecc37d49215756f6576c9558b44350b4e0d00d4558
aligned_reference,00634_formal_N16_L6_ordinary_int_r0,16,6,ordinary_int,0,0.07051017973572016,41acec9d348a1fb1,8826d60a732d208781764d641912b23eaf545df344c733e8800ed75081009da5
aligned_reference,00635_formal_N16_L6_ordinary_int_r1,16,6,ordinary_int,1,0.07046574540436268,54dc1366dbf6b455,dc388d12c13e243e9907461e397a5c0598449e676fc11ffbe39d13cc7a7faaf0
aligned_reference,00638_formal_N16_L6_ordinary_int_r2,16,6,ordinary_int,2,0.07034011650830507,c39503ead7e28293,c2e8dd13e03aba12a44b99b42bbf3af3150dd5c4a83b71223571c2630d8a19fa
aligned_reference,00640_formal_N16_L8_ah_block_second_r0,16,8,ah_block_second,0,0.09078711923211813,d41cbd7843e2c766,3dffbc39218207aa3c5590b77e08ed08a012daaa6a3f6879c1fff8f4f1db9f2e
aligned_reference,00641_formal_N16_L8_ah_block_second_r1,16,8,ah_block_second,1,0.09123265743255615,50074d50aba38bc6,fdaf58bb8a50d56125a91e47f8f52a3e1932110cdc717c2284897443bc557bbc
aligned_reference,00644_formal_N16_L8_ah_block_second_r2,16,8,ah_block_second,2,0.09047586005181074,8172148284d668d5,d405f56bf139d86873660fe4dfbb0b2fc95d2a40255268362865b8acdc0aab0d
aligned_reference,00639_formal_N16_L8_ordinary_int_r0,16,8,ordinary_int,0,0.09069428499788046,88c3993678a49664,b2f068d19d53d39009403ddb57c5f5c56f96047d6ad7e8ee965c0730b3fd42d4
aligned_reference,00642_formal_N16_L8_ordinary_int_r1,16,8,ordinary_int,1,0.09039571043103933,7547246e106140a4,dbcbedff3407580222a477eb92c04628e9014df8ebb2ff84eb1a66a169e5d44f
aligned_reference,00643_formal_N16_L8_ordinary_int_r2,16,8,ordinary_int,2,0.09099852666258812,7bf20bac454238de,62d4aa7ccfc90649dc8473940c613f23e0fef677646e6bcd44c302ccf1040467
aligned_reference,00645_formal_N16_L12_ah_block_second_r0,16,12,ah_block_second,0,0.11117972619831562,41c9bc8996a7f4fe,5e6b2fed6a99d9c09e698560d4fd3415ae49a4546bac575ef2b86be26322e4dc
aligned_reference,00648_formal_N16_L12_ah_block_second_r1,16,12,ah_block_second,1,0.11150101386010647,74be67df07601677,da92197c9327ad76400648b66564ef43540a8519576beb8a88df684a53473c43
aligned_reference,00649_formal_N16_L12_ah_block_second_r2,16,12,ah_block_second,2,0.11004671640694141,a17ba5da6a9e83ce,90081c21fb15ad9aafa0576681c0cb38b2c35ee29e09599bb9a95f24b54c3f80
aligned_reference,00646_formal_N16_L12_ordinary_int_r0,16,12,ordinary_int,0,0.14543840661644936,4090e16a83dbfefc,0f4317140f841a152ddcb749de7e34a9ee1669b20247028bb1b089f850b240f6
aligned_reference,00647_formal_N16_L12_ordinary_int_r1,16,12,ordinary_int,1,0.14667346142232418,4756228bd83c90c4,69e17afbb7b424e3509a49d21eef83f2c8fd5803f1a37885de12ebd80d8ed90a
aligned_reference,00650_formal_N16_L12_ordinary_int_r2,16,12,ordinary_int,2,0.14478718861937523,0f5a8ae6faa7ef7d,2e65d1e00883471e4d2d78dc0035898c4de2a4f0f069bac2719b6e722e805ade
aligned_reference,00652_formal_N16_L16_ah_block_second_r0,16,16,ah_block_second,0,0.16536827199161053,6e50635d270deb49,e90424d57915cf892666b189a237bcfa4ac5278a5319ad0021cc9e65a187cf5f
aligned_reference,00653_formal_N16_L16_ah_block_second_r1,16,16,ah_block_second,1,0.1647327160462737,290bf9476899d79f,0ecaac0510a0290b4cb55cdcbd5502982f5cdce7b965b2117b803b7abe2ca7e2
aligned_reference,00656_formal_N16_L16_ah_block_second_r2,16,16,ah_block_second,2,0.16488329879939556,da9ed8dd8a83bebf,ceadb3beb4e908dc46aa592a8224f9cb5595c49e0c2ee99c796828487c269f0d
aligned_reference,00651_formal_N16_L16_ordinary_int_r0,16,16,ordinary_int,0,0.25161133520305157,8a36d1a4d37b30fe,e166daaeef805c22c7a2386e7f8d171113f546e6aa039e5317464c14c8fcca78
aligned_reference,00654_formal_N16_L16_ordinary_int_r1,16,16,ordinary_int,1,0.25143043603748083,9d48557a09dbcdc2,a5a2c26ed094004ae07104f5884a44bd1f544e7e271c117676e907e65ff7f030
aligned_reference,00655_formal_N16_L16_ordinary_int_r2,16,16,ordinary_int,2,0.2499288935214281,84a0e0c2b003dbb2,d64a1c3436848f7204323c23352a1599802c733e8fdc767ed974fc03b2187d38
even_n36,N36_L4_ah_block_second_r0_a00,36,4,ah_block_second,0,0.09671449288725853,8f2b11ca833ad173,845ec3584d0cb738e93fecc2d0116dfd4996561e67371b5d157704881194bd0d
even_n36,N36_L4_ah_block_second_r1_a00,36,4,ah_block_second,1,0.09742244146764278,eaabd99007da6e44,36b2d0dd0522f6114f36246bd44eef360d1f2cb9e8fe0c5abc8fe0a26dfa9648
even_n36,N36_L4_ah_block_second_r2_a00,36,4,ah_block_second,2,0.09336515422910452,7939fc93112ff964,5e631f100ba2f2747e1dbc97bfdbe94c7382c27a73b3852e23599f0972cb77a0
even_n36,N36_L4_ordinary_int_r0_a00,36,4,ordinary_int,0,0.08578646834939718,acbb1b75996f7cc7,81a295129d674677920e8f4e73a14313bc7bff7936e4ec4e37d74da55a1e3e1b
even_n36,N36_L4_ordinary_int_r1_a00,36,4,ordinary_int,1,0.08631661254912615,89560919f3f6e4b6,a464d3dd07a0fb781adfe07f9127ff8e4a1ff398b11e91b26356dbba7c583396
even_n36,N36_L4_ordinary_int_r2_a00,36,4,ordinary_int,2,0.08161617163568735,897c1aaf469ce903,39502bdcadd0fbb42c1ca3167832930f6e9f1c0759ccb37ed2a84d0e7234ab08
even_n36,N36_L8_ah_block_second_r0_a00,36,8,ah_block_second,0,0.16150971967726946,b70e8a1c9b615020,a5b4821380825f79a86eb1d7ec00479f4c00237bcc72567472e5db05db10443c
even_n36,N36_L8_ah_block_second_r1_a00,36,8,ah_block_second,1,0.1676841489970684,bf10afd77ffbfa9f,1fd410f6a75b70df67823a6e8775f9b62ccbf7cdb6c3b7e119feacd82619d900
even_n36,N36_L8_ah_block_second_r2_a00,36,8,ah_block_second,2,0.1677839308977127,3505c4f1c5b98a12,d249d71e1c073afbf5e93714cf01d11374578781374686399e8b4224aed8f3b5
even_n36,N36_L8_ordinary_int_r0_a00,36,8,ordinary_int,0,0.1793700698763132,de164a6abec09b93,1f11bc0a7409baf8ef23df3f68ff8948328b68a3b3e1d20ec8989c33fdff9530
even_n36,N36_L8_ordinary_int_r1_a00,36,8,ordinary_int,1,0.18299518153071404,c3b6d77879f0204e,7dab0d201a40bb007aca385f3a8d737001f77396c79c73604e6d78d5d46914e4
even_n36,N36_L8_ordinary_int_r2_a00,36,8,ordinary_int,2,0.18368232157081366,5199658f049f9468,8e7543ad1e0232fd43c598a53377afc587b24c35c33244282ec255b2126dc1a7
even_n36,N36_L16_ah_block_second_r0_a00,36,16,ah_block_second,0,0.9537866981700063,19f3078a23b8468e,7a160d7b659fc9befa15468c3446505a3fc52455b0a9dce8b4b8052e83ae5149
even_n36,N36_L16_ah_block_second_r1_a00,36,16,ah_block_second,1,0.9492426039651036,0a4e23f259acc06f,6b60300c07a9e253af69d0b5e616865371093fb4d672f9e49f172f03c745fd7c
even_n36,N36_L16_ah_block_second_r2_a00,36,16,ah_block_second,2,0.9655960071831942,d3495e0af18e39d2,e7913833ebf87e9421c3facfd7847065e209f085b2076a8b79c15f8eac472be6
even_n36,N36_L16_ordinary_int_r0_a00,36,16,ordinary_int,0,1.1321240961551666,944d12f4336cabd2,d9804afd3d4b2ae00aba8b38faa40540cc696680165845fecf46fd2274d0c37c
even_n36,N36_L16_ordinary_int_r1_a00,36,16,ordinary_int,1,1.1269937381148338,01a635cbe7a04be1,4d005f2f1c8eec01e08a167cd37761088521e923ff709dc7e3db38ca1b0a85b4
even_n36,N36_L16_ordinary_int_r2_a00,36,16,ordinary_int,2,1.1445254040881991,b58c180666805885,6384e2c442ade2b3d9520bd74150956c8a94a7a39af10ef2f23bff85ca286d1e
even_n36,N36_L24_ah_block_second_r0_a00,36,24,ah_block_second,0,3.849145627580583,21518fdb4cb144c2,3d6c68512e99325dd76562134f1edc41eccd0430568e75b4f3d1e9c29bcb3ce9
even_n36,N36_L24_ah_block_second_r1_a00,36,24,ah_block_second,1,3.6306954752653837,3c87e56bf0e45cab,f888d5ede3433498d0b2b13c1755f650033871a7531b63650c4c9d94d0eed11c
even_n36,N36_L24_ah_block_second_r2_a00,36,24,ah_block_second,2,3.799408605322242,738c5b9f4d34b679,a193b311f9f93cef802e1af838edbac6c0b1d1d85351455a135f680b3ff7169c
even_n36,N36_L24_ordinary_int_r0_a00,36,24,ordinary_int,0,4.358945495449007,938d457b7723578f,0519caf276b61782448700cea561a47561c2fd1e44ccfce2a7684538382d060e
even_n36,N36_L24_ordinary_int_r1_a00,36,24,ordinary_int,1,4.259736962616444,a248a4385a0d0e12,34b81870360678bf4a6bfbef56ffcac3efffb6a004512cc32e6a74adf2e8b667
even_n36,N36_L24_ordinary_int_r2_a00,36,24,ordinary_int,2,4.294769925065339,16625e2a5ca96c42,d55fa7b011c12bfc48f149facbb474da4e806261879c2157f95994c92e1e164a
even_n36,N36_L32_ah_block_second_r0_a00,36,32,ah_block_second,0,11.748359376564622,c988f17142c2a331,070ec8cbd167b4cb8e35c34fdd92d780920014a784f5be4722c68c6812eebc4e
even_n36,N36_L32_ah_block_second_r1_a00,36,32,ah_block_second,1,11.779333512298763,f14f7626aeddde4d,a06bbc0226dd9ff0b4084805303a6d9bb554c98a2f66a24e2ff6178b53a51f30
even_n36,N36_L32_ah_block_second_r2_a00,36,32,ah_block_second,2,11.895917835645378,cec5ccdce05f85ce,5f161e9db471bb4f0baaa12143ba8ad4fe559f2ec7244b9d9b6684c6367aea33
even_n36,N36_L32_ordinary_int_r0_a00,36,32,ordinary_int,0,12.282338379882276,d3a1a7646166f620,7526630480d8cf35d0d3ffbc45a411627d7590a8e165b7616441bce00d70c79c
even_n36,N36_L32_ordinary_int_r1_a00,36,32,ordinary_int,1,12.240042285993695,0dcece9b423715ab,8c62d2704faaebeeb0841ca67a2caa0c435a8f60ea4aaabc65314671c543f7e9
even_n36,N36_L32_ordinary_int_r2_a00,36,32,ordinary_int,2,12.295794429257512,7e1bf976fe27f6dc,e2abf225d92895babd1c97251a32b37a8158a441a21c46145856e1a6a52001b1
even_n36,N36_L48_ah_block_second_r0_a00,36,48,ah_block_second,0,57.994107202626765,db8d102eb54b0607,8c2179786666edbec987892f83680a3b4deffe5892d5e2f838d653e5792b0014
even_n36,N36_L48_ah_block_second_r1_a00,36,48,ah_block_second,1,58.01297012902796,633ca187462349eb,404a16f6e3cbc9109a0b8574b520b40ee36a29fe8117afb586585e9c4ce9c6ae
even_n36,N36_L48_ah_block_second_r2_a00,36,48,ah_block_second,2,56.74039173312485,85a368c5e4f40716,0894cad51bd6e6d225ca5e7a021e322d2b47bc311d81c7e3001212c38d7272ab
even_n36,N36_L48_ordinary_int_r0_a00,36,48,ordinary_int,0,58.94800633657724,02a0d02f284eb9e9,ff76acd86ddf05a6350fe1ad83b4844015fc21173449ea37f099ea843aa1e216
even_n36,N36_L48_ordinary_int_r1_a00,36,48,ordinary_int,1,59.19852142967284,6486690ad5278e14,9f21ea51fe49ab0b90721451ba523683ce5fb7044b73e14a8894ee2c605db78c
even_n36,N36_L48_ordinary_int_r2_a00,36,48,ordinary_int,2,58.416247704066336,2bae115c1e98b1b7,e5a178f20942a8e892d3155b980fc76a5897942ff20e37fdf1d11085f91a7b59
even_n36,N36_L64_ah_block_second_r0_a00,36,64,ah_block_second,0,257.85945665370673,1654984c14023a6e,0530753b49b9d4a942c1ee24f325a754f00a04b57546558e057182ad2cec4e72
even_n36,N36_L64_ah_block_second_r1_a00,36,64,ah_block_second,1,249.93695764243603,ac126dd688fe4451,44a41ff95e141ecd54e8b30ba878ec080e0ddc78a9e3affb65a442577d7d0718
even_n36,N36_L64_ah_block_second_r2_a00,36,64,ah_block_second,2,251.2941509662196,c314c1187f0f8dc9,c1ca7c00f1247a23971d20bead1b56ce54c04339f17e899d28614630c43e7da7
even_n36,N36_L64_ordinary_int_r0_a00,36,64,ordinary_int,0,255.53503691963851,a10e1506efb97ecb,58a220186983e39c9ada621da2d9ef25a0e47469322cfbd598bdbef17ffd4008
even_n36,N36_L64_ordinary_int_r1_a00,36,64,ordinary_int,1,250.39688231702894,82e6086c8dc3a85e,65db17e44b640d13e051cff8ce9fe0019eba0e193506ac4e901f8f5414fc67f5
even_n36,N36_L64_ordinary_int_r2_a00,36,64,ordinary_int,2,249.04266064893454,98fe3cf8c17a4932,b30a49ad926f47a800aabce4868deb259573b4da858a97781dd84d477fa11b19
even_serial,00496_formal_N8_L4_ah_block_second_r0,8,4,ah_block_second,0,0.07489306200295687,bb790b438a5a808b,202407691d582551c34a1757be1e46528d6212e78f9920219323f033e6d9db2a
even_serial,00497_formal_N8_L4_ah_block_second_r1,8,4,ah_block_second,1,0.07458873931318521,1aa30a35c986740e,83e9de52ea54ab8109693c02c89fff9a764fccf5e4e05afb75a2b80d860abf6c
even_serial,00500_formal_N8_L4_ah_block_second_r2,8,4,ah_block_second,2,0.07448367401957512,fee422fbf624cf6c,e6e7a52ec6bac973849f6c0050e3d63eb911b1dbb7234c9b7fab728562606334
even_serial,00495_formal_N8_L4_ordinary_int_r0,8,4,ordinary_int,0,0.06132172793149948,6e4ccf6645c7accd,7a2e4f72940ecdd9cf1772d6e716f73ea225e0f30cd47f374839562d7a823ab8
even_serial,00498_formal_N8_L4_ordinary_int_r1,8,4,ordinary_int,1,0.06004696525633335,21831e2a0957f9e8,d1c8ebbdd0a301575c9cce03909ed5b64e453e8133e8f759f49892f0c0372408
even_serial,00499_formal_N8_L4_ordinary_int_r2,8,4,ordinary_int,2,0.061331747099757195,29849c04916191a2,1afe15a486ea3180e1d400bb59d36b58bbe4a25a17ee51e17785e930cf837e77
even_serial,00508_formal_N8_L8_ah_block_second_r0,8,8,ah_block_second,0,0.07720098178833723,ae01d47c7e085d2b,6fe7df0dbdc8ef0153db600cf747634d9a6a0d680c40885247b9a4a19c0844bb
even_serial,00509_formal_N8_L8_ah_block_second_r1,8,8,ah_block_second,1,0.07691324595361948,69b4b48fd398f2db,9f18379cf3ea9129e2d72eea765cbb12c678e7b7ac72d5839548002d34711608
even_serial,00512_formal_N8_L8_ah_block_second_r2,8,8,ah_block_second,2,0.07970878761261702,8a6a14f791b2ead9,c38e725f6321632e869523897e1de3dc4fba73066d3c4a7c87bc47a7ef549849
even_serial,00507_formal_N8_L8_ordinary_int_r0,8,8,ordinary_int,0,0.07046636659651995,6a15ea5000040898,4113aa8e9941cb8e0de24b9354433e346a743dd7a8ba2ba14c1586f1f603b58c
even_serial,00510_formal_N8_L8_ordinary_int_r1,8,8,ordinary_int,1,0.07106415182352066,1db1e4943c5526bd,66368c0f6da122234c1910b5cc8d00b5436134e7b5ed2dd1f83197d96b713653
even_serial,00511_formal_N8_L8_ordinary_int_r2,8,8,ordinary_int,2,0.07104793284088373,e97f1349c415c00c,4793a09a48d6fc6d339888ecfa714770a123dd433a1f7640106c1e44a3d121ea
even_serial,00520_formal_N8_L16_ah_block_second_r0,8,16,ah_block_second,0,0.10014411248266697,1be224c43c9651b8,8258228fc789f8f23d6acef53cd55a714212da258dec44dc90e8f9f638671290
even_serial,00521_formal_N8_L16_ah_block_second_r1,8,16,ah_block_second,1,0.09707977063953876,a20dbb1e33cc5607,ac4aaee983cafab15dacc396c3c28f960dcfb472a95e307f22aaf9874de7a8db
even_serial,00524_formal_N8_L16_ah_block_second_r2,8,16,ah_block_second,2,0.09961805585771799,eb0f020c53c3dfaf,d2a76e75cbce3f46059d81f995f3413112e7e7b3f6a9c1de9c23f54200c6ca49
even_serial,00519_formal_N8_L16_ordinary_int_r0,8,16,ordinary_int,0,0.13669227343052626,aa919cb78fb9e834,6eb5a306faedfebd4fea7cbe1ec0d43d34053ae6321780818c5a2be41b09c881
even_serial,00522_formal_N8_L16_ordinary_int_r1,8,16,ordinary_int,1,0.1337737636640668,790042f19ac7415d,c0bc970522f5f2442f901405132b6e1e9f527e45c7c4b2c7fb8eb1af0a994300
even_serial,00523_formal_N8_L16_ordinary_int_r2,8,16,ordinary_int,2,0.1339340889826417,c41d8fe40e9126d8,81f782a368a9c2bd2b8cfd1f6f807d69f62f69a7970335c56d90c08a61117576
even_serial,00525_formal_N8_L24_ah_block_second_r0,8,24,ah_block_second,0,0.13343308493494987,b2e9ec6603e5905a,386903d8e5c1a6a08a6bf96c3de1b51f8464fb7c826e28eb5241733a0eecb577
even_serial,00528_formal_N8_L24_ah_block_second_r1,8,24,ah_block_second,1,0.1326495250687003,ba883ac592872132,4e3064d1325df26fe5cdc31fcd51cb10d235229ea5c6c3a51b4fb16f70ee2828
even_serial,00529_formal_N8_L24_ah_block_second_r2,8,24,ah_block_second,2,0.13234318606555462,6545459f6ee9a3f6,4e31add73ea8a95653606166e102911bc17590068c1f8186606d1f035277e3d7
even_serial,00526_formal_N8_L24_ordinary_int_r0,8,24,ordinary_int,0,0.26097659580409527,22aad5876336a4a7,dafe8046fe2ac1f2d71b2882ecde976acbfd0b03e1d79d5729fbb20144b924bd
even_serial,00527_formal_N8_L24_ordinary_int_r1,8,24,ordinary_int,1,0.26044904068112373,4cb91e7b50707df4,217828393e8baf4c30668c090c19ee0afe852a7c81a43b0bd0024ba62ffd0635
even_serial,00530_formal_N8_L24_ordinary_int_r2,8,24,ordinary_int,2,0.260320876725018,f75b5951559837bb,4f03abdef2e8e0084d1a947bbedabc46343a5ff0c21575dafca71cbd5c588717
even_serial,00532_formal_N8_L32_ah_block_second_r0,8,32,ah_block_second,0,0.2107656067237258,e201c7e20fb05cc3,f4fd3defb0c72309322a9fe2b631c913149cbc1a0c3ca975752fa9b30d91c854
even_serial,00533_formal_N8_L32_ah_block_second_r1,8,32,ah_block_second,1,0.21273279003798962,28d8c0a0f2c25a6b,5779c0c13aea319eddef678caeffb4f5fe6e2bedc1cf3511729058f7ab5fa8d8
even_serial,00536_formal_N8_L32_ah_block_second_r2,8,32,ah_block_second,2,0.21125985868275166,83187fb54ab797d1,3fd86354702b89817dae8dc630266c5f982ef39005cbb19701f535637763e1da
even_serial,00531_formal_N8_L32_ordinary_int_r0,8,32,ordinary_int,0,0.4515166487544775,8780e067d0ddb1ba,d8e34eedbb0093154776a96f027a4cf35010ac77e2e0ea442a45a8519eaa3d59
even_serial,00534_formal_N8_L32_ordinary_int_r1,8,32,ordinary_int,1,0.4506772281602025,48c6cf7e5ce00d86,ebde1b192b9dade809f1241181cacc0955046d92c16840e32fbce5db60761c1f
even_serial,00535_formal_N8_L32_ordinary_int_r2,8,32,ordinary_int,2,0.45246736239641905,e9f30ebd543acfca,e3248a5348701f68cb8f96c34d360ce7624b31055b825c95a9e7eb5d050f2bfa
even_serial,00537_formal_N8_L48_ah_block_second_r0,8,48,ah_block_second,0,0.7266416624188423,1f080420fece80fc,b60bff9deefb05e6b440fda7e572230d9d78285c4845b8cd405f220c3dd94f75
even_serial,00540_formal_N8_L48_ah_block_second_r1,8,48,ah_block_second,1,0.7240418633446097,8d95a37a0ce14a9b,4079f76267d67a8be0c15410d0c7fceaf200d9fbb21443f07bb55d1c31c6be13
even_serial,00541_formal_N8_L48_ah_block_second_r2,8,48,ah_block_second,2,0.7217841930687428,36db11fc1fc5ca91,8390422f55746cde6758c3a0ca3da2684eaf8f497664b2b23c871e21c0b6ca68
even_serial,00538_formal_N8_L48_ordinary_int_r0,8,48,ordinary_int,0,1.4033962711691856,fec3832bb2256c16,ac65e073f0c477c6c7498a1bc17d30d1eaff7dee4bbc91cd699fb85adb462447
even_serial,00539_formal_N8_L48_ordinary_int_r1,8,48,ordinary_int,1,1.4031767752021551,70158c843fc81c5e,17ec1192728bdf7a411f84977154c86c97b118e95d853c713f8244bb0e137bbe
even_serial,00542_formal_N8_L48_ordinary_int_r2,8,48,ordinary_int,2,1.402516440488398,dcaa91ab2361e3be,cef072665147dc89b96cd13dff8af209d92ad23e7b3f13de005ad92351b223a8
even_serial,00544_formal_N8_L64_ah_block_second_r0,8,64,ah_block_second,0,1.7420347817242146,d22a579d1cdb7d70,45cd535746bb34dcb1c128b1360c4c9349e4715b300a9edcc453efd21d7a54fd
even_serial,00545_formal_N8_L64_ah_block_second_r1,8,64,ah_block_second,1,1.7258485592901707,adedaf0dee895cc2,62ea3118163bc152e8f09cc376cf8a2d05d5026b43d149529609ff96afe9a8e3
even_serial,00548_formal_N8_L64_ah_block_second_r2,8,64,ah_block_second,2,1.7499503968283534,194b577340727d83,0e75c0227a726ca0a494df27544be1db6f07c7e8edb24f02ebdfcdc6d5c8c6d1
even_serial,00543_formal_N8_L64_ordinary_int_r0,8,64,ordinary_int,0,3.0267848055809736,c938d5d1814ab330,61f618201234dfe9af801a97ea304c17cf68703badf5408708f5e65fd8408514
even_serial,00546_formal_N8_L64_ordinary_int_r1,8,64,ordinary_int,1,3.0300430711358786,af72c0bba5ad3dd8,a5ef2ac5c303ded8216c2d5f418fbeade5febfb9bffa335948f78577dbae0b9b
even_serial,00547_formal_N8_L64_ordinary_int_r2,8,64,ordinary_int,2,3.0331569565460086,84eecb0081e671fd,f7bb01e9a013f39b93977863b848308c7e86f1f868ce2b8b44b5250df3b3a7d0
even_serial,00628_formal_N16_L4_ah_block_second_r0,16,4,ah_block_second,0,0.07725816778838634,cc9b3dfcac286432,3e3825b291065692741c0df7869f95e9ee7404b4be79e4e3d1d0b2ec66af54c7
even_serial,00629_formal_N16_L4_ah_block_second_r1,16,4,ah_block_second,1,0.07774493657052517,ef6f33afa1e0d5c8,8ab22e3b424fe4b891304bc03c01e5afac00a85f595ecdf4e79244e28e1a74bb
even_serial,00632_formal_N16_L4_ah_block_second_r2,16,4,ah_block_second,2,0.07799640856683254,cf5b60cdcd352498,646c442e372a5fcd7ac60087a453a6ec8b7d22c60210136e1d591738f5df985b
even_serial,00627_formal_N16_L4_ordinary_int_r0,16,4,ordinary_int,0,0.06401523854583502,13643c2e8d6f8fc1,9bd28c4f8c605345bcb848508720ecdaca7515197a67e1317fb2ffe8e559b448
even_serial,00630_formal_N16_L4_ordinary_int_r1,16,4,ordinary_int,1,0.0647821445018053,673f8017ace0e0a7,02b2ef264b5541339c74ca5a2ce85ea2a0462cebe89686df40ba8b9931baba82
even_serial,00631_formal_N16_L4_ordinary_int_r2,16,4,ordinary_int,2,0.06474144756793976,4333ef7d8d0a6dea,f2053fa13002c294221d043374253bd0d48068521fdd8978c0e3acf499425108
even_serial,00640_formal_N16_L8_ah_block_second_r0,16,8,ah_block_second,0,0.09078711923211813,d41cbd7843e2c766,3dffbc39218207aa3c5590b77e08ed08a012daaa6a3f6879c1fff8f4f1db9f2e
even_serial,00641_formal_N16_L8_ah_block_second_r1,16,8,ah_block_second,1,0.09123265743255615,50074d50aba38bc6,fdaf58bb8a50d56125a91e47f8f52a3e1932110cdc717c2284897443bc557bbc
even_serial,00644_formal_N16_L8_ah_block_second_r2,16,8,ah_block_second,2,0.09047586005181074,8172148284d668d5,d405f56bf139d86873660fe4dfbb0b2fc95d2a40255268362865b8acdc0aab0d
even_serial,00639_formal_N16_L8_ordinary_int_r0,16,8,ordinary_int,0,0.09069428499788046,88c3993678a49664,b2f068d19d53d39009403ddb57c5f5c56f96047d6ad7e8ee965c0730b3fd42d4
even_serial,00642_formal_N16_L8_ordinary_int_r1,16,8,ordinary_int,1,0.09039571043103933,7547246e106140a4,dbcbedff3407580222a477eb92c04628e9014df8ebb2ff84eb1a66a169e5d44f
even_serial,00643_formal_N16_L8_ordinary_int_r2,16,8,ordinary_int,2,0.09099852666258812,7bf20bac454238de,62d4aa7ccfc90649dc8473940c613f23e0fef677646e6bcd44c302ccf1040467
even_serial,00652_formal_N16_L16_ah_block_second_r0,16,16,ah_block_second,0,0.16536827199161053,6e50635d270deb49,e90424d57915cf892666b189a237bcfa4ac5278a5319ad0021cc9e65a187cf5f
even_serial,00653_formal_N16_L16_ah_block_second_r1,16,16,ah_block_second,1,0.1647327160462737,290bf9476899d79f,0ecaac0510a0290b4cb55cdcbd5502982f5cdce7b965b2117b803b7abe2ca7e2
even_serial,00656_formal_N16_L16_ah_block_second_r2,16,16,ah_block_second,2,0.16488329879939556,da9ed8dd8a83bebf,ceadb3beb4e908dc46aa592a8224f9cb5595c49e0c2ee99c796828487c269f0d
even_serial,00651_formal_N16_L16_ordinary_int_r0,16,16,ordinary_int,0,0.25161133520305157,8a36d1a4d37b30fe,e166daaeef805c22c7a2386e7f8d171113f546e6aa039e5317464c14c8fcca78
even_serial,00654_formal_N16_L16_ordinary_int_r1,16,16,ordinary_int,1,0.25143043603748083,9d48557a09dbcdc2,a5a2c26ed094004ae07104f5884a44bd1f544e7e271c117676e907e65ff7f030
even_serial,00655_formal_N16_L16_ordinary_int_r2,16,16,ordinary_int,2,0.2499288935214281,84a0e0c2b003dbb2,d64a1c3436848f7204323c23352a1599802c733e8fdc767ed974fc03b2187d38
even_serial,00657_formal_N16_L24_ah_block_second_r0,16,24,ah_block_second,0,0.36960017308592796,c75162c0669f38ef,bc346a8aca097ca9ff0d5ef1f516ad9c16c9df02bf30a34664d8f192eb34d4b0
even_serial,00660_formal_N16_L24_ah_block_second_r1,16,24,ah_block_second,1,0.3738124147057533,eafe3f2a951f4076,63a71f5946b852c2cb8a4b9ea65fc859d567568d0dd2748248095343120b5034
even_serial,00661_formal_N16_L24_ah_block_second_r2,16,24,ah_block_second,2,0.3728228146210313,ba5f03c5cf3ccd17,f7e57d539ee2846c731e880f170367535b79d61614a09d2a38870fcbafffd150
even_serial,00658_formal_N16_L24_ordinary_int_r0,16,24,ordinary_int,0,0.6087702577933669,eb892aee6597a113,3c7a2e1e749b9acf7187574035ca70ba45220f4990e583795d9b4c7bad300453
even_serial,00659_formal_N16_L24_ordinary_int_r1,16,24,ordinary_int,1,0.6101874802261591,fb7a235b100fece1,3ca111c895c28757f74e7b16673f23bcb1255714c1332289e29f51586523b4ff
even_serial,00662_formal_N16_L24_ordinary_int_r2,16,24,ordinary_int,2,0.6091030929237604,f7bf4f1c68bf5304,8567d60ef4280eff0f39e9571e8f48ab5ea84b69c7036f12036b3f1ae62800b6
even_serial,00664_formal_N16_L32_ah_block_second_r0,16,32,ah_block_second,0,0.8997563691809773,6f971dfd1638bcaf,a50421821589fa63f2d699014c58dabd71167a0ab430be04cd327d2d42e284ec
even_serial,00665_formal_N16_L32_ah_block_second_r1,16,32,ah_block_second,1,0.9017419908195734,ebfd7572d9d33d5e,d50e84e8b596c276836fe27a2d71096537180f62efcd314565385eafa47af713
even_serial,00668_formal_N16_L32_ah_block_second_r2,16,32,ah_block_second,2,0.8942621797323227,202b0145c44792f8,e8b657edc79f83101850b1fb14937216d82c9b266a69be1c923c9b962e4e2d04
even_serial,00663_formal_N16_L32_ordinary_int_r0,16,32,ordinary_int,0,1.3240863289684057,55c402b2c7ab408d,6462dd8b0d96844cf7c22dade611f30d10bdf611f0aa7d79830541b23ea591f6
even_serial,00666_formal_N16_L32_ordinary_int_r1,16,32,ordinary_int,1,1.3240633895620704,2e2feb6624636ebf,9f85ec16c1e81f97b2ee849bfdf7b12bb426e727e4d962ee31266f27ef0bae1f
even_serial,00667_formal_N16_L32_ordinary_int_r2,16,32,ordinary_int,2,1.318311545997858,82e571a42152b705,6dcc5c74405525a66267828a68ae3eb23eec55c91169628aa1084f61ceba11f2
even_serial,00669_formal_N16_L48_ah_block_second_r0,16,48,ah_block_second,0,7.095445152372122,36adae104933416f,913937a2ec89b65845b1dc549cf76092bef0c5acdf7ec1145554c7c9ec128d63
even_serial,00672_formal_N16_L48_ah_block_second_r1,16,48,ah_block_second,1,7.130359964445233,320c6c57fe86ffa4,c111269b3f9bd8fe0ebaf783dd82167070fd65898923bca4f6dbcb4b90430d2f
even_serial,00673_formal_N16_L48_ah_block_second_r2,16,48,ah_block_second,2,7.094684639945626,f14aef73201ae706,3617ab31e2393cc01c5f988392a724288ed5fa60401ec545d79b6621cf826808
even_serial,00670_formal_N16_L48_ordinary_int_r0,16,48,ordinary_int,0,7.920205131173134,003cca3f11284b23,3f01aa020403fd84e853a73753307c571641df3603f6fec0d9e134012eb490e1
even_serial,00671_formal_N16_L48_ordinary_int_r1,16,48,ordinary_int,1,7.928205185569823,c3d841abaad872b7,5bfe34dfe8db7c3549c7e20bb0e05f78f5e754185855d4958c0c823a7efc96aa
even_serial,00674_formal_N16_L48_ordinary_int_r2,16,48,ordinary_int,2,7.899031166918576,9f796f2e48d2a4aa,7bf426e780a705f109fbef9c707b4fe5653f95795f9d86cca3196f35a1758c32
even_serial,00676_formal_N16_L64_ah_block_second_r0,16,64,ah_block_second,0,23.17575602326542,1599b4c7408a9e7c,f2302c74a5069f5d645d6d702bf3636ce4f0b45dab3b98d21050a58172d13828
even_serial,00677_formal_N16_L64_ah_block_second_r1,16,64,ah_block_second,1,22.880528858862817,c128c001258595e2,f9edc05436966c6350b069987ebb2cee68095e090bb6c059f2e1bf44ce3cb74f
even_serial,00680_formal_N16_L64_ah_block_second_r2,16,64,ah_block_second,2,22.60801479406655,666295ead45ce783,3035605a1ec9ca8fb16d88533a06fccae13c08e14f35560d80ba414b22cb0a69
even_serial,00675_formal_N16_L64_ordinary_int_r0,16,64,ordinary_int,0,24.53400560375303,cffe6a28de45f4be,e205f1c2fa09c469ed19cce658735d7e501a73d0d1f42d7f2362f14af56eacca
even_serial,00678_formal_N16_L64_ordinary_int_r1,16,64,ordinary_int,1,24.91597448196262,0de50d510de2292c,9132dde04c7634d928b87b616bbc2033ddcf8e9fefc99d8c3b637c8f29b25293
even_serial,00679_formal_N16_L64_ordinary_int_r2,16,64,ordinary_int,2,24.817908755503595,a2bde2ee10729b68,7dc9ea5b6e02433a50c4105bfae9d835ce2ee157e69bf8d44a6b2bf4e0a7ef96
even_serial,00694_formal_N24_L4_ah_block_second_r0,24,4,ah_block_second,0,0.081566097214818,841dcc0efec42e3e,7716fd145f3aa48424f640de33dafaeddd71c530a53c57a53c4249b481947b03
even_serial,00695_formal_N24_L4_ah_block_second_r1,24,4,ah_block_second,1,0.0812556017190218,e672b7d329edf101,7984be6f98944ad08a4149b0fbc1c248b85cf81b948c89bb76d29d555a20846e
even_serial,00698_formal_N24_L4_ah_block_second_r2,24,4,ah_block_second,2,0.08228409849107265,21f03cc83561aa4f,ff85b8d410e629496ad49776b8915bc124b6990fae749a0c4733b5abc147d4df
even_serial,00693_formal_N24_L4_ordinary_int_r0,24,4,ordinary_int,0,0.06901280116289854,35d529eea6fcb855,ba214c3807cd7c49871766445add0ee2da340c0719d3d1706467d7f23e817179
even_serial,00696_formal_N24_L4_ordinary_int_r1,24,4,ordinary_int,1,0.06961312796920538,8da5c271c50bb65b,0cfc189e63dab34112b8a93a5c68420b0977c312306288f5989c52519a0e6fcd
even_serial,00697_formal_N24_L4_ordinary_int_r2,24,4,ordinary_int,2,0.06854396220296621,4febafff8ea42bc4,6d7ac5de9bba121411266cebc15056a6fd556f6bc9de8f4684c70a2e1a1bfdab
even_serial,00706_formal_N24_L8_ah_block_second_r0,24,8,ah_block_second,0,0.10887708235532045,318115d20a1ef3ea,f5ebc519c8e607de41d3484f829f7988dd95c3f51a96639090b2f7435be4ffab
even_serial,00707_formal_N24_L8_ah_block_second_r1,24,8,ah_block_second,1,0.10796274337917566,d70f795132c8045d,4ebc102ff4197398ed48727f8f603824e8640409ad73d1891a78a47e81d8e22a
even_serial,00710_formal_N24_L8_ah_block_second_r2,24,8,ah_block_second,2,0.10965688433498144,f7d96c86430c3364,931d445b199510067bdc07f53102353477f9654482f56f5fb66e3dacb84ec66e
even_serial,00705_formal_N24_L8_ordinary_int_r0,24,8,ordinary_int,0,0.11534547246992588,48667be2c142bd0e,0c8b2954a2e4d75a53b6a668b135d3bf21e2c6c6d98a80f85c17f64bb1efc1a6
even_serial,00708_formal_N24_L8_ordinary_int_r1,24,8,ordinary_int,1,0.11705836746841669,946f8c670d7d48aa,8bf86365d7b4fc24d12dc06f0f3cb86c8e92622ba17eda70a4f32241c68076d5
even_serial,00709_formal_N24_L8_ordinary_int_r2,24,8,ordinary_int,2,0.11458378285169601,f5036a1b75a33864,409e111542f0822443b4399cfad2e6d6a938549c4cc020db24927c06b3a66ced
even_serial,00718_formal_N24_L16_ah_block_second_r0,24,16,ah_block_second,0,0.3265345236286521,4b7a275a474def04,e3f6eeb209dc1eab9957c9a3f176e020bd9fe4b4577a2538927566ac1a7da792
even_serial,00719_formal_N24_L16_ah_block_second_r1,24,16,ah_block_second,1,0.3253027284517884,4b24ee7f108590af,f248e64b0d1e89a798ab67bfb38d0c57547021205720655cbf4edc21863a7b12
even_serial,00722_formal_N24_L16_ah_block_second_r2,24,16,ah_block_second,2,0.3268151441588998,1649e92e40dc3c8c,f08d02eba3e933f13fa7119033a231335e66ffb400cd8db8cee29a0ce1c9e7f7
even_serial,00717_formal_N24_L16_ordinary_int_r0,24,16,ordinary_int,0,0.4527161167934537,589e19af38a7b9f4,5ff44368b32b08e5dee208e6363d8a26e386f306acff683691689c512373b5cd
even_serial,00720_formal_N24_L16_ordinary_int_r1,24,16,ordinary_int,1,0.453960825689137,a89f2a78ac541115,50cc93241bdb89eef9819d4807325199c10efc1df4c045071dddd5cb6462cbed
even_serial,00721_formal_N24_L16_ordinary_int_r2,24,16,ordinary_int,2,0.4545675255358219,c73ead2cc712a0c0,4ac8028fab0a67945aa8d55a8eb543df665a70baaf1f82d3775041f8537e61c8
even_serial,00723_formal_N24_L24_ah_block_second_r0,24,24,ah_block_second,0,1.0760401049628854,255547251cef7249,3a8a4221d3abfe5505694a9101af47d77010f5d5452d684cf91d10c72dfff0cc
even_serial,00726_formal_N24_L24_ah_block_second_r1,24,24,ah_block_second,1,1.0676223961636424,b751694e7781d48a,1bccf3cffc44028d9fc78d803965a5bcd48ba63d3c3dd5f0db263663d7ff3af4
even_serial,00727_formal_N24_L24_ah_block_second_r2,24,24,ah_block_second,2,1.0610765432938933,c62498532d0538b7,6f02f83e632f5b69793e70eb36e02b757ef60c8183bd76f3e86995fc4cd65aa3
even_serial,00724_formal_N24_L24_ordinary_int_r0,24,24,ordinary_int,0,1.4153738236054778,de95b75ec5d13868,62441d2b095e3c94771ad52d7f2885945dfc58c85bbda260db407438c7d70af3
even_serial,00725_formal_N24_L24_ordinary_int_r1,24,24,ordinary_int,1,1.4132992243394256,a5a647608ba747b2,b4408f557998da5ae488c59ca72154c27daf5727ffd0234d53b9d49c5d692d44
even_serial,00728_formal_N24_L24_ordinary_int_r2,24,24,ordinary_int,2,1.4306244784966111,598c61b5836404e2,7ca20c85c966da65b6544bb2da8a42550bc7815a57c37a68a53184a941ef9809
even_serial,00730_formal_N24_L32_ah_block_second_r0,24,32,ah_block_second,0,2.9463947424665093,b2cc39e6effb6bef,368f791956f394aa1017279dc6cee0675510633c3dcfd83420e1b476851d5438
even_serial,00731_formal_N24_L32_ah_block_second_r1,24,32,ah_block_second,1,2.9085190379992127,c595ee94419c28bf,9a0effcc89caa5dd4af897e1120e34115d0aeae3c63f6f5469e2f4bcc0a8f077
even_serial,00734_formal_N24_L32_ah_block_second_r2,24,32,ah_block_second,2,2.9122474240139127,8eb6344c9440fd4a,9bf6cd5d50952f14658f59593b0811436308746c07793caaecefff84cebbf679
even_serial,00729_formal_N24_L32_ordinary_int_r0,24,32,ordinary_int,0,3.538088548928499,38196476a55746d1,5cd1eb120987aa6fe9d12b7db8ce183a11ed0ba4dc7038cc92cac2931bd39b57
even_serial,00732_formal_N24_L32_ordinary_int_r1,24,32,ordinary_int,1,3.49754211679101,04009387e5ce6271,0c0e9bd54c7fca9b28160417bf80979b21428ed26872779f2b076e75ca47808e
even_serial,00733_formal_N24_L32_ordinary_int_r2,24,32,ordinary_int,2,3.494106452912092,6c19fb54f240fef0,3c3a606f22b06886f05527e09171586df61eac1775cd80edeb1cd94dbec01fec
even_serial,00735_formal_N24_L48_ah_block_second_r0,24,48,ah_block_second,0,27.883877442218363,826fa71ea7cbd3d6,fd4c61e9aafadd79f8ffe4c5149e24f8d1b54c448bb0510b433cf910589e5c43
even_serial,00738_formal_N24_L48_ah_block_second_r1,24,48,ah_block_second,1,28.036377450451255,42cba20c2363e428,e85e4fe6133014c4772df4b9eb5af7505edd7f68cca51b779f0a2b945b02ea79
even_serial,00739_formal_N24_L48_ah_block_second_r2,24,48,ah_block_second,2,27.997284028679132,c36a1bfdfb89bdb9,c3c22fe29c076116049c36dc8bc18f2df8fa800a0adf87aabbd95c1a9a3b9cba
even_serial,00736_formal_N24_L48_ordinary_int_r0,24,48,ordinary_int,0,29.0743099572137,b13566409f8f6779,7ad5298bacd67895ac16bc34ab66ecf7faaa8737cdc51147c4f23b594d0b0e7a
even_serial,00737_formal_N24_L48_ordinary_int_r1,24,48,ordinary_int,1,29.07597974129021,efa4b420f91d2f99,61f416138c88864f6a540c65442b213b2c9def4702ba494df2edddb776e12a3d
even_serial,00740_formal_N24_L48_ordinary_int_r2,24,48,ordinary_int,2,29.01213122718036,ecc61c38ea1f1f69,fb2e30e0fb713bd37e30987936f3595d457609b91b9d857cd27ac5f67953f352
even_serial,00742_formal_N24_L64_ah_block_second_r0,24,64,ah_block_second,0,74.18965500686318,f136327c040c91a1,5bba276b757ff85cceddecb91491eaa776facc5e0c9b8c430185916e24332142
even_serial,00743_formal_N24_L64_ah_block_second_r1,24,64,ah_block_second,1,74.59840261656791,9458ca3a3bdaf96b,33cae8066d939514e3ace3d4b1ae9b23f9d66e3a6c4b611411285cf774ae52bf
even_serial,00746_formal_N24_L64_ah_block_second_r2,24,64,ah_block_second,2,74.65667318925261,587080e5b69288f4,968994b48b66f39282471de2d6c9ccbd744a63ff5f876a9a71ad0f00f366fdef
even_serial,00741_formal_N24_L64_ordinary_int_r0,24,64,ordinary_int,0,76.23511308245361,c3327888c7bfbcd5,8a215c0f0566a1de6eae46ab13f7098f7ce46f8f30186e758511a0704d913645
even_serial,00744_formal_N24_L64_ordinary_int_r1,24,64,ordinary_int,1,76.06864300556481,097eaac624347894,591256a60af7aced9b1c7060ea5dc4e1ac2eaba204c9fa27e2001a39a192ed13
even_serial,00745_formal_N24_L64_ordinary_int_r2,24,64,ordinary_int,2,76.23279483616352,ed3aa3798dd2929a,45e3329fa72d46b3ee310f63409331b0adfd05ba2bf9ae503814ba2742990438
even_serial,00760_formal_N32_L4_ah_block_second_r0,32,4,ah_block_second,0,0.09221444837749004,2cf86b8b72021f65,c85583b7c81bfdb57751da9433d1ab9fb1aa92a0f39cc4e663e822ea0889f1af
even_serial,00761_formal_N32_L4_ah_block_second_r1,32,4,ah_block_second,1,0.09216097928583622,deaa265c6bf4f877,209097b3270b85ce18e578f037481d5fd86275091517706b3b412714b3ac4773
even_serial,00764_formal_N32_L4_ah_block_second_r2,32,4,ah_block_second,2,0.09257873333990574,7fca62984cb7bc6b,296b166e69edeb182f47c24422f74926e99782bae56e70626c077fb9ec762c22
even_serial,00759_formal_N32_L4_ordinary_int_r0,32,4,ordinary_int,0,0.08087494503706694,2e0946bb35930869,cd8c66f754ab6fb5aee06eb30ef8606e648ee2e6c5c5323380a1bba7de15b741
even_serial,00762_formal_N32_L4_ordinary_int_r1,32,4,ordinary_int,1,0.08368583302944899,fa2a93e6e3a00556,b46429b3f29e0decaeb1d73c0f8972a3e9a77ee49e4c8ad9410f6cac962603e3
even_serial,00763_formal_N32_L4_ordinary_int_r2,32,4,ordinary_int,2,0.0808328129351139,91e3c863b04edba3,cda358d930843914cdd76923032e08f3d11995c4b2270478cf2a9b9d50804a7f
even_serial,00772_formal_N32_L8_ah_block_second_r0,32,8,ah_block_second,0,0.1424489924684167,85ac3b354789f628,a3de6c1bcf4c1ec6726d7f1af7f35e0cfba5eac602cf1faf9e1a74574f35edaf
even_serial,00773_formal_N32_L8_ah_block_second_r1,32,8,ah_block_second,1,0.14188429899513721,b8eedf5de92ab204,f4e9ffaf788f66efcd0e29873858ced782657292b8db9fe8dcfb40290b02e186
even_serial,00776_formal_N32_L8_ah_block_second_r2,32,8,ah_block_second,2,0.14133857935667038,c8e741f4ee725929,99fb4877b0479dcbdf584d2ecd38b9cfc7d3cfb3287d97fd101e2972065db98f
even_serial,00771_formal_N32_L8_ordinary_int_r0,32,8,ordinary_int,0,0.15499447286128998,4ea86942c1a15d73,87e2d163bb74d96e60a82047b2e0334910edbaff2e8c0f86850f48468b8b55dd
even_serial,00774_formal_N32_L8_ordinary_int_r1,32,8,ordinary_int,1,0.1543148858472705,8578a61b95aeb9a3,a48fce347fb6860cacd02088bc0792273d95abda6f669eabae214e85dd254ff6
even_serial,00775_formal_N32_L8_ordinary_int_r2,32,8,ordinary_int,2,0.15377748664468527,6dd214a3e305bed6,2a8e1734f31ee2135ed63cf31bf93ff01af8a60c68d7cb97466d9dbcf17337a4
even_serial,00784_formal_N32_L16_ah_block_second_r0,32,16,ah_block_second,0,0.6199573185294867,a9e342ffa4c9ba75,87b5b6d5efb45e2fb4bca153d50107e11c4027ac6e22be7c9145b09652f7aa5f
even_serial,00785_formal_N32_L16_ah_block_second_r1,32,16,ah_block_second,1,0.6230914238840342,009f43cf26c172a2,9403c567c2245e548aba06fb49bb6802e29c5af1ee931b43ac210e8476a6964e
even_serial,00788_formal_N32_L16_ah_block_second_r2,32,16,ah_block_second,2,0.6203161599114537,85aa3768be6268b1,24a3d27aa337c1123c9e6fdb528ec2809294a2f36d405db50ebf682d0068370f
even_serial,00783_formal_N32_L16_ordinary_int_r0,32,16,ordinary_int,0,0.7842291109263897,f77161d0a81c75ac,8b16b7e4ea4323b9e5ed15fefb0ecf7f478174592294ece10034e75f6e962145
even_serial,00786_formal_N32_L16_ordinary_int_r1,32,16,ordinary_int,1,0.7836954975500703,d8b0115b00939662,472b9ac27d0c9b2520d6568f98dac4ee062f777b0f1d5705d4801a3f9fb8f678
even_serial,00787_formal_N32_L16_ordinary_int_r2,32,16,ordinary_int,2,0.7845787294209003,92dcea00fc2af5ba,e804d13321863d37d450d26dae08998627044a34afa57f7366727beef58849c4
even_serial,00789_formal_N32_L24_ah_block_second_r0,32,24,ah_block_second,0,2.356334736570716,ca32a8de7d12b96f,b42cc03eeeba9361ce7b72c4c508d8c43d7b5e0cd9f8ee2d56ba6abc8871a5a5
even_serial,00792_formal_N32_L24_ah_block_second_r1,32,24,ah_block_second,1,2.3555803513154387,32c7d626272a2237,a51d913a1ae2fef0f6e2a4cc42aa5e8d3dfe3487b0ee96a5db9b2580c20af34f
even_serial,00793_formal_N32_L24_ah_block_second_r2,32,24,ah_block_second,2,2.3543966207653284,f56322a0116baf66,ff8bad9cd347feb01b71eb9723a099da4bb1e3503b0c29adff767addd07f8ee5
even_serial,00790_formal_N32_L24_ordinary_int_r0,32,24,ordinary_int,0,2.811727564781904,094f42da968ac740,071ead99b2c06d0a2b59dc032790847b248bbf21c428a8d11362f206e7812347
even_serial,00791_formal_N32_L24_ordinary_int_r1,32,24,ordinary_int,1,2.809210508130491,ebe4581a48747796,d9fc8cd9cb54a86c976f585f29eaeb52cb7fb2a3b6cd17d698293bc91340166d
even_serial,00794_formal_N32_L24_ordinary_int_r2,32,24,ordinary_int,2,2.8108945107087493,5cf4f55b319bcc98,3e903fa3bdb964cf1ad07a57c59c3b0fe2507d988e466417c08eafd6c7318fec
even_serial,00796_formal_N32_L32_ah_block_second_r0,32,32,ah_block_second,0,7.738535606302321,5ea062d96b0862fa,c5f5fa3fa702145b158016d8976674525f9f15cf6f491b641cacece5341c24cd
even_serial,00797_formal_N32_L32_ah_block_second_r1,32,32,ah_block_second,1,7.756176161579788,a843d3e944d222c8,df94a00328c5c96d6ecca91caadf4b64d4b2211770eae9e266a0eeed4cf33f63
even_serial,00800_formal_N32_L32_ah_block_second_r2,32,32,ah_block_second,2,7.740170673467219,59e6b244d64e95d4,ee31a779ffaac2d2e724e6d2ff2921b19631e1a4fb24fa37fd9e387027abef9a
even_serial,00795_formal_N32_L32_ordinary_int_r0,32,32,ordinary_int,0,8.282111493870616,af1780da1529c3f7,f8e621b2539322ee0df7ab23515e40cd9cb46a7ffd15e923234a4843f59ba170
even_serial,00798_formal_N32_L32_ordinary_int_r1,32,32,ordinary_int,1,8.3688581911847,56ee2c8a909ff9bf,782270e5ae7b19588896eb9ffde9f6e04196496c291cc587ee564ae621b23895
even_serial,00799_formal_N32_L32_ordinary_int_r2,32,32,ordinary_int,2,8.292233483865857,7a3e5007066034de,1c43d0d66457f66b1e4e687d97c1b5f855a5cbe40c96bd05366450f2d750599d
even_serial,00801_formal_N32_L48_ah_block_second_r0,32,48,ah_block_second,0,38.17511638440192,1f71a26e3a53bda9,5480ceb737aa8742556f1c35258b9ecf3816745dafa0a7d474c1b54014bb2241
even_serial,00804_formal_N32_L48_ah_block_second_r1,32,48,ah_block_second,1,38.31802596151829,172724d1360dc338,3cf3b4c8ff34deb5ea7ee4e1cf45ca0cedaa12005089cf4f597911e4617aed59
even_serial,00805_formal_N32_L48_ah_block_second_r2,32,48,ah_block_second,2,38.12009452376515,d1ca8cb21f80a174,1248a96ccd4fe48dfd3f3b9ce9e864e52ce29fe7ee5e37c69c8dd1cd6f2ad7e8
even_serial,00802_formal_N32_L48_ordinary_int_r0,32,48,ordinary_int,0,39.171890914440155,aa2ff6d81f2b9050,570bc24c9aaafb9838432ab76c40901cc013d9adfe01acf823767c1aa0fe020d
even_serial,00803_formal_N32_L48_ordinary_int_r1,32,48,ordinary_int,1,39.09424510039389,715bb33bf74aee9d,0b0607752083b87727fcf28a29614930c7c9ba4b58d620da20664cd5db928bb0
even_serial,00806_formal_N32_L48_ordinary_int_r2,32,48,ordinary_int,2,38.886583814397454,43f13e23b215bb4c,6c8aa5be27fccfc1b321d9af88f17d8cc19455f3ee685124a479fefd2c7197ad
even_serial,00808_formal_N32_L64_ah_block_second_r0,32,64,ah_block_second,0,161.33967900276184,210888e91d9f949c,c1965d4f50fde6f8ed0582352574c6a5103247d744d9c8d23adc707fc4764fb3
even_serial,00809_formal_N32_L64_ah_block_second_r1,32,64,ah_block_second,1,161.78583652712405,15be106f7a84e231,cab76498baf111d62b83a0d0a3336d3c4ffe9478e44e0de3d18378a74b3a58b2
even_serial,00812_formal_N32_L64_ah_block_second_r2,32,64,ah_block_second,2,161.43622699659318,9724fca5ef2418a9,7ba2f0ba78f4022b6d98c0211c5007a9da80e02fac0715d0f04abba6a68b599e
even_serial,00807_formal_N32_L64_ordinary_int_r0,32,64,ordinary_int,0,160.78584240656346,30b6ec4e0bff14f3,7e71e1f9e45234a352a26feec085d8620e2374f98b570518c94141a7b538c01c
even_serial,00810_formal_N32_L64_ordinary_int_r1,32,64,ordinary_int,1,161.89347767550498,168d03376e8ae40d,010a4f663d843126e57023e3e1e50dc1d36fe18d59fa77f32c05c82d6f243645
even_serial,00811_formal_N32_L64_ordinary_int_r2,32,64,ordinary_int,2,161.00095433741808,a450613cfb5ae739,36f3dc49e1de091d902ecd7cf8dc85049ee66a737073f425ea0d9196eb356f26
even_serial,00826_formal_N48_L4_ah_block_second_r0,48,4,ah_block_second,0,0.11204116139560938,e7b39378852a40f9,6100ad3bb95e1365ca728f7019624ac199c123a2b6bd095580523005b0971e6a
even_serial,00827_formal_N48_L4_ah_block_second_r1,48,4,ah_block_second,1,0.11253241077065468,579f0ce5c13c97a5,e70ba92e4bd0d81302b35bc70745056a5d0e83c3f820d6b4ccdcecd33234e62c
even_serial,00830_formal_N48_L4_ah_block_second_r2,48,4,ah_block_second,2,0.1124795088544488,153e30753ea63e13,caab3fe1a7a1a14b7a74eb75a644eecdff27e9bc817814d2ac065b8566783904
even_serial,00825_formal_N48_L4_ordinary_int_r0,48,4,ordinary_int,0,0.10094975680112839,a0e2cb08efa443bb,491f64e527f6c84fabdf35460e03ce0cb169aefa7fb636aee09c29cbfebbe2a5
even_serial,00828_formal_N48_L4_ordinary_int_r1,48,4,ordinary_int,1,0.10021083243191242,4203117258c1c800,0e5fe401171a370fb29a00153ab513859ddf82a355d03013f04245a297f50784
even_serial,00829_formal_N48_L4_ordinary_int_r2,48,4,ordinary_int,2,0.10061701480299234,17cc761ad6a60757,ad726dda73aca33834fcccd4d553a4db2a44e3ce982f7b07841f8e9ddc025278
even_serial,00838_formal_N48_L8_ah_block_second_r0,48,8,ah_block_second,0,0.26404708810150623,8e4186261d1f00a4,f114d8791aa0200c6e6d6a5e462b631ec002f107d5a6950d6b03ddae24da7d3b
even_serial,00839_formal_N48_L8_ah_block_second_r1,48,8,ah_block_second,1,0.264795926399529,bfa1520cfc769fc2,fb16a3945316637aed77311fe080d9fd3c415bcfe35dc5690579c74f50149b92
even_serial,00842_formal_N48_L8_ah_block_second_r2,48,8,ah_block_second,2,0.26460185553878546,cea07cdf063e2984,22e0d757387c13a0f9f54f588cb41a96764f702df345452fc292747e68985b26
even_serial,00837_formal_N48_L8_ordinary_int_r0,48,8,ordinary_int,0,0.2844254011288285,6ba691a28c2eac87,9991c28d463a89c437cd4a281778b9823c509bc19eb0aa87cece3edcf10aac58
even_serial,00840_formal_N48_L8_ordinary_int_r1,48,8,ordinary_int,1,0.28349332325160503,1e002fe228c59e8f,62b093a18ee2bdd04ae24c0ed32e338d175b00e61563a68e15e36d541112ee30
even_serial,00841_formal_N48_L8_ordinary_int_r2,48,8,ordinary_int,2,0.28464318066835403,be77aad2424a67bf,cce04e4f6703568eeed2dd3361fe24751796ea3bbed901fc884e83291a3a4f56
even_serial,00850_formal_N48_L16_ah_block_second_r0,48,16,ah_block_second,0,1.9553389977663755,068161053ed14a39,32805a5dc3d51f53ff31cb2612d9a8ad3ddb85d970cc2960c507c628efca3c78
even_serial,00851_formal_N48_L16_ah_block_second_r1,48,16,ah_block_second,1,1.9429966174066067,38859ebdf989c52f,96a4b9ed70005399e8c4bb93eff8a445d6381396f09d9460973ffb11cd03538f
even_serial,00854_formal_N48_L16_ah_block_second_r2,48,16,ah_block_second,2,1.9237619722262025,25ac5f177a4210e0,66781bd277ad457736b5cddd3272fb0afe74855677b1dd7bcf29085201bc6bac
even_serial,00849_formal_N48_L16_ordinary_int_r0,48,16,ordinary_int,0,2.1110355025157332,ec0efe4b48181b13,13758f9c92b77052ffef765e0ec7c54753f84283f838705e93a69d27325fc779
even_serial,00852_formal_N48_L16_ordinary_int_r1,48,16,ordinary_int,1,2.117233233526349,f5b8d18c2aab3f02,e0fb0bddbe53ae0a142fe3a92fe7481127d37e5c4b813de67a5c1377b58b139a
even_serial,00853_formal_N48_L16_ordinary_int_r2,48,16,ordinary_int,2,2.1126835718750954,86d476a9d037eb58,1179eb7400464050d9f96ed7a21ec9b21fef7fe1fa6483e5943ce4431068b7fc
even_serial,00855_formal_N48_L24_ah_block_second_r0,48,24,ah_block_second,0,8.133888377808034,180d86785aec6d6b,dfc6e0226870f4120dcde1926cbf2d657561a415296275f7d3d9afc2d8e6defa
even_serial,00858_formal_N48_L24_ah_block_second_r1,48,24,ah_block_second,1,8.138663494959474,a0de93097f9139fa,f90b4030e449c59a4c475f2e07c438595817a686c715772e722620571a1ad14f
even_serial,00859_formal_N48_L24_ah_block_second_r2,48,24,ah_block_second,2,8.131502354517579,a18b90de44dd30d0,507ef3b60101bc985eb5e065aa40033d4ad7292d72d3ba37f19442ccd5d7f758
even_serial,00856_formal_N48_L24_ordinary_int_r0,48,24,ordinary_int,0,8.539796711876988,fc419ce7a54539b2,45797b7f0eb81fca013e84e350973652bb7273216cb64e6b0ce8bc9c7f5abbad
even_serial,00857_formal_N48_L24_ordinary_int_r1,48,24,ordinary_int,1,8.542081756517291,058939c333e54d58,a771ae514803054aa48b0d80bfd51bc1631603314c4971a7ff7265c219a82b8e
even_serial,00860_formal_N48_L24_ordinary_int_r2,48,24,ordinary_int,2,8.535037982277572,265790bd2c038320,9eb92879ffb778d80d5714407b59e0f8e7f8111b5dab04172681a0b25176d0e8
even_serial,00862_formal_N48_L32_ah_block_second_r0,48,32,ah_block_second,0,24.51091064233333,661cda3fca7d63f6,296139c9956c429d2e24825dbb62192801d4736202d9980d16b47bc0e4449154
even_serial,00863_formal_N48_L32_ah_block_second_r1,48,32,ah_block_second,1,24.505524154752493,8537944d0bc6cd07,12c23b706aa7afedc52101c3be27bf052618975453a819054912d030f4bcb803
even_serial,00866_formal_N48_L32_ah_block_second_r2,48,32,ah_block_second,2,24.582758273929358,cf18076023e64c8c,6d26551dd241b65d7682f4d651383947fa146557a30a1c6d5a8e33aa6327e562
even_serial,00861_formal_N48_L32_ordinary_int_r0,48,32,ordinary_int,0,24.59761345665902,da9f8879943f3368,486e6d0fd471aed44d31dc13b3737fcda770dc7017e512ef0b0d14ca02b596a4
even_serial,00864_formal_N48_L32_ordinary_int_r1,48,32,ordinary_int,1,24.586258101277053,bd5f338ba097a426,972c0d91b8862ea8ff28e56146b4e791ec6c0fd19e1c74141229d88f241482e1
even_serial,00865_formal_N48_L32_ordinary_int_r2,48,32,ordinary_int,2,24.4904253911227,a12ac45d5cd1e7c0,bcd3a906d5ddbc45a53dee8fcfa34c0ea6604a48e3edc428b29494a0063b5d4b
even_serial,00867_formal_N48_L48_ah_block_second_r0,48,48,ah_block_second,0,126.34752490092069,97c782ea5b382e2c,7ec02815c03ccadd825c39621880b34e46c72554050e07f01762ab8bc6660811
even_serial,00870_formal_N48_L48_ah_block_second_r1,48,48,ah_block_second,1,126.30144416540861,79c302aaae0d21f9,1bb9bd9405e8658ab0e3042ca12e8a3fc39660d1ebc0b41603f9944f1e2c7940
even_serial,00871_formal_N48_L48_ah_block_second_r2,48,48,ah_block_second,2,126.45218219328672,6bd5a47377a37c7c,16b7fa932c7e87d82bbb00d1371271e57914d6a127217d6cf3cc8fc7035aba05
even_serial,00868_formal_N48_L48_ordinary_int_r0,48,48,ordinary_int,0,124.55109265912324,2c19bf5d24a96b23,b78228c102b3596e63966f2a369152b6b7a45a3faf7902948aaa2f081e2139f6
even_serial,00869_formal_N48_L48_ordinary_int_r1,48,48,ordinary_int,1,124.7475969241932,236f94c5133c2c0d,701220cc0eb87120dbd48807120649011bd52a081bc28ef0f56c723eea8b303a
even_serial,00872_formal_N48_L48_ordinary_int_r2,48,48,ordinary_int,2,124.76579906605184,7498451af5edcc19,d202aa0da0e43d615288e7a3ce7e135d0350a7957b1186763e0b538c5ef6ed21
even_serial,00874_formal_N48_L64_ah_block_second_r0,48,64,ah_block_second,0,547.4785347469151,d81bf0bc9bc84223,09bca7729ed2c7ccaf25fc23b9f4a0d7bc8b3095c56597c5720b8faf066e7578
even_serial,00875_formal_N48_L64_ah_block_second_r1,48,64,ah_block_second,1,547.4052687212825,394e51bb119cd4f3,18b05723224971d9d2dd72eec6669f6582ced99386b2225f269863f2d2401729
even_serial,00878_formal_N48_L64_ah_block_second_r2,48,64,ah_block_second,2,548.674921695143,e0938c9f42fac67f,79de288a6f11dbe9e9a47f5b60e3c7cab124fdf4bc15a910cb3fad3ad3bd19a1
even_serial,00873_formal_N48_L64_ordinary_int_r0,48,64,ordinary_int,0,536.6222409401089,5116f491e09b862f,d86bc7757e777dba68fd0e607608ffd246efe3d05dfa570e3514ef3276b03422
even_serial,00876_formal_N48_L64_ordinary_int_r1,48,64,ordinary_int,1,537.755319468677,c0b2adbb56831f7c,5125bfc7010b82c9cf84bd06ba2679ab93ad074d2c9612fe7677283930c83b17
even_serial,00877_formal_N48_L64_ordinary_int_r2,48,64,ordinary_int,2,537.4251141827554,4e16148ac5806bc9,4b8f567fe5d63599cb264410f919b437b483ea77ea75511b270d51202bef52b4
even_serial,00892_formal_N64_L4_ah_block_second_r0,64,4,ah_block_second,0,0.1676429184153676,139bb8d389cc3f18,8044ee40b22e72576db2994c97ece2f50845cbfaa59b4029ee0401e5307b9629
even_serial,00893_formal_N64_L4_ah_block_second_r1,64,4,ah_block_second,1,0.16677754931151867,ee33803853c79ebb,d94bcf529efb20134385dfbf6423d415a69bf37308191009654816b6192438da
even_serial,00896_formal_N64_L4_ah_block_second_r2,64,4,ah_block_second,2,0.16593893244862556,ed7b1384d8ef429d,cd29576fb51c8de328380801091e06b21801036fff589df3fcf27711f3434975
even_serial,00891_formal_N64_L4_ordinary_int_r0,64,4,ordinary_int,0,0.15093923825770617,27e6648576b2c3c2,299932f6b8f8937c48552ad825ea8466a76f1f6e661afb19d2be4695bed6c1a8
even_serial,00894_formal_N64_L4_ordinary_int_r1,64,4,ordinary_int,1,0.15082091558724642,dccd31a0deab6a14,7e7570f69bbb4f9fa8abc1c9baee1d8c813a78564809bb4fd4278ff6980b3dc2
even_serial,00895_formal_N64_L4_ordinary_int_r2,64,4,ordinary_int,2,0.1514190649613738,68e8a984bc20b368,34e2d208933f76f75e4e2abc51db7dbbd9b44c72c5c746722e30248fedbc3d31
even_serial,00904_formal_N64_L8_ah_block_second_r0,64,8,ah_block_second,0,0.5298858489841223,00e89c4cd5667be5,bc9ae1189eb6d0f50e17f851018b0bcc9df63c61c6237f79541648ae9d73946b
even_serial,00905_formal_N64_L8_ah_block_second_r1,64,8,ah_block_second,1,0.5314517989754677,5b6a3ba0bcf52751,5fc299b6c81df4d77fe0782d6f593c92146515956a4ba3bd043b6b6370848445
even_serial,00908_formal_N64_L8_ah_block_second_r2,64,8,ah_block_second,2,0.530102257616818,da7109251c86ea24,0af07f62ea643df77e29398f7df2379f31744d69e952f0b8bcedcad84e2d06fd
even_serial,00903_formal_N64_L8_ordinary_int_r0,64,8,ordinary_int,0,0.5421032179147005,862f2df70dee27dc,868112f5e4a386a03514ede9a8ba19fd0d9e9a1dd0ec8a6e0b341fb06655368c
even_serial,00906_formal_N64_L8_ordinary_int_r1,64,8,ordinary_int,1,0.541786284185946,eece061b0d57759b,af15d5465d79bfe7d827a4afe88bff3714d018acf3dfe45377c110c5956950b5
even_serial,00907_formal_N64_L8_ordinary_int_r2,64,8,ordinary_int,2,0.5424129478633404,2ec4b35f6fc47708,8ea33a136b6b02a61ecef41d96db16252b2202ed1b96f0174364150bc412abfa
even_serial,00916_formal_N64_L16_ah_block_second_r0,64,16,ah_block_second,0,4.016563049517572,3ba657644450b0ae,2c3419a31fd75ade1f4276dcf40de3562117028941b7a6b954fae3df6a0dcc4a
even_serial,00917_formal_N64_L16_ah_block_second_r1,64,16,ah_block_second,1,4.046215256676078,963eafc0e0912761,3cacbff39681dec16cdd782b63a8b4f20ae6aa2e53c5e478149144a1358ef0c5
even_serial,00920_formal_N64_L16_ah_block_second_r2,64,16,ah_block_second,2,4.015707112848759,adaa51e8b1dfdee3,9ba7165891b1b6670fb4f0c61bf9c652a777d7dbd2744b8b008929a0b7a6f950
even_serial,00915_formal_N64_L16_ordinary_int_r0,64,16,ordinary_int,0,4.093752392567694,f231c46087f367af,b179de91581f5a696907ce435b01989a82ecd1556243404e0223590e141bf1bc
even_serial,00918_formal_N64_L16_ordinary_int_r1,64,16,ordinary_int,1,4.168772442266345,6df61d5bb98a2ed8,c472d8963fb2c8ca6f105295693431f19bbab00bccd5cccd493b0560c02d63eb
even_serial,00919_formal_N64_L16_ordinary_int_r2,64,16,ordinary_int,2,4.105481359176338,807b0bc530012dd6,f9356cb8523594c26c15ea125032db375097c16290d7a1b51bcff56359b532f0
even_serial,00921_formal_N64_L24_ah_block_second_r0,64,24,ah_block_second,0,18.49588753376156,9dfebbc9f1b87370,f3be054fa05d14f23796e3507218e4e39df6887b58130455451af3c2f0b60e86
even_serial,00924_formal_N64_L24_ah_block_second_r1,64,24,ah_block_second,1,18.411581019870937,23b0f55d66325bf8,bc7c80057cf33b928a4985103c70e3fe20fc49dbd0cb503a5377ef31cc5ad966
even_serial,00925_formal_N64_L24_ah_block_second_r2,64,24,ah_block_second,2,18.171827364712954,71ea377b21c181ee,14fe34227e942bacf79fc49cb0b8c1acbf4b029e4fdbc2f54a107dff015608d6
even_serial,00922_formal_N64_L24_ordinary_int_r0,64,24,ordinary_int,0,18.33990235067904,88047e5691bc2600,4d1e9344bafc7247130729946829b84fc85df3af8c225eb9b93a6a4dd9b00aeb
even_serial,00923_formal_N64_L24_ordinary_int_r1,64,24,ordinary_int,1,18.300343241542578,dd27d8a39945ffb3,4d762c987de8253e46d40ced1228a243f1140aed527feff4aea5aa89145cd26f
even_serial,00926_formal_N64_L24_ordinary_int_r2,64,24,ordinary_int,2,17.734436351805925,45a078b4c5c0a3cf,7ccc35682a4a37fa5c1c4fbe512a60aaf15f94a318569cd3f4e19251af613395
even_serial,00928_formal_N64_L32_ah_block_second_r0,64,32,ah_block_second,0,54.16174288094044,c4f3917788186736,cb0cc94d8a61c5ce2ec180a2e55ebcbf93e13f0d761b3dd751c3f3e6f14d2b95
even_serial,00929_formal_N64_L32_ah_block_second_r1,64,32,ah_block_second,1,54.0592346675694,a6fd0afaea2ce97f,c7b869ed122d1d731c1aade02b83c5a5240441e487a94ec2a0cfe0f4b9cde2cc
even_serial,00932_formal_N64_L32_ah_block_second_r2,64,32,ah_block_second,2,54.23770544864237,d9751b5bf4a22086,c8c952305d58bde8518caac71c3851e0c4bdfaba24765b64047dca218469ff26
even_serial,00927_formal_N64_L32_ordinary_int_r0,64,32,ordinary_int,0,51.9701918233186,1860065f79bf471c,de81c6dd767206e3f1710cfaac23f3946598adf814ea25c0a8e5df4c65f9a2ad
even_serial,00930_formal_N64_L32_ordinary_int_r1,64,32,ordinary_int,1,51.96404542122036,6d316571f4a5f24f,c2b56c077371cb89631c666d38b9e1da02014159a90533ee0a4d9a894aa5746a
even_serial,00931_formal_N64_L32_ordinary_int_r2,64,32,ordinary_int,2,51.99724970199168,10778047f5487f96,dc5829c228317b345b36f73f7169d09e940030b462b953a8af08ed943b2fe1f3
even_serial,00933_formal_N64_L48_ah_block_second_r0,64,48,ah_block_second,0,264.86313597206026,a931bf0ac4f705ae,75851ccd53b8186d93609b804439279c2c1134cc594b395ea268bf58b8e967a0
even_serial,00936_formal_N64_L48_ah_block_second_r1,64,48,ah_block_second,1,266.831912974827,17835f47eda8680a,905e8bcec56515f3f3597e23895701ffaa5b6f3ea32cdf49467b80fca5bbd9f6
even_serial,00937_formal_N64_L48_ah_block_second_r2,64,48,ah_block_second,2,266.91478132642806,3704af11af41aa2b,8b4ba3f4a8d467ddf18f44b015dea9a848e0e3b19706f3dbcd7aff392a9e37a5
even_serial,00934_formal_N64_L48_ordinary_int_r0,64,48,ordinary_int,0,250.73817087616771,d423910ed518ebd4,5d1a71f0e1a372d0dd619e77647211067f82136180b6c0638f854d11eabcb30a
even_serial,00935_formal_N64_L48_ordinary_int_r1,64,48,ordinary_int,1,250.06394947413355,d4b1025227cfcadf,253fb5f4c810e69ce8d3a251c804c0c9067852d64f699578d7df9b491743cdb6
even_serial,00938_formal_N64_L48_ordinary_int_r2,64,48,ordinary_int,2,249.82004615478218,4229b1a698d79fb2,389df0b37b0b6e733daaa372a9e758b6c753fe53a51092b1796c7b299761fdc8
even_serial,00940_formal_N64_L64_ah_block_second_r0,64,64,ah_block_second,0,1233.6505136648193,6f610a5cb5458adb,ac4484b6d83b761d7e95f93780202c682db5df61da25b64bd6b98fdf89bb72cf
even_serial,00941_formal_N64_L64_ah_block_second_r1,64,64,ah_block_second,1,1235.6461409088224,73d9892d6ea6d739,bf41c34f806a94ad9d2ada3888535a23372e05e2b51a9cb6f16e116391820ecb
even_serial,00944_formal_N64_L64_ah_block_second_r2,64,64,ah_block_second,2,1234.8025854369625,6178463a2c50b280,f296227fda6be2e3804e5426d498912c35a04e9914f911b46ff1219ee81f80d5
even_serial,00939_formal_N64_L64_ordinary_int_r0,64,64,ordinary_int,0,1191.9745756695047,faa39ac218f31d8e,4083fd7fe2b9ca785f835833bfbee1dc470e0fda89364930a00641767fc8507c
even_serial,00942_formal_N64_L64_ordinary_int_r1,64,64,ordinary_int,1,1192.6767763616517,0ef0a1d13512f3e2,fec6039dc8b713f8ec46388a515b7ed07016869baa1d89b9fdd52baa6bc473f2
even_serial,00943_formal_N64_L64_ordinary_int_r2,64,64,ordinary_int,2,1192.4130057534203,96ebf1b5b0fd8539,f953a5f6477e5cf03e7a53c6fb3c30352334dc662d2ad07ade42927abb1c3836
figure1_extension,00694_formal_N24_L4_ah_block_second_r0,24,4,ah_block_second,0,0.081566097214818,841dcc0efec42e3e,7716fd145f3aa48424f640de33dafaeddd71c530a53c57a53c4249b481947b03
figure1_extension,00695_formal_N24_L4_ah_block_second_r1,24,4,ah_block_second,1,0.0812556017190218,e672b7d329edf101,7984be6f98944ad08a4149b0fbc1c248b85cf81b948c89bb76d29d555a20846e
figure1_extension,00698_formal_N24_L4_ah_block_second_r2,24,4,ah_block_second,2,0.08228409849107265,21f03cc83561aa4f,ff85b8d410e629496ad49776b8915bc124b6990fae749a0c4733b5abc147d4df
figure1_extension,00693_formal_N24_L4_ordinary_int_r0,24,4,ordinary_int,0,0.06901280116289854,35d529eea6fcb855,ba214c3807cd7c49871766445add0ee2da340c0719d3d1706467d7f23e817179
figure1_extension,00696_formal_N24_L4_ordinary_int_r1,24,4,ordinary_int,1,0.06961312796920538,8da5c271c50bb65b,0cfc189e63dab34112b8a93a5c68420b0977c312306288f5989c52519a0e6fcd
figure1_extension,00697_formal_N24_L4_ordinary_int_r2,24,4,ordinary_int,2,0.06854396220296621,4febafff8ea42bc4,6d7ac5de9bba121411266cebc15056a6fd556f6bc9de8f4684c70a2e1a1bfdab
figure1_extension,00699_formal_N24_L6_ah_block_second_r0,24,6,ah_block_second,0,0.09337105229496956,4b1ad68c77384085,bfb08d495b16726cda0da7369eb311c5080f81ba94a3492a195ce79b092ee36f
figure1_extension,00702_formal_N24_L6_ah_block_second_r1,24,6,ah_block_second,1,0.0931995939463377,a0786903d1145629,421bfe2b3e2c48f7a66d90b130f11717307d549829a3ec73e24369667c537833
figure1_extension,00703_formal_N24_L6_ah_block_second_r2,24,6,ah_block_second,2,0.09329869225621223,0f48cc6311bfb4b9,e3da8f503b7767309b8b2dd7730c86f821302e4882f56d4378b3bde5336949c1
figure1_extension,00700_formal_N24_L6_ordinary_int_r0,24,6,ordinary_int,0,0.08641965314745903,c16711f4fff90aff,c70d98c6bcc158d09bc1077e23e48ca35cad80c8355665f6b8ebda32ec9fb752
figure1_extension,00701_formal_N24_L6_ordinary_int_r1,24,6,ordinary_int,1,0.08617611415684223,6ef6e1dbd809062c,ac0424ee3a91ddb52bd66d756b37fdf6a7f1ea5f6af5220393a44d86576463ae
figure1_extension,00704_formal_N24_L6_ordinary_int_r2,24,6,ordinary_int,2,0.08746437821537256,b8a665cce591562f,417eca870771c4ecf025e4c3a2345698ba423dbd02ad5df6f146f5d0b01776a3
figure1_extension,00706_formal_N24_L8_ah_block_second_r0,24,8,ah_block_second,0,0.10887708235532045,318115d20a1ef3ea,f5ebc519c8e607de41d3484f829f7988dd95c3f51a96639090b2f7435be4ffab
figure1_extension,00707_formal_N24_L8_ah_block_second_r1,24,8,ah_block_second,1,0.10796274337917566,d70f795132c8045d,4ebc102ff4197398ed48727f8f603824e8640409ad73d1891a78a47e81d8e22a
figure1_extension,00710_formal_N24_L8_ah_block_second_r2,24,8,ah_block_second,2,0.10965688433498144,f7d96c86430c3364,931d445b199510067bdc07f53102353477f9654482f56f5fb66e3dacb84ec66e
figure1_extension,00705_formal_N24_L8_ordinary_int_r0,24,8,ordinary_int,0,0.11534547246992588,48667be2c142bd0e,0c8b2954a2e4d75a53b6a668b135d3bf21e2c6c6d98a80f85c17f64bb1efc1a6
figure1_extension,00708_formal_N24_L8_ordinary_int_r1,24,8,ordinary_int,1,0.11705836746841669,946f8c670d7d48aa,8bf86365d7b4fc24d12dc06f0f3cb86c8e92622ba17eda70a4f32241c68076d5
figure1_extension,00709_formal_N24_L8_ordinary_int_r2,24,8,ordinary_int,2,0.11458378285169601,f5036a1b75a33864,409e111542f0822443b4399cfad2e6d6a938549c4cc020db24927c06b3a66ced
figure1_extension,00711_formal_N24_L12_ah_block_second_r0,24,12,ah_block_second,0,0.1722228517755866,9d429421b545115c,1033ee002f4ecc606223118c9c29a2b9ec1c7dcc6c951106a11aaaa8ffea0c68
figure1_extension,00714_formal_N24_L12_ah_block_second_r1,24,12,ah_block_second,1,0.1738132145255804,716454b5e54d6a85,f23a28814bb24eee9ff13e988df614d1078190779494fb94aace0865f538a439
figure1_extension,00715_formal_N24_L12_ah_block_second_r2,24,12,ah_block_second,2,0.1732659712433815,5b2b3195b4bed488,9496353d0eb56ed7e50308503a425cd90ccca86b23611bea61ebd856ef1945cc
figure1_extension,00712_formal_N24_L12_ordinary_int_r0,24,12,ordinary_int,0,0.23968587070703506,55b88d4166abd634,50be83ca0499b664c7f884186eb4fc71ecb864bfc3266e82b693317c1ca2ffa9
figure1_extension,00713_formal_N24_L12_ordinary_int_r1,24,12,ordinary_int,1,0.24019835237413645,119d08e2172a86c2,daeac60e4387a8967f4b657b1c00e373b1221646173d70af6b5fd3c978f28657
figure1_extension,00716_formal_N24_L12_ordinary_int_r2,24,12,ordinary_int,2,0.24016960058361292,94c9491f3f67c04f,da379612a5c321f9f20e01dc50ec0b347692dd0d630e4e3c7b56e2811438965a
figure1_extension,00718_formal_N24_L16_ah_block_second_r0,24,16,ah_block_second,0,0.3265345236286521,4b7a275a474def04,e3f6eeb209dc1eab9957c9a3f176e020bd9fe4b4577a2538927566ac1a7da792
figure1_extension,00719_formal_N24_L16_ah_block_second_r1,24,16,ah_block_second,1,0.3253027284517884,4b24ee7f108590af,f248e64b0d1e89a798ab67bfb38d0c57547021205720655cbf4edc21863a7b12
figure1_extension,00722_formal_N24_L16_ah_block_second_r2,24,16,ah_block_second,2,0.3268151441588998,1649e92e40dc3c8c,f08d02eba3e933f13fa7119033a231335e66ffb400cd8db8cee29a0ce1c9e7f7
figure1_extension,00717_formal_N24_L16_ordinary_int_r0,24,16,ordinary_int,0,0.4527161167934537,589e19af38a7b9f4,5ff44368b32b08e5dee208e6363d8a26e386f306acff683691689c512373b5cd
figure1_extension,00720_formal_N24_L16_ordinary_int_r1,24,16,ordinary_int,1,0.453960825689137,a89f2a78ac541115,50cc93241bdb89eef9819d4807325199c10efc1df4c045071dddd5cb6462cbed
figure1_extension,00721_formal_N24_L16_ordinary_int_r2,24,16,ordinary_int,2,0.4545675255358219,c73ead2cc712a0c0,4ac8028fab0a67945aa8d55a8eb543df665a70baaf1f82d3775041f8537e61c8
figure1_extension,00760_formal_N32_L4_ah_block_second_r0,32,4,ah_block_second,0,0.09221444837749004,2cf86b8b72021f65,c85583b7c81bfdb57751da9433d1ab9fb1aa92a0f39cc4e663e822ea0889f1af
figure1_extension,00761_formal_N32_L4_ah_block_second_r1,32,4,ah_block_second,1,0.09216097928583622,deaa265c6bf4f877,209097b3270b85ce18e578f037481d5fd86275091517706b3b412714b3ac4773
figure1_extension,00764_formal_N32_L4_ah_block_second_r2,32,4,ah_block_second,2,0.09257873333990574,7fca62984cb7bc6b,296b166e69edeb182f47c24422f74926e99782bae56e70626c077fb9ec762c22
figure1_extension,00759_formal_N32_L4_ordinary_int_r0,32,4,ordinary_int,0,0.08087494503706694,2e0946bb35930869,cd8c66f754ab6fb5aee06eb30ef8606e648ee2e6c5c5323380a1bba7de15b741
figure1_extension,00762_formal_N32_L4_ordinary_int_r1,32,4,ordinary_int,1,0.08368583302944899,fa2a93e6e3a00556,b46429b3f29e0decaeb1d73c0f8972a3e9a77ee49e4c8ad9410f6cac962603e3
figure1_extension,00763_formal_N32_L4_ordinary_int_r2,32,4,ordinary_int,2,0.0808328129351139,91e3c863b04edba3,cda358d930843914cdd76923032e08f3d11995c4b2270478cf2a9b9d50804a7f
figure1_extension,00765_formal_N32_L6_ah_block_second_r0,32,6,ah_block_second,0,0.10354007594287395,cb7908fbb868668d,5896501c17ae0595fb4fd4a2bdae476f5e42f9964bb4b7924a076fce0aaee350
figure1_extension,00768_formal_N32_L6_ah_block_second_r1,32,6,ah_block_second,1,0.10324861854314804,01c52f055c9035f2,7120e630fd4321cb28a4d49ec237bf0aa79ea000d57f601fb324fa83cef7e8e8
figure1_extension,00769_formal_N32_L6_ah_block_second_r2,32,6,ah_block_second,2,0.10389322973787785,a5aa06cf88652e2e,2c37a5b118ae58b43494a50eb970c992be2d4fe91ee93e09c299860056e5f138
figure1_extension,00766_formal_N32_L6_ordinary_int_r0,32,6,ordinary_int,0,0.09879043325781822,8f10445be990d7d7,b3bc30a308e4d043640a72ad9f6c1a010e1db88ca2841dcf434c6957d6ba78b2
figure1_extension,00767_formal_N32_L6_ordinary_int_r1,32,6,ordinary_int,1,0.09883066080510616,8e87ff8312f9e204,90ad9d610561973b7c61b288426c6a3861a2e2962ce341775ef03a32cbd93905
figure1_extension,00770_formal_N32_L6_ordinary_int_r2,32,6,ordinary_int,2,0.09929279703646898,2876399b84bdf00f,a69e582eaca961174de6da6d5130220d52ebd8b82938f6b54b6bb37bd5350213
figure1_extension,00772_formal_N32_L8_ah_block_second_r0,32,8,ah_block_second,0,0.1424489924684167,85ac3b354789f628,a3de6c1bcf4c1ec6726d7f1af7f35e0cfba5eac602cf1faf9e1a74574f35edaf
figure1_extension,00773_formal_N32_L8_ah_block_second_r1,32,8,ah_block_second,1,0.14188429899513721,b8eedf5de92ab204,f4e9ffaf788f66efcd0e29873858ced782657292b8db9fe8dcfb40290b02e186
figure1_extension,00776_formal_N32_L8_ah_block_second_r2,32,8,ah_block_second,2,0.14133857935667038,c8e741f4ee725929,99fb4877b0479dcbdf584d2ecd38b9cfc7d3cfb3287d97fd101e2972065db98f
figure1_extension,00771_formal_N32_L8_ordinary_int_r0,32,8,ordinary_int,0,0.15499447286128998,4ea86942c1a15d73,87e2d163bb74d96e60a82047b2e0334910edbaff2e8c0f86850f48468b8b55dd
figure1_extension,00774_formal_N32_L8_ordinary_int_r1,32,8,ordinary_int,1,0.1543148858472705,8578a61b95aeb9a3,a48fce347fb6860cacd02088bc0792273d95abda6f669eabae214e85dd254ff6
figure1_extension,00775_formal_N32_L8_ordinary_int_r2,32,8,ordinary_int,2,0.15377748664468527,6dd214a3e305bed6,2a8e1734f31ee2135ed63cf31bf93ff01af8a60c68d7cb97466d9dbcf17337a4
figure1_extension,00777_formal_N32_L12_ah_block_second_r0,32,12,ah_block_second,0,0.27942301146686077,7ec1bedf0a33c699,d105ddd1f442b41ffb2f76b72ec405b0c60ed984f05b7f51fa6349ea52847c54
figure1_extension,00780_formal_N32_L12_ah_block_second_r1,32,12,ah_block_second,1,0.27766801975667477,99464cec2cbacf96,d11a22d8371f7659ceebbf4d95d3de3d8bb07843bac8f03982d50756aa62ccac
figure1_extension,00781_formal_N32_L12_ah_block_second_r2,32,12,ah_block_second,2,0.27889070473611355,41a3eb99bdfc7a83,75c0fd48725000abff9681ba1068309e4bc12eb0192c212db63ef279653a98de
figure1_extension,00778_formal_N32_L12_ordinary_int_r0,32,12,ordinary_int,0,0.372092024423182,274722d8505b6268,4ef758e5804613a8f094a267f7638a155dfe082f83996baf3dbefc38055ba4b0
figure1_extension,00779_formal_N32_L12_ordinary_int_r1,32,12,ordinary_int,1,0.37150612007826567,65a1a863a95a9d91,2c41425f8653de07db0e946865bc2282b2100ef25bac3716becca2e2ebe27f9e
figure1_extension,00782_formal_N32_L12_ordinary_int_r2,32,12,ordinary_int,2,0.37107239197939634,6c9224dc3ba4cf33,10c10be0cf565549ce67076fb6947e545d28eaafc38675674e793a6dbe4ea1e2
figure1_extension,00784_formal_N32_L16_ah_block_second_r0,32,16,ah_block_second,0,0.6199573185294867,a9e342ffa4c9ba75,87b5b6d5efb45e2fb4bca153d50107e11c4027ac6e22be7c9145b09652f7aa5f
figure1_extension,00785_formal_N32_L16_ah_block_second_r1,32,16,ah_block_second,1,0.6230914238840342,009f43cf26c172a2,9403c567c2245e548aba06fb49bb6802e29c5af1ee931b43ac210e8476a6964e
figure1_extension,00788_formal_N32_L16_ah_block_second_r2,32,16,ah_block_second,2,0.6203161599114537,85aa3768be6268b1,24a3d27aa337c1123c9e6fdb528ec2809294a2f36d405db50ebf682d0068370f
figure1_extension,00783_formal_N32_L16_ordinary_int_r0,32,16,ordinary_int,0,0.7842291109263897,f77161d0a81c75ac,8b16b7e4ea4323b9e5ed15fefb0ecf7f478174592294ece10034e75f6e962145
figure1_extension,00786_formal_N32_L16_ordinary_int_r1,32,16,ordinary_int,1,0.7836954975500703,d8b0115b00939662,472b9ac27d0c9b2520d6568f98dac4ee062f777b0f1d5705d4801a3f9fb8f678
figure1_extension,00787_formal_N32_L16_ordinary_int_r2,32,16,ordinary_int,2,0.7845787294209003,92dcea00fc2af5ba,e804d13321863d37d450d26dae08998627044a34afa57f7366727beef58849c4
figure1_extension,00826_formal_N48_L4_ah_block_second_r0,48,4,ah_block_second,0,0.11204116139560938,e7b39378852a40f9,6100ad3bb95e1365ca728f7019624ac199c123a2b6bd095580523005b0971e6a
figure1_extension,00827_formal_N48_L4_ah_block_second_r1,48,4,ah_block_second,1,0.11253241077065468,579f0ce5c13c97a5,e70ba92e4bd0d81302b35bc70745056a5d0e83c3f820d6b4ccdcecd33234e62c
figure1_extension,00830_formal_N48_L4_ah_block_second_r2,48,4,ah_block_second,2,0.1124795088544488,153e30753ea63e13,caab3fe1a7a1a14b7a74eb75a644eecdff27e9bc817814d2ac065b8566783904
figure1_extension,00825_formal_N48_L4_ordinary_int_r0,48,4,ordinary_int,0,0.10094975680112839,a0e2cb08efa443bb,491f64e527f6c84fabdf35460e03ce0cb169aefa7fb636aee09c29cbfebbe2a5
figure1_extension,00828_formal_N48_L4_ordinary_int_r1,48,4,ordinary_int,1,0.10021083243191242,4203117258c1c800,0e5fe401171a370fb29a00153ab513859ddf82a355d03013f04245a297f50784
figure1_extension,00829_formal_N48_L4_ordinary_int_r2,48,4,ordinary_int,2,0.10061701480299234,17cc761ad6a60757,ad726dda73aca33834fcccd4d553a4db2a44e3ce982f7b07841f8e9ddc025278
figure1_extension,00831_formal_N48_L6_ah_block_second_r0,48,6,ah_block_second,0,0.17734410054981709,7c515840d23f25a7,1c729c77e3f6acf46976b87c909e3dec79743609188774a53062dbcda8cc9ee1
figure1_extension,00834_formal_N48_L6_ah_block_second_r1,48,6,ah_block_second,1,0.177626877091825,d7bca7fb2ec7d4e7,f3a89bcb5aa15a64c76d2f60935fcf197c5792e04598fe71f38a6f413a3cb01a
figure1_extension,00835_formal_N48_L6_ah_block_second_r2,48,6,ah_block_second,2,0.1775034125894308,e976ac06de6eb967,0dcefbb6e0b16bceb80edc5cc7d1603bcb605dfb4ece5decb5f9a450a21e7523
figure1_extension,00832_formal_N48_L6_ordinary_int_r0,48,6,ordinary_int,0,0.17428156360983849,1dcf4120c120b8bc,dc387d464da74a472e5da04226eca98c3d2f2e3066fa3a56e45f281ba8e59d2e
figure1_extension,00833_formal_N48_L6_ordinary_int_r1,48,6,ordinary_int,1,0.17437690123915672,48fa4f04cdb57c02,f6607976e7873e8f616cee7f12623fea72398ab6571cff0154cfd54b3e6777d1
figure1_extension,00836_formal_N48_L6_ordinary_int_r2,48,6,ordinary_int,2,0.17480210028588772,d5001195c7caa211,ae53498e8c9e4cf6e2741417149a67fede60a93f95eac2d254dad3cc824b7eb2
figure1_extension,00838_formal_N48_L8_ah_block_second_r0,48,8,ah_block_second,0,0.26404708810150623,8e4186261d1f00a4,f114d8791aa0200c6e6d6a5e462b631ec002f107d5a6950d6b03ddae24da7d3b
figure1_extension,00839_formal_N48_L8_ah_block_second_r1,48,8,ah_block_second,1,0.264795926399529,bfa1520cfc769fc2,fb16a3945316637aed77311fe080d9fd3c415bcfe35dc5690579c74f50149b92
figure1_extension,00842_formal_N48_L8_ah_block_second_r2,48,8,ah_block_second,2,0.26460185553878546,cea07cdf063e2984,22e0d757387c13a0f9f54f588cb41a96764f702df345452fc292747e68985b26
figure1_extension,00837_formal_N48_L8_ordinary_int_r0,48,8,ordinary_int,0,0.2844254011288285,6ba691a28c2eac87,9991c28d463a89c437cd4a281778b9823c509bc19eb0aa87cece3edcf10aac58
figure1_extension,00840_formal_N48_L8_ordinary_int_r1,48,8,ordinary_int,1,0.28349332325160503,1e002fe228c59e8f,62b093a18ee2bdd04ae24c0ed32e338d175b00e61563a68e15e36d541112ee30
figure1_extension,00841_formal_N48_L8_ordinary_int_r2,48,8,ordinary_int,2,0.28464318066835403,be77aad2424a67bf,cce04e4f6703568eeed2dd3361fe24751796ea3bbed901fc884e83291a3a4f56
figure1_extension,00843_formal_N48_L12_ah_block_second_r0,48,12,ah_block_second,0,0.7566615948453546,6c2d89c5cb2493ed,478cee14cd84241c52918f7453f1d2f80225a2c8c9d14e6b8b9c553f34a2a1e8
figure1_extension,00846_formal_N48_L12_ah_block_second_r1,48,12,ah_block_second,1,0.7593616787344217,82072f903840b1cd,fd38f01ac2491f6d5f2b910e29ab73360736f2be5bfdc26048c6c09d642bfe32
figure1_extension,00847_formal_N48_L12_ah_block_second_r2,48,12,ah_block_second,2,0.7590662315487862,ef72f84ae09d254d,5452b51e8f8c31247c833d986e6b68a581747b4ddd9022627c045452a82bca22
figure1_extension,00844_formal_N48_L12_ordinary_int_r0,48,12,ordinary_int,0,0.8827743763104081,f2599b9e28a77359,62cffb7cc310e72d579a2bcadb5941bcacec16f95d4485ebba5c64fbd0e0a61f
figure1_extension,00845_formal_N48_L12_ordinary_int_r1,48,12,ordinary_int,1,0.880681486800313,949e2595811b99e3,a712e44473c4d3fe331c80a6587acebf9cb804a634a50de914f42c76730e1164
figure1_extension,00848_formal_N48_L12_ordinary_int_r2,48,12,ordinary_int,2,0.881468172185123,cdd38597d8e9173b,94033c6cbf3e61bb6278f1426d72e2e28b4c5ee49a055c3f8f3801633221f470
figure1_extension,00850_formal_N48_L16_ah_block_second_r0,48,16,ah_block_second,0,1.9553389977663755,068161053ed14a39,32805a5dc3d51f53ff31cb2612d9a8ad3ddb85d970cc2960c507c628efca3c78
figure1_extension,00851_formal_N48_L16_ah_block_second_r1,48,16,ah_block_second,1,1.9429966174066067,38859ebdf989c52f,96a4b9ed70005399e8c4bb93eff8a445d6381396f09d9460973ffb11cd03538f
figure1_extension,00854_formal_N48_L16_ah_block_second_r2,48,16,ah_block_second,2,1.9237619722262025,25ac5f177a4210e0,66781bd277ad457736b5cddd3272fb0afe74855677b1dd7bcf29085201bc6bac
figure1_extension,00849_formal_N48_L16_ordinary_int_r0,48,16,ordinary_int,0,2.1110355025157332,ec0efe4b48181b13,13758f9c92b77052ffef765e0ec7c54753f84283f838705e93a69d27325fc779
figure1_extension,00852_formal_N48_L16_ordinary_int_r1,48,16,ordinary_int,1,2.117233233526349,f5b8d18c2aab3f02,e0fb0bddbe53ae0a142fe3a92fe7481127d37e5c4b813de67a5c1377b58b139a
figure1_extension,00853_formal_N48_L16_ordinary_int_r2,48,16,ordinary_int,2,2.1126835718750954,86d476a9d037eb58,1179eb7400464050d9f96ed7a21ec9b21fef7fe1fa6483e5943ce4431068b7fc
figure1_extension,00892_formal_N64_L4_ah_block_second_r0,64,4,ah_block_second,0,0.1676429184153676,139bb8d389cc3f18,8044ee40b22e72576db2994c97ece2f50845cbfaa59b4029ee0401e5307b9629
figure1_extension,00893_formal_N64_L4_ah_block_second_r1,64,4,ah_block_second,1,0.16677754931151867,ee33803853c79ebb,d94bcf529efb20134385dfbf6423d415a69bf37308191009654816b6192438da
figure1_extension,00896_formal_N64_L4_ah_block_second_r2,64,4,ah_block_second,2,0.16593893244862556,ed7b1384d8ef429d,cd29576fb51c8de328380801091e06b21801036fff589df3fcf27711f3434975
figure1_extension,00891_formal_N64_L4_ordinary_int_r0,64,4,ordinary_int,0,0.15093923825770617,27e6648576b2c3c2,299932f6b8f8937c48552ad825ea8466a76f1f6e661afb19d2be4695bed6c1a8
figure1_extension,00894_formal_N64_L4_ordinary_int_r1,64,4,ordinary_int,1,0.15082091558724642,dccd31a0deab6a14,7e7570f69bbb4f9fa8abc1c9baee1d8c813a78564809bb4fd4278ff6980b3dc2
figure1_extension,00895_formal_N64_L4_ordinary_int_r2,64,4,ordinary_int,2,0.1514190649613738,68e8a984bc20b368,34e2d208933f76f75e4e2abc51db7dbbd9b44c72c5c746722e30248fedbc3d31
figure1_extension,00897_formal_N64_L6_ah_block_second_r0,64,6,ah_block_second,0,0.30469902604818344,8a83ef5ec29699d7,d033f59fd0ce461622043ba2c80c820852bb0df528451b330857a7fb1cca5d88
figure1_extension,00900_formal_N64_L6_ah_block_second_r1,64,6,ah_block_second,1,0.30408900510519743,9a8f59fa52ddb120,f7ceeec2ff01f5ecd7990e1c5a2e2eed04ed455b8bd478c7b46517ee6b358382
figure1_extension,00901_formal_N64_L6_ah_block_second_r2,64,6,ah_block_second,2,0.3045640867203474,e9a756c72538c6a5,3b74e57af0741e92fb4f22f9d676612bba95731e183c855e39ca5b953b9b3133
figure1_extension,00898_formal_N64_L6_ordinary_int_r0,64,6,ordinary_int,0,0.2998989447951317,462d34feeb3e5d73,76a54893f24e9b42ad0928c1591539738702d96999b6f07d63ca39a6340d7b79
figure1_extension,00899_formal_N64_L6_ordinary_int_r1,64,6,ordinary_int,1,0.2991818590089679,56dd23ef332466e7,44ca81c9e6cd6d982d163bf9a5491999d42d68dcfd2ae6caaecd1c04f576029b
figure1_extension,00902_formal_N64_L6_ordinary_int_r2,64,6,ordinary_int,2,0.30171099584549665,1ed228c539652597,d06f75f6f4b4ac49d18d0795ceee227b2e53b44faca2b284b6e4105e82fd1882
figure1_extension,00904_formal_N64_L8_ah_block_second_r0,64,8,ah_block_second,0,0.5298858489841223,00e89c4cd5667be5,bc9ae1189eb6d0f50e17f851018b0bcc9df63c61c6237f79541648ae9d73946b
figure1_extension,00905_formal_N64_L8_ah_block_second_r1,64,8,ah_block_second,1,0.5314517989754677,5b6a3ba0bcf52751,5fc299b6c81df4d77fe0782d6f593c92146515956a4ba3bd043b6b6370848445
figure1_extension,00908_formal_N64_L8_ah_block_second_r2,64,8,ah_block_second,2,0.530102257616818,da7109251c86ea24,0af07f62ea643df77e29398f7df2379f31744d69e952f0b8bcedcad84e2d06fd
figure1_extension,00903_formal_N64_L8_ordinary_int_r0,64,8,ordinary_int,0,0.5421032179147005,862f2df70dee27dc,868112f5e4a386a03514ede9a8ba19fd0d9e9a1dd0ec8a6e0b341fb06655368c
figure1_extension,00906_formal_N64_L8_ordinary_int_r1,64,8,ordinary_int,1,0.541786284185946,eece061b0d57759b,af15d5465d79bfe7d827a4afe88bff3714d018acf3dfe45377c110c5956950b5
figure1_extension,00907_formal_N64_L8_ordinary_int_r2,64,8,ordinary_int,2,0.5424129478633404,2ec4b35f6fc47708,8ea33a136b6b02a61ecef41d96db16252b2202ed1b96f0174364150bc412abfa
figure1_extension,00909_formal_N64_L12_ah_block_second_r0,64,12,ah_block_second,0,1.506850179284811,90c0e9b1e05410f2,3d630086c688a28465775cb860fc9d96316441e3d9fe12ce0dabde1b72e024e2
figure1_extension,00912_formal_N64_L12_ah_block_second_r1,64,12,ah_block_second,1,1.5172624522820115,ecf9199df3917aaf,d152a69aa9333058e8fa09d24a6be9a31616bbab7dc3b0ea95034a2bde64c867
figure1_extension,00913_formal_N64_L12_ah_block_second_r2,64,12,ah_block_second,2,1.5083503955975175,b99a1241677a7303,6d621fe7124f9279df3feaef39aa2196d9580c43167cfc61504d5fd46e740ac9
figure1_extension,00910_formal_N64_L12_ordinary_int_r0,64,12,ordinary_int,0,1.649586595594883,c56dca4f8ed7aced,030513f33f4268bf156899881435ca7866927500df4b23333bd16f010a63c663
figure1_extension,00911_formal_N64_L12_ordinary_int_r1,64,12,ordinary_int,1,1.6477260887622833,fc9c66725b11b8bd,f6359293bb14a63611662b3060105eb1caf8d869c49e66fe754db723cd467318
figure1_extension,00914_formal_N64_L12_ordinary_int_r2,64,12,ordinary_int,2,1.6505193253979087,b3169cd5b9f076a4,d8bcf18267eb1bd55d6d64736453f5df37235502f6c0cd88a11b594efa8dcea7
figure1_extension,00916_formal_N64_L16_ah_block_second_r0,64,16,ah_block_second,0,4.016563049517572,3ba657644450b0ae,2c3419a31fd75ade1f4276dcf40de3562117028941b7a6b954fae3df6a0dcc4a
figure1_extension,00917_formal_N64_L16_ah_block_second_r1,64,16,ah_block_second,1,4.046215256676078,963eafc0e0912761,3cacbff39681dec16cdd782b63a8b4f20ae6aa2e53c5e478149144a1358ef0c5
figure1_extension,00920_formal_N64_L16_ah_block_second_r2,64,16,ah_block_second,2,4.015707112848759,adaa51e8b1dfdee3,9ba7165891b1b6670fb4f0c61bf9c652a777d7dbd2744b8b008929a0b7a6f950
figure1_extension,00915_formal_N64_L16_ordinary_int_r0,64,16,ordinary_int,0,4.093752392567694,f231c46087f367af,b179de91581f5a696907ce435b01989a82ecd1556243404e0223590e141bf1bc
figure1_extension,00918_formal_N64_L16_ordinary_int_r1,64,16,ordinary_int,1,4.168772442266345,6df61d5bb98a2ed8,c472d8963fb2c8ca6f105295693431f19bbab00bccd5cccd493b0560c02d63eb
figure1_extension,00919_formal_N64_L16_ordinary_int_r2,64,16,ordinary_int,2,4.105481359176338,807b0bc530012dd6,f9356cb8523594c26c15ea125032db375097c16290d7a1b51bcff56359b532f0
odd_even,N8_L3_ah_new_r0_a00,8,3,ah_new,0,0.13873359374701977,d95f3463697c3bf8,0d54a48815c2f6a827dc85ee4d109c29ff9bd4eadfc429fa6b102bc71f265d4a
odd_even,N8_L3_ah_new_r1_a00,8,3,ah_new,1,0.14585174713283777,93dd40b287b0b730,687c55324c01229d2eafe7d5789812cf3bc04f1bc983e0ee5c52419cbe74c3b4
odd_even,N8_L3_ah_new_r2_a00,8,3,ah_new,2,0.1595302429050207,e826238e58ce5691,02ed116cd5feea0118f7b8c61f9579e64afbde80fd897a155fe33826e6267a21
odd_even,N8_L3_fwht_r0_a00,8,3,fwht,0,0.09788090456277132,795f3624a348a194,188a0fe8180afc25b1210e78a597e659a4206050a9bf733e55fab8d40534a28c
odd_even,N8_L3_fwht_r1_a00,8,3,fwht,1,0.08572283666580915,010d85dd72006873,399fb3836e34f0973e759d33a70bcff3270bcbd7a290eb960bcddd7cbe08c169
odd_even,N8_L3_fwht_r2_a00,8,3,fwht,2,0.08646026998758316,0558f0895e1213da,d187132103347783a5f39a5c9a66a3298d000835e78e4d595506d4ce5abe37bb
odd_even,N8_L3_kronecker_binary_r0_a00,8,3,kronecker_binary,0,0.12753490544855595,4188550c4f0335d7,077e75456d5f9c3c3b4620df260f36659b541e74e6c7f256543c9f98b30c68aa
odd_even,N8_L3_kronecker_binary_r1_a00,8,3,kronecker_binary,1,0.0899188406765461,63b5ef803a6b9dc8,ecd97624b3031af5a00249b5604965eb52e66fc27e4b2ca31e71df4a73c3f60f
odd_even,N8_L3_kronecker_binary_r2_a00,8,3,kronecker_binary,2,0.08694041520357132,98ddd73276f847bb,3730d3f9b4cd0a3fc66a503e2433cd37cfa92908c44e95a972cd5e1a4896893c
odd_even,N8_L3_ordinary_new_r0_a00,8,3,ordinary_new,0,0.1372124832123518,d1f929e68f16c78f,a6ff9239aeda1da6bd76df6b9215c6cdbedda1a95a11b34b751a17154822c3bd
odd_even,N8_L3_ordinary_new_r1_a00,8,3,ordinary_new,1,0.1372258746996522,5cfe728a405474dd,49edf4bd27152d98bbea6fc1f718124a314f7f972d22a51b4fd031968533afa5
odd_even,N8_L3_ordinary_new_r2_a00,8,3,ordinary_new,2,0.13424502965062857,9b4a94d8dec5e134,7a374910e0f6c6a1c8f4b4a71ad0098497a5dab76870c50ff4e280e29a927b17
odd_even,N8_L4_ah_new_r0_a00,8,4,ah_new,0,0.1450533578172326,2edec53056fff54d,3e3e9eb7c768f55d80306562e3bfb2eb5f09b4dc7f6b5254570bc01537700da5
odd_even,N8_L4_ah_new_r1_a00,8,4,ah_new,1,0.14158278051763773,59fa99f7422390c0,f4f6fd34e14162828edef7756204e57a6b3dc112d3fc71d4f8bb879a8b1034db
odd_even,N8_L4_ah_new_r2_a00,8,4,ah_new,2,0.14328071288764477,11bf3046d1f66a6a,94a4976e04929a5a95c121fdaa08768f8cd77cbc5dc7a318c9a85cc019ddc704
odd_even,N8_L4_fwht_r0_a00,8,4,fwht,0,0.08625645004212856,b5ba014f5a6e91f9,48e87f7d5c37b5fff6311d44f5b7925f1a3ae76ab61c54ee656ab07607377fdf
odd_even,N8_L4_fwht_r1_a00,8,4,fwht,1,0.09236082062125206,31e20a0e3978a953,d394ae498ea987590a65d65f52d2344d713762749f23a410e2d9c573da97a755
odd_even,N8_L4_fwht_r2_a00,8,4,fwht,2,0.08708184584975243,6adbbe1df6bc27f8,1ebef102d5665d3276f7139ad99002837d17d792325e737e458598332159d5ec
odd_even,N8_L4_kronecker_binary_r0_a00,8,4,kronecker_binary,0,0.08692707680165768,3f5963699b69bbc7,8c27ca890fb52c5ff812fe7bd9261f6b00bb722d9f7ddc3e9c35155f478bdf00
odd_even,N8_L4_kronecker_binary_r1_a00,8,4,kronecker_binary,1,0.08764127641916275,068bdcff6fa7f02a,cd45831e3d584e153a0a5e3546742c8f58bf24dddcdfdba9057ce26b45f4507c
odd_even,N8_L4_kronecker_binary_r2_a00,8,4,kronecker_binary,2,0.08789210114628077,dfd763208327e3db,4dbfce9a6f5b76736d7020f7ba93c8de191dbbb17afb7562c601ce5141d64bda
odd_even,N8_L4_ordinary_new_r0_a00,8,4,ordinary_new,0,0.12582689244300127,ff347e09941e725b,fc6946684bd6f4f5e2b0d94ac465ad3acfe0021d069f77e52b33eb0bf96e8ec8
odd_even,N8_L4_ordinary_new_r1_a00,8,4,ordinary_new,1,0.13379816431552172,d432eb6368150cfc,e9a6818e2a6a243d4144cc4bc572c261cdf62b94ba422fac0847e4babfbceb1a
odd_even,N8_L4_ordinary_new_r2_a00,8,4,ordinary_new,2,0.13596603646874428,9f14ed077094a803,ee1cc4c5340fbd41a2cc3bcc31cda1c8ad142fa29f1994db85f33ef0bae7bb0b
odd_even,N8_L7_ah_new_r0_a00,8,7,ah_new,0,0.14319146238267422,7a9b272490495e85,39356cea5780c368679dbd9cb430fa587718eaddaf986f26617619cf53dc536f
odd_even,N8_L7_ah_new_r1_a00,8,7,ah_new,1,0.1542642554268241,5349f40ca705bb86,db2e4b6ea3d95bbdea15048184ae769fae1628f51de3fdf5ea6f0d7cdea3d739
odd_even,N8_L7_ah_new_r2_a00,8,7,ah_new,2,0.19361607916653156,1dda8d66b21a7fc4,14e34acbef94e5136590e6beb8e66e5f53957bb3528de92146f1262133ef4af8
odd_even,N8_L7_fwht_r0_a00,8,7,fwht,0,0.08624028600752354,99cacad0284aa81e,3cbc4508448e69db6531a7ce96c09585d4f99c8e0db75843c8868480f6771e54
odd_even,N8_L7_fwht_r1_a00,8,7,fwht,1,0.0865621380507946,9240b5cc202b1763,00687883fd805fb8e7cdba189e92701f793995aa2e339e6a69389b1888b312d7
odd_even,N8_L7_fwht_r2_a00,8,7,fwht,2,0.10986425075680017,c987dfdbc9d0b0db,97e604de3520d7add7b4b327c5c4eaf54ba82bcb031c727793266d69a60606f3
odd_even,N8_L7_kronecker_binary_r0_a00,8,7,kronecker_binary,0,0.09649690799415112,9595f9db701c9c95,4ff27afc3c69748028db32938b4c5fccebd4772c3528fabc509c4e54a700de87
odd_even,N8_L7_kronecker_binary_r1_a00,8,7,kronecker_binary,1,0.08859305363148451,5e0b7df4e68035f7,ef0dc84ae8f94e9142fd9020d2ca49e92bc218e83bbf9e8509ebee17b989f02f
odd_even,N8_L7_kronecker_binary_r2_a00,8,7,kronecker_binary,2,0.09008446149528027,89a5d0592adc269a,a2203c31e2128484cea799da49a121480fc22785016b846599da5b78da493043
odd_even,N8_L7_ordinary_new_r0_a00,8,7,ordinary_new,0,0.1426812158897519,9933d1b844ed6515,bf7bcda8c48b38ca72cd314d7d6312ed59c71885792df6de6d95a25102a7c19e
odd_even,N8_L7_ordinary_new_r1_a00,8,7,ordinary_new,1,0.13441788218915462,2adf038f7944e550,c0be50e94550208053c0b024334566fb1b7b4735793a6c4956696127da066f2f
odd_even,N8_L7_ordinary_new_r2_a00,8,7,ordinary_new,2,0.14521626755595207,d9fa8e86ffad7e57,0a096f67dec850f67e297f99122b5e4fb82c00e3f03389f30c965d941629227e
odd_even,N8_L8_ah_new_r0_a00,8,8,ah_new,0,0.1447888594120741,f4456563bc6562ae,e1999f751cf60c0fcc0913119a04431d4811ca7cbd23cc16e2b5510dd803e369
odd_even,N8_L8_ah_new_r1_a00,8,8,ah_new,1,0.15595225896686316,5b7b18371b892db7,b211e91d2db3b3fa1a7071ad632c7cb8b76111cb121993f9fb6ff3a47888bed7
odd_even,N8_L8_ah_new_r2_a00,8,8,ah_new,2,0.14466636069118977,ce242db7a3680f05,a7daa0ede37731afce186922265d74c48cdeabca25e9ab0c11950be1bfb50e95
odd_even,N8_L8_fwht_r0_a00,8,8,fwht,0,0.09673688746988773,b7399d04c0eb9903,dbb7301d3e96d69a414b4938d9730a1f7d4843933f619cd46a36c7283701a878
odd_even,N8_L8_fwht_r1_a00,8,8,fwht,1,0.10631147399544716,53915f5532a1ae4f,d56ab92e412b8f017cf5fb4404643969cff80c32161cb1b50b2ef331b3d59ee8
odd_even,N8_L8_fwht_r2_a00,8,8,fwht,2,0.1048023421317339,dbb3f58ea45fa488,84c9527b06324b498cce0ec659ee2d907f27f5386673d3585312a2c7df0e09b5
odd_even,N8_L8_kronecker_binary_r0_a00,8,8,kronecker_binary,0,0.08614136837422848,94d65de4e3251474,ba6468b137f8644aed9180afa4cbbd548f8b37548e40360967ebebe06b9f8d85
odd_even,N8_L8_kronecker_binary_r1_a00,8,8,kronecker_binary,1,0.10498476028442383,6304805e87f0d942,fbe6fb50dde5fa9fc2e9931ea894750c7aeae33a2bed8edf66400ac176cd7290
odd_even,N8_L8_kronecker_binary_r2_a00,8,8,kronecker_binary,2,0.08814622834324837,6cad3e9b62b3cc99,1bfd36274777f997048ab9f2577719f515ac51eab5cff1d553e32eabf2d45892
odd_even,N8_L8_ordinary_new_r0_a00,8,8,ordinary_new,0,0.14985898043960333,e5debf3cd1d5671a,e7b7dc93754c8fec980059cfe9c97900b668980a7670a81b93d4d69449d8fe4a
odd_even,N8_L8_ordinary_new_r1_a00,8,8,ordinary_new,1,0.1476676156744361,08a26986bd6a06ad,378afb831ea2d9a02540df884acecc6cc0fa9d76ca1a0918e8d0e1bc275ab284
odd_even,N8_L8_ordinary_new_r2_a00,8,8,ordinary_new,2,0.137021591886878,c1f084e5be99ad92,a7accfce91ede2a77b8c530e4337f8a5dde1ee752b8ba44ceb3fc8643eb6909f
odd_even,N8_L15_ah_new_r0_a00,8,15,ah_new,0,0.15604390110820532,a033ab477832d7d7,e87858cf91880e19e3080b2c1887056a97dc009500d1f6b03ed916872e285ab0
odd_even,N8_L15_ah_new_r1_a00,8,15,ah_new,1,0.16249634325504303,51da85c151694825,2e9b8cc26285dc1241ccf2f3910d858b4b7eef0a796541f29b7d07712faf3dac
odd_even,N8_L15_ah_new_r2_a00,8,15,ah_new,2,0.15722350776195526,0ac667f7d544aeef,1af39f6c4be1e2ff04186c601082f4e139508bc428af9cdefd8dd49354ec1585
odd_even,N8_L15_fwht_r0_a00,8,15,fwht,0,0.1377946063876152,dc743cd070098cda,a2c998c52dc88ecb2df514a9ccbb6e83d888868a57ef0130191d00545efcc513
odd_even,N8_L15_fwht_r1_a00,8,15,fwht,1,0.08692143205553293,896f41bc4be665c0,6734ac37d6d61c0bd1a462fa1c29c9fe246acf1f82fba32122559beffb50ed1c
odd_even,N8_L15_fwht_r2_a00,8,15,fwht,2,0.08734756521880627,b2871fe666397543,7e4caa65fb3981b5b2b281a598791b72c06142aedad787a3377c0bce5049b820
odd_even,N8_L15_kronecker_binary_r0_a00,8,15,kronecker_binary,0,0.0878310976549983,1eb66a0640fee74d,cebfe16bc86626361579af141ac0932f7898b8834b0d84579166c005bbd28228
odd_even,N8_L15_kronecker_binary_r1_a00,8,15,kronecker_binary,1,0.10418520774692297,5e20bf643fa228d2,8443c8fd220f9f9bba1f916c226eb6f32054966042d0bbec24f5a6d75fd05752
odd_even,N8_L15_kronecker_binary_r2_a00,8,15,kronecker_binary,2,0.09945495147258043,2cd4f05f55df387b,7ce25a02f012b846ddc0e54df23136152c3b956ae216933f1b2ff8ec3902f468
odd_even,N8_L15_ordinary_new_r0_a00,8,15,ordinary_new,0,0.19725669734179974,d2b6ef3d38313e5a,34de1f415e9a17c07347b1e3842b17fb6e2945d17fb6e6f33d69aea4bbbfefbc
odd_even,N8_L15_ordinary_new_r1_a00,8,15,ordinary_new,1,0.19847279600799084,551024be30840bf2,7a9568dae1b4ab49621d2257101f7d024978331003e0adc0a6c3dc78ade03056
odd_even,N8_L15_ordinary_new_r2_a00,8,15,ordinary_new,2,0.19967764988541603,95ae2ee163efd56c,c30dc792b4aa39cfe90e010b9b2b90737edf44fff4bb0c1cf30c575fafd193b0
odd_even,N8_L16_ah_new_r0_a00,8,16,ah_new,0,0.16393534000962973,6a96e4915013cab8,656c180f8c30db9537944a174ba9fa63604775222745ef3403586dbf91523c4e
odd_even,N8_L16_ah_new_r1_a00,8,16,ah_new,1,0.17709895875304937,87cb652270a2e828,95d9b0f2a1da32eeeef2dc0b6d58446abc91487563f13f43888656ad497c03e1
odd_even,N8_L16_ah_new_r2_a00,8,16,ah_new,2,0.16713670827448368,33e2133a8e2d5c94,4701bc9f3553bc45ccf3951a3033ce16c4922e807d764e807cbb547e7dca3b52
odd_even,N8_L16_fwht_r0_a00,8,16,fwht,0,0.08707195147871971,b688ce980f7269f5,69be1d770339fb96ba66b3cb8e4dcdae55c1b567f8482e9eea0f3ec686c8eefa
odd_even,N8_L16_fwht_r1_a00,8,16,fwht,1,0.08511955570429564,4411e3173bf8900f,c646a18b8430da5f8922a43d09c82672148faf3a7629ce1b4985e3e472b4eeda
odd_even,N8_L16_fwht_r2_a00,8,16,fwht,2,0.0937920669093728,8a363411ed6eb650,6f18ff2c267b1d9fc03de5371b99932f4cdacd09be6f3411c5fd011c3e910978
odd_even,N8_L16_kronecker_binary_r0_a00,8,16,kronecker_binary,0,0.10577530413866043,6e148178035188cc,50cc5e4662a0bd0147a714b91a47b8fe08c3f6bdb2079f7a426210e55acb51bc
odd_even,N8_L16_kronecker_binary_r1_a00,8,16,kronecker_binary,1,0.11118424497544765,85af6db420169331,15f6aa2c2ecc329caae513eb117a37faa7a21902e8a22cfd811be59bd5cf9e14
odd_even,N8_L16_kronecker_binary_r2_a00,8,16,kronecker_binary,2,0.08866791427135468,436211afab983aab,753390426146fe14c3f390824b2fbd70201a2f0afd87a43e08ef98425f75eba7
odd_even,N8_L16_ordinary_new_r0_a00,8,16,ordinary_new,0,0.2305720169097185,450137c05257aae4,f5d53e1dfb941c97647c9b1d2bea203bc75a43835585f6421c3fb48ded7daa58
odd_even,N8_L16_ordinary_new_r1_a00,8,16,ordinary_new,1,0.20885556377470493,022d9bacafbe2286,5bbe7b6b7f89d0758525d68c88f132d5fa443916a81526ba04e01aa92aad2c94
odd_even,N8_L16_ordinary_new_r2_a00,8,16,ordinary_new,2,0.2091137422248721,6748a2e1a581c5be,fef51780d42ba32bbc4b43b9912e591d3361b1f0320afa0d5836793308b5a588
odd_even,N8_L23_ah_new_r0_a00,8,23,ah_new,0,0.19869627989828587,86e6b30d2b1e54e2,c6a9284beb62985eca71e20c2cd2a9808838aca72a10a85d603a9844b8bdc766
odd_even,N8_L23_ah_new_r1_a00,8,23,ah_new,1,0.20576938427984715,cafb62c7be114e0e,d038cba1ec6525319c76e6f4b5f6330428db1a8bf9f9701677af02e627adcfc6
odd_even,N8_L23_ah_new_r2_a00,8,23,ah_new,2,0.1981511591002345,6423888b8831c674,27df8a47b26b63b5e9ff6159963e8de0485de0e3cdb65df399bccbf1cda84b9a
odd_even,N8_L23_fwht_r0_a00,8,23,fwht,0,0.09034847933799028,3c386bcab7518088,b0cfeeb99dd9b24de42380004f597f22a3bc2aa8913b8bea22dcf43090676594
odd_even,N8_L23_fwht_r1_a00,8,23,fwht,1,0.13503037486225367,1fcbadb7865f2d5c,cc0bd5acc1040c8274dc11bfbf2197d853a9ea623126e99d827a7373a50e523a
odd_even,N8_L23_fwht_r2_a00,8,23,fwht,2,0.08796383999288082,1a64bcfce54bcd35,2f8b573c552305091f18a1e1cd330211bd75bb90a86ff3f4d7e3fc0a58f7de51
odd_even,N8_L23_kronecker_binary_r0_a00,8,23,kronecker_binary,0,0.09176516439765692,b0f4df554f9823b8,3d83758f56d2e5a27665a8441af0ee6c38ca0ad3394cc92215b0bd530a5b0c22
odd_even,N8_L23_kronecker_binary_r1_a00,8,23,kronecker_binary,1,0.088379992172122,9adabd60c5d4ec78,6cb3d08ecbf825b463841f324120b31250d2b5dc513de4dbc7231db9c8534991
odd_even,N8_L23_kronecker_binary_r2_a00,8,23,kronecker_binary,2,0.08966015372425318,7c49e7dadfb618e4,1aea2ce6c36f5fd2ea054270fe0cfab05e1f6fbad86376698464451f76e2b337
odd_even,N8_L23_ordinary_new_r0_a00,8,23,ordinary_new,0,0.4000412495806813,1b56bf4055cc682c,113e7e3024a38c258478461b5aade1aa6cf0b3ace2531e41525c66d23721ae93
odd_even,N8_L23_ordinary_new_r1_a00,8,23,ordinary_new,1,0.3982355520129204,71c816abcc5c0ad7,9e3dc9eb9cadda74eb73e26723fd966fa9bc1cf336f84e123c629cfeb6f8e8f1
odd_even,N8_L23_ordinary_new_r2_a00,8,23,ordinary_new,2,0.3849937068298459,cfe3bae04267a302,bcdb4a536d464ada1b09c933e2e0eef241f9d4b5a4441e5beae5700c46df9619
odd_even,N8_L24_ah_new_r0_a00,8,24,ah_new,0,0.2167331501841545,3a0d6a9ce6260b16,c493291ab75bb95d5f1919b618c2cfa3290e0256d7eab504e66048607504874c
odd_even,N8_L24_ah_new_r1_a00,8,24,ah_new,1,0.21247903164476156,ebe76105220ec6ae,42a1199c87a51d14ff13e61f88436fb1bb2e3158e73810799c874bd238e4b251
odd_even,N8_L24_ah_new_r2_a00,8,24,ah_new,2,0.20448672026395798,0e7ae14190655fa0,f1352e5f8fcaa0037b13af3f337a5bc016fcf7e6162539664871fd8fef7bd20f
odd_even,N8_L24_fwht_r0_a00,8,24,fwht,0,0.08879293780773878,96f0a7e2e55be5cf,9b755c7544dda661e0056b2fdef3f9f6bcc8efba199e2c3f084519e2bf175fa8
odd_even,N8_L24_fwht_r1_a00,8,24,fwht,1,0.09082390647381544,13489b483e668e21,eef6e4af5512f35dfa456088124871b367af07b70f6f71929bdff0c23e2ce5c2
odd_even,N8_L24_fwht_r2_a00,8,24,fwht,2,0.09892882686108351,ae70c11ca07d0a59,fa1a972b5a172f54a83116e04faaf9634c592b3c1bcc62e2948422fb353b560d
odd_even,N8_L24_kronecker_binary_r0_a00,8,24,kronecker_binary,0,0.08790156338363886,d40212c8a23b231f,c96b6be41533ec700c19b019245bffb053a04852ffa976459deee7a5f3feec83
odd_even,N8_L24_kronecker_binary_r1_a00,8,24,kronecker_binary,1,0.08845712430775166,147f5146e5da4316,74fcf947fc17f34c555f7760ea99639057afac5c64ad5da394c0980fe0e733ed
odd_even,N8_L24_kronecker_binary_r2_a00,8,24,kronecker_binary,2,0.0891153933480382,579290c9fc3e682c,516a9e3d231e113b33210680a5a2edca6214a31f0fc22f489c9fadbfc41148b3
odd_even,N8_L24_ordinary_new_r0_a00,8,24,ordinary_new,0,0.3360678721219301,1adf2a9d0853216e,064211600eaeb215eeba81b283139ec0183f8b90458b9d890027c5684deb503d
odd_even,N8_L24_ordinary_new_r1_a00,8,24,ordinary_new,1,0.3421335006132722,10c50b9b46123506,94ae2e94c53f666e51e892bfacfee1843f142d8200e2bc1096d45125029adcac
odd_even,N8_L24_ordinary_new_r2_a00,8,24,ordinary_new,2,0.3471987880766392,ce00e57aba75965c,c3877e75008dddd8d60e21aad3e57d981dd4919f9e9ba8e32392d311d2abafa7
odd_even,N8_L31_ah_new_r0_a00,8,31,ah_new,0,0.27431204821914434,307c0e7e1667f5f3,4a0acb966411adfe952a786f2ec830c05eb4670b59af22596d45f56a83d8c280
odd_even,N8_L31_ah_new_r1_a00,8,31,ah_new,1,0.2788169691339135,7871ac44760d358d,671f28e81b35f049484cb0d8aa36d8b95baee546f2a092c8046425b0949b83e0
odd_even,N8_L31_ah_new_r2_a00,8,31,ah_new,2,0.2962257210165262,7d840cc26546554d,6dfd8daae9356f8d2ec15d1258ca056958ee0f74a8b232ac80fa3053d4f9f360
odd_even,N8_L31_fwht_r0_a00,8,31,fwht,0,0.10637517087161541,0ede3f1e04b7b043,e9a2caf3b4801387015af589c3395949ea13a7e9634d05b9de221141ebdce1e8
odd_even,N8_L31_fwht_r1_a00,8,31,fwht,1,0.08630603086203337,13c6484f98dcf792,a85161ae3f5bd6837d994a1a6f4a457b2462f880d83eb29ccdfaf65d953998d5
odd_even,N8_L31_fwht_r2_a00,8,31,fwht,2,0.0954288924112916,d912d775183c95fe,65f74a2fdeed5ba730dc99bf24fadee574621fd13a69e6bc2170bc328da1d74a
odd_even,N8_L31_kronecker_binary_r0_a00,8,31,kronecker_binary,0,0.11476060841232538,1bc07637b248e3c9,5fedfd0cfb739730ed857bb42fb1d7ea205c7b792afc4c1d37db360829ed9b5a
odd_even,N8_L31_kronecker_binary_r1_a00,8,31,kronecker_binary,1,0.08875921461731195,ce30a3d690e64f89,9634760a7db17719ba421e3c593e4d828c23dc5878da02767533ff7b5db121d1
odd_even,N8_L31_kronecker_binary_r2_a00,8,31,kronecker_binary,2,0.08811359852552414,34266fad7938da9b,44ac4b0f44773fe8e5767e2b1b5429d9ce03e026b02fddb66462275d4053b572
odd_even,N8_L31_ordinary_new_r0_a00,8,31,ordinary_new,0,0.6894484460353851,fc6ebdf0448a2717,f5c3186effd18af753283138b68549b51032984e0044f4219edc855e846b4060
odd_even,N8_L31_ordinary_new_r1_a00,8,31,ordinary_new,1,0.6729336399585009,009a865afe9acdef,176fdfca05454215eb2435863e431a53722f6708d2fe094e7fd040e949f41cd5
odd_even,N8_L31_ordinary_new_r2_a00,8,31,ordinary_new,2,0.6637178333476186,5136c9b6495e84b6,4370c33bb8a6c58a526b62a90e996fa7a32ed319ded88d478845e1e2649f1beb
odd_even,N8_L32_ah_new_r0_a00,8,32,ah_new,0,0.2972123837098479,c9b5744c6ce74093,294fbdfb9ac4b68667900091e0bb1afeec41fd6ea1121df54260871884947e90
odd_even,N8_L32_ah_new_r1_a00,8,32,ah_new,1,0.28853896353393793,74c6b0334bccacc6,5b1975a52dd38b20499c43059a1471755f92d77bf6ab6f6383562975a4c0664b
odd_even,N8_L32_ah_new_r2_a00,8,32,ah_new,2,0.31234895065426826,93d74966682be768,019477adb1f686d29aad48a268dfb5d170ea301d4f0912605ce07fd777f8e30d
odd_even,N8_L32_fwht_r0_a00,8,32,fwht,0,0.0876649022102356,c7ff81938669702a,f0134e4eb714223613d525d6b033772c407b7fd1ce6be7e72c7c2102cad369e2
odd_even,N8_L32_fwht_r1_a00,8,32,fwht,1,0.08666310086846352,30f89068608cb9aa,3395c5c54d5f4ea985dccd546b3426535b907abbc35a713bffa783a3a746320e
odd_even,N8_L32_fwht_r2_a00,8,32,fwht,2,0.08818796277046204,d13d9402d59d41b4,2765edbce20827bd64e0c19e8a4e55f6b33231433b2dddf64dd20f750e636a49
odd_even,N8_L32_kronecker_binary_r0_a00,8,32,kronecker_binary,0,0.09509751666337252,3d9e8ff7539116e0,5c29cda0d89e95f95a84ab8ab238935d876969f30b02dd962e197448ac33fd37
odd_even,N8_L32_kronecker_binary_r1_a00,8,32,kronecker_binary,1,0.09603782743215561,20b981676d8a9695,6571187234866c60b12f4d6b598f5f8eeea0b3249893b59427205d388b4dea3b
odd_even,N8_L32_kronecker_binary_r2_a00,8,32,kronecker_binary,2,0.11017467081546783,a4c09c886365261b,1a491a0756bc366b57535aaa6ade837a6ff97c86e517f4176efecd9c3093ea00
odd_even,N8_L32_ordinary_new_r0_a00,8,32,ordinary_new,0,0.5405807681381702,e8794d400a87168c,f0cf083237186bedc060f87fa929352212d3a603a5895b2c163482d12cc58a57
odd_even,N8_L32_ordinary_new_r1_a00,8,32,ordinary_new,1,0.5440694307908416,4d82373b881108f6,089db0d8673f0e2c821b11c31fad56e82f2e2296f472a0bb2bfcbce93a6fd401
odd_even,N8_L32_ordinary_new_r2_a00,8,32,ordinary_new,2,0.5398102831095457,b3d42c437b4bfc99,8c231042fbe6ad5151f8d24f228b75d3eec9900695b5ee8483f46097f28ff5f8
odd_even,N16_L3_ah_new_r0_a00,16,3,ah_new,0,0.14418920036405325,c2f1c3053012fa7d,0be5694148907b8c976747510d8ecaeb905bf64caf46a92e88fb3b276b4addf7
odd_even,N16_L3_ah_new_r1_a00,16,3,ah_new,1,0.14315152633935213,3d8c9a54bd048480,949ba9ddbe48c00beadfc7cfac560be4d58a30c0088a9405b0f1bd5ecfd23801
odd_even,N16_L3_ah_new_r2_a00,16,3,ah_new,2,0.14131520222872496,78c883df5e33f37c,5a91b5efd1639fa125e675410ca97860a0103d8e42355c6991e495d110acaac9
odd_even,N16_L3_fwht_r0_a00,16,3,fwht,0,0.21783233247697353,2d9d37ea2e779955,9f6ff306339f77eba449f19797e753fe2cb6fb40ef9f2a035275a57f2fa88647
odd_even,N16_L3_fwht_r1_a00,16,3,fwht,1,0.1918188687413931,701a83e32aab09da,3896084895438db660a1d974a92cd4c925cfe4978b4054b3ba9b2f10e59450fb
odd_even,N16_L3_fwht_r2_a00,16,3,fwht,2,0.18637182284146547,791ec9331fc9e261,3633c183bce9da42cc465b01dd533308a1989823ac88e04b50f0ad143eb899f9
odd_even,N16_L3_kronecker_binary_r0_a00,16,3,kronecker_binary,0,1.5076165609061718,79e0804f1af29f7c,c5015361701833569456987362506da5107da7909982d3aec986d2d583815955
odd_even,N16_L3_kronecker_binary_r1_a00,16,3,kronecker_binary,1,1.5384517088532448,3f15e5457993cd5c,0cad5643fc9dee19d6e5d46714abfb5b6911ceb56dea7c88982611a1e85ad6fc
odd_even,N16_L3_kronecker_binary_r2_a00,16,3,kronecker_binary,2,1.5094827329739928,c5f5a1108c945948,21c15947725a302fc1e458317448c74bdcb9ec5205e68fe9541e987e4e2d5ca4
odd_even,N16_L3_ordinary_new_r0_a00,16,3,ordinary_new,0,0.12903179414570332,b70446f6353f33d7,9336172847cd2bb9e7264fb12e08429b0cf91ef4988ad19f93786770284bc3d3
odd_even,N16_L3_ordinary_new_r1_a00,16,3,ordinary_new,1,0.12748265266418457,c141b36bea368053,e490ba6a9bc9fcb37abef0a1eb72e0bca5dab2434f47e95ccf2660a7946dc594
odd_even,N16_L3_ordinary_new_r2_a00,16,3,ordinary_new,2,0.1285243146121502,1d8bfecc02e09cde,baccec01476d40c7740e3c59292cb2246d4b0ade0ed28045ed1bfcdb611848cc
odd_even,N16_L4_ah_new_r0_a00,16,4,ah_new,0,0.14439395535737276,d0cd7c1d65c99c17,cf76392907f43c8f89d48010b07d5a121f885805ea22166f613d37285876f4ea
odd_even,N16_L4_ah_new_r1_a00,16,4,ah_new,1,0.14267420582473278,27288b68d9927783,80b80d7301ad077b51f6d3b33f2a3026a6053a763bae4a3de064d6bf9942454a
odd_even,N16_L4_ah_new_r2_a00,16,4,ah_new,2,0.14422195684164762,c941386a6d8bd775,d1ee1b2aee3d6e1829cf1a93b77f950fba5c7b4cd1a46d1b3943d972e61288e8
odd_even,N16_L4_fwht_r0_a00,16,4,fwht,0,0.223161525093019,27e43d296cfb9385,26fad0453aab16696753de091388f785736b100f0ecbe4015855b17454ef96f5
odd_even,N16_L4_fwht_r1_a00,16,4,fwht,1,0.22673673275858164,6688ea7ca41157c2,b056af406168285237102d2521cdd0ab2fdc9a3682182e7dd3126cb70708344c
odd_even,N16_L4_fwht_r2_a00,16,4,fwht,2,0.228362325578928,b28198ed623baff8,091a61e389c6906ab625007811324e1f231347fd8998ea16f6835a237ac34241
odd_even,N16_L4_kronecker_binary_r0_a00,16,4,kronecker_binary,0,1.4906241726130247,64287132dc1c9eb6,836f16d01cafcd3476d8c61da01d51cd5b13a94e40767a482c3516047e68baf9
odd_even,N16_L4_kronecker_binary_r1_a00,16,4,kronecker_binary,1,1.4885352235287428,2ff3a2428c254856,c654a2a2130b3bfa8e38c7862310e64d96f361ff7b8677f42f770ad2cd3f12ef
odd_even,N16_L4_kronecker_binary_r2_a00,16,4,kronecker_binary,2,1.48294866271317,2423c8a88801ffb9,a94709fcc40505f8756bf633ae27682143d9c8116f3f3bc25b60f06ff4702139
odd_even,N16_L4_ordinary_new_r0_a00,16,4,ordinary_new,0,0.12941042333841324,ef9eb78f683a39ec,7d69fe5888562ec6be656d8a794fdf59f0d24f6523d047ca6685d3d08011f480
odd_even,N16_L4_ordinary_new_r1_a00,16,4,ordinary_new,1,0.12935772817581892,fbc5d3319ef8fb83,a51ef05f8cf8882767af4deb398f2385b2098763414393e17d1d22e43c375b95
odd_even,N16_L4_ordinary_new_r2_a00,16,4,ordinary_new,2,0.13195070158690214,dc4e2872cbf697a8,2ea8b2509473c88716184265b76cafe067fe1c58a862e0d1a9bd56c0f0a3af30
odd_even,N16_L7_ah_new_r0_a00,16,7,ah_new,0,0.15146107785403728,a3026e93a941274c,2f420c34012cc48a482f0e56fe5b942cabd4059b585d2726785816d404187b5f
odd_even,N16_L7_ah_new_r1_a00,16,7,ah_new,1,0.16853948403149843,de8f0880a4753edf,9ec6e38e32a0b9fcbdb6861d604b8fee68b4f8e3e3c17615594780ac0839b641
odd_even,N16_L7_ah_new_r2_a00,16,7,ah_new,2,0.16116172540932894,6f47fe19e556dfbf,217e29b764ea159898872e7f60b009ab3daf8d637af0ea798e22707b4e017233
odd_even,N16_L7_fwht_r0_a00,16,7,fwht,0,0.3755482891574502,0bd152a7faf0e82f,9e9b092d8b48a124fc1183d3518d66a7e387a7695a647b733e9f2e8aafe2db67
odd_even,N16_L7_fwht_r1_a00,16,7,fwht,1,0.3628688445314765,aa6dfc3da57536c6,6a5318d6dda1233f2e8d0e888536934c8c84fccbc90e68000decde5d117faec7
odd_even,N16_L7_fwht_r2_a00,16,7,fwht,2,0.3699297411367297,1eaf1865b2b54b05,84d445b92c6d8b325c4f37ff52af725296a8601741d56362a5d5b3eeeb0966ca
odd_even,N16_L7_kronecker_binary_r0_a00,16,7,kronecker_binary,0,2.1468291264027357,3ae6e0709e11a6b9,a5772dd399d103d66b4df72504a3af310e0f80596b66a0b3901543efa49791d6
odd_even,N16_L7_kronecker_binary_r1_a00,16,7,kronecker_binary,1,2.137440144084394,c680886de4ce912c,c33eebc7289adbf9f2545aec060726d41b189672b9186b2ccc2afe401c01ef32
odd_even,N16_L7_kronecker_binary_r2_a00,16,7,kronecker_binary,2,2.1365704340860248,f15f493e797256ba,af5a34f9e87aedc2830cdf15c66b552677ac64c6ebb94d5f26eacbd55f3da40d
odd_even,N16_L7_ordinary_new_r0_a00,16,7,ordinary_new,0,0.15018760412931442,04d22d0bcf83d6ca,1a4d729868f38c443de1ccb49a1ed278ab9a0b8525a5787aeeed17c34e407fa2
odd_even,N16_L7_ordinary_new_r1_a00,16,7,ordinary_new,1,0.14921638648957014,4de000fd4b0d0ee7,183e9c0dc80d2aa7a5625ab896d171dd91c50ed699f63c54b2cd9ea33887d2ff
odd_even,N16_L7_ordinary_new_r2_a00,16,7,ordinary_new,2,0.17042140197008848,88c9114da84904fc,eb05791f82e5ca2947ae20b7e4d103e3d4ada042042dd00013557afb55f84bbd
odd_even,N16_L8_ah_new_r0_a00,16,8,ah_new,0,0.16223785001784563,b9f844e00a744735,0f874d858474a1c3458536251deb8c48245f464650e8fd8b4b6fa164c6106243
odd_even,N16_L8_ah_new_r1_a00,16,8,ah_new,1,0.18843630142509937,b1fa58e387abc347,fc8769671ee4ec8ad2d303cdb6402b6ed32663f5e49e69288528a8a7633bfeb8
odd_even,N16_L8_ah_new_r2_a00,16,8,ah_new,2,0.16411853954195976,b28790223e2a62a7,d5822a6ff95ebe5e7afa815ab57cc8ad76a43a2bd851831d3474af7017f825c1
odd_even,N16_L8_fwht_r0_a00,16,8,fwht,0,0.4159265300258994,522f34eac66d36c7,a0fd107e1834a5c486168972af99d7c8e763e266eda74c3c514bc646dfa25b34
odd_even,N16_L8_fwht_r1_a00,16,8,fwht,1,0.4176575094461441,28a74613cb83bef8,6ff53c8fe85b07cbd990e1c35302180d8c827835e2baa668b347b7542bd0a86a
odd_even,N16_L8_fwht_r2_a00,16,8,fwht,2,0.4196625351905823,77bebf57ca372769,ffb299aa5969a67750fb34a5206a10621cc60a38ffae8cf63031af32661d68d1
odd_even,N16_L8_kronecker_binary_r0_a00,16,8,kronecker_binary,0,1.849553824402392,6882babab7088c16,27d4548de5950d203065abb736eef4e114d85f4b9aff688c4799fe2c9b576af4
odd_even,N16_L8_kronecker_binary_r1_a00,16,8,kronecker_binary,1,1.83637285977602,74cca132314cb172,3fb27483eaf224f3f4588ec2621284465fa41ca2a92a564994329d320faffef1
odd_even,N16_L8_kronecker_binary_r2_a00,16,8,kronecker_binary,2,1.8366167079657316,eb61dcf16e357314,d02c0ab178b3740de789a6968ea696fc240adff9812ed5b710dc7320157513dd
odd_even,N16_L8_ordinary_new_r0_a00,16,8,ordinary_new,0,0.1657190779224038,5a4e735c9b91e8a3,9ea3db5612ab5963ac1f2f8aac3d0d75f42daf1469e754cf586a272a69763ced
odd_even,N16_L8_ordinary_new_r1_a00,16,8,ordinary_new,1,0.16830697376281023,446078b8dc7b1c48,70d91bb34195706c8e0cacd32574ed1775197661dbf2aeab89bca8913db6bce1
odd_even,N16_L8_ordinary_new_r2_a00,16,8,ordinary_new,2,0.18619469739496708,d2cf44c31ac5a363,5b3ee35ddeae7f388a27ea82aa00286a8c114903173a04dd14522fc7e6b9d412
odd_even,N16_L15_ah_new_r0_a00,16,15,ah_new,0,0.217227254062891,78057ad8f9d4bc23,fffc97a8435c554bfd7b4f83e0185d7a6e2a63aecd944c4b37dc067fe865d393
odd_even,N16_L15_ah_new_r1_a00,16,15,ah_new,1,0.21828872058540583,52b5a7c920d2d538,ec580fad30ca5b2ec35df25841487178ff6825903c85cec11996d2aec4fa94ac
odd_even,N16_L15_ah_new_r2_a00,16,15,ah_new,2,0.21476668491959572,b16194b9cefa0b78,b40d1a75d4a6a3f5224f38cc8803c1a90b6e8879479c0dd4fa424eb959415585
odd_even,N16_L15_fwht_r0_a00,16,15,fwht,0,0.7301716795191169,ea4733b4d99eed51,ca4c9ab7188c2cd4996e4fcd42adb69121df8697f2356c81f75bf45a7a0ff2be
odd_even,N16_L15_fwht_r1_a00,16,15,fwht,1,0.7244870262220502,1fe886a6871b9b9b,88a7a49b862ab6d73692bee8c3596b3c1f47bb806ce8030e886ce42c4651bb24
odd_even,N16_L15_fwht_r2_a00,16,15,fwht,2,0.7204677490517497,c6ff09d28cb95c7d,e710a6acdfddb769ace20da695f5537ba037f406bd1a7335493959018e62fded
odd_even,N16_L15_kronecker_binary_r0_a00,16,15,kronecker_binary,0,3.869315658695996,2cdc0968a81d9225,8ba2a379b6b3db5277424c5411376acab384bcf891e3c8beea2b9cabfb1d7fd1
odd_even,N16_L15_kronecker_binary_r1_a00,16,15,kronecker_binary,1,3.86293394677341,6ae67b3714fd3a93,06083ee2bae6ac50611f29f5e377e6e81925c63675b97eb0faba377f9b08de6a
odd_even,N16_L15_kronecker_binary_r2_a00,16,15,kronecker_binary,2,3.8685468481853604,c26e590e3a5f66a7,bcca53ffa3e0e69a834a380d1276dcf2cefe8450c74c23b3a5e1da83fab43a49
odd_even,N16_L15_ordinary_new_r0_a00,16,15,ordinary_new,0,0.3706413097679615,583a83fbc8127675,dafc43e25bf008529803fb459e29d84a678c55d921ecc27a3d0142f290b10303
odd_even,N16_L15_ordinary_new_r1_a00,16,15,ordinary_new,1,0.36767820455133915,205f5cdf24f26cc2,334863346728e4a1d4ea6e7246e2db65802731b7db8f82750ade116e03f2f2b3
odd_even,N16_L15_ordinary_new_r2_a00,16,15,ordinary_new,2,0.36374951526522636,8c7910e7e7789934,ccc0316147e49995c002c7cf12337d7c3c4446eb8c43988f6c085145ace69430
odd_even,N16_L16_ah_new_r0_a00,16,16,ah_new,0,0.2363729877397418,617ea825b55fe042,e3d6ae65a849a2af3aad49b2b6ae1a028c4b5517a10a48aa9fdf7e546ee9e332
odd_even,N16_L16_ah_new_r1_a00,16,16,ah_new,1,0.23917861841619015,abcd2ff2e5d18e9b,f80335354592a9875dab40daabc823fb0e5d74de8fae3a852a13f0636d56bc2f
odd_even,N16_L16_ah_new_r2_a00,16,16,ah_new,2,0.24003499653190374,ad4b7a16ed897218,fd6b346427e32abfe519b7af89ecaf2ada0ba700620095f45d171a02102eaf60
odd_even,N16_L16_fwht_r0_a00,16,16,fwht,0,0.7579321125522256,8db3ddceda959f33,95d3b666455bb08c46b3a987a9f0323422c4acb35177961612d056e7c4636515
odd_even,N16_L16_fwht_r1_a00,16,16,fwht,1,0.7683280557394028,c5073e64e8be6a6d,cd79ab561510bee20737099f7651e47a97b4eeba8ac2bf0d3277f908f5de97ca
odd_even,N16_L16_fwht_r2_a00,16,16,fwht,2,0.7807735549286008,b1991772fb7aca57,5a0c05466be567485df51345b9e860eef381cd5671b217bea6a90027fbec64b7
odd_even,N16_L16_kronecker_binary_r0_a00,16,16,kronecker_binary,0,2.738859917037189,08083f2f97de465e,e6f712af8fd472da13ace922bfc7c876427b8da3eb4347f59269b513b34d34b7
odd_even,N16_L16_kronecker_binary_r1_a00,16,16,kronecker_binary,1,2.7449064841493964,e4a238f7d042d85f,1e2e7f4880ee693005a8d7c809b5a6227eec8aa2abc4c15b96a9d7b496938183
odd_even,N16_L16_kronecker_binary_r2_a00,16,16,kronecker_binary,2,2.7381850639358163,59481d1f146e5de1,deafefc25b62f77ae45be9470828262ee3a70e6bdacb6d2e2bb81b61bbdde943
odd_even,N16_L16_ordinary_new_r0_a00,16,16,ordinary_new,0,0.3248898033052683,3f4cc04d4fd265bc,e7f9395937eae3f15b0b8a797c762e4a84073a06211bead137a84e32dca2560c
odd_even,N16_L16_ordinary_new_r1_a00,16,16,ordinary_new,1,0.3695173831656575,d22d6a50f30ddae3,785f1f0ed1f97aa4319caad1b827ca480723d3aa66c2c93dc80a939b899b96a8
odd_even,N16_L16_ordinary_new_r2_a00,16,16,ordinary_new,2,0.32557917665690184,d8d86ff5b79d5fd2,44f615cd1d4fb445c7b65602dfd68aeb01883fc1f0b7aac5579b9330fc32166a
odd_even,N16_L23_ah_new_r0_a00,16,23,ah_new,0,0.4067852133885026,3d36f32b9e534e4c,b30ee3a187a8ca0a7e6ba47989738330448eddc2b36c639dd49069c3f214297d
odd_even,N16_L23_ah_new_r1_a00,16,23,ah_new,1,0.4368786299601197,b7e31854988df7c7,a85cc63830b42547369b2fe468621d3b709d56efd3008cc1c95cb53993efd1be
odd_even,N16_L23_ah_new_r2_a00,16,23,ah_new,2,0.41435508616268635,2be43925039bbdca,e9c35bf467192c208b74564f52a65fec3001dbe2b5f7389b20702a2cad8cbbbc
odd_even,N16_L23_fwht_r0_a00,16,23,fwht,0,1.0823246529325843,fd4681e891601866,c0c7090435b48caab82da0119420ffb5f275468c9a130b860246e7caa2e71f47
odd_even,N16_L23_fwht_r1_a00,16,23,fwht,1,1.0751363318413496,90895db2fb7c913a,103025e6aa3a82162386e766960c5827f81c23f65e672f458a647e6f2b2e9829
odd_even,N16_L23_fwht_r2_a00,16,23,fwht,2,1.1212352402508259,dde3a34190446b10,19f8b37e529d991c60a4ab56c4ba54255677d12d188abad452c0aec483347add
odd_even,N16_L23_kronecker_binary_r0_a00,16,23,kronecker_binary,0,5.744483584538102,21bd589e8a362a43,b2f9d307d7dc5149ec90638bf7487abcec69f493b08aae9b0033a37f43b73f12
odd_even,N16_L23_kronecker_binary_r1_a00,16,23,kronecker_binary,1,5.698039718903601,59ed66505011154b,f7a32f927578a3c9d663c5457612f83e328860b294b4460ba1053f268bc1a769
odd_even,N16_L23_kronecker_binary_r2_a00,16,23,kronecker_binary,2,5.691372915171087,1ff0442462984d11,ba6c9ec76f3c99035289368b42c35e0caaea3ab55422429dd876a60445e61f5c
odd_even,N16_L23_ordinary_new_r0_a00,16,23,ordinary_new,0,1.0275928238406777,de48002da7539c30,4392d5182747f8d8dd9782a311acf334bf7611449c7aaa35859c13bb9ca69d96
odd_even,N16_L23_ordinary_new_r1_a00,16,23,ordinary_new,1,1.0241836849600077,b81e1f477e58f632,421aa397f86e9af294628cb0f57f44fce957b2cb0bbc118a7c533d537cc31fd2
odd_even,N16_L23_ordinary_new_r2_a00,16,23,ordinary_new,2,1.0396949294954538,2602dc46096019ed,4a4fc7da7e6e84dc5afa58357382df158c908862ace2089dc7cd41dd7b44f974
odd_even,N16_L24_ah_new_r0_a00,16,24,ah_new,0,0.4511819342151284,3001148bae000649,5f5b4065f72d32c4a2c74ce8439828a524b9ada6e7b332849624bdafa123ee7e
odd_even,N16_L24_ah_new_r1_a00,16,24,ah_new,1,0.4671011893078685,8401d47d02d66fcd,94b31027dd52c7fdc8539865ae9bc1bd84c0550fbcbc97273be2a88ee0bd85f1
odd_even,N16_L24_ah_new_r2_a00,16,24,ah_new,2,0.46452528331428766,d76e38edab9c22d6,4951eb5a7a12daf59e01b7b0b8e0f1901dcaac59d6f37c57dab08f6ef5e276df
odd_even,N16_L24_fwht_r0_a00,16,24,fwht,0,1.1347159706056118,051a3bfec797abb7,ffe068819d6036600063a21fa803d1fdd917d800eda7919309fb48d3ac705a9f
odd_even,N16_L24_fwht_r1_a00,16,24,fwht,1,1.1194732822477818,067c6223cd7e5848,7c25a1f7dadf066b56ec3149cb46ffefac5fe486af7de7e189229ffadf7842d3
odd_even,N16_L24_fwht_r2_a00,16,24,fwht,2,1.140614565461874,68fe808540556136,a844c6228acb7c8d7c8cf8ce70a71d252128e2df58ea6d66b6d581fc54150e90
odd_even,N16_L24_kronecker_binary_r0_a00,16,24,kronecker_binary,0,5.169139472767711,ed9f838cc044566e,57fe2716ae41ff91dd7f5aacf4889c6e5828b5ed4b7ae37a396231acba5868ef
odd_even,N16_L24_kronecker_binary_r1_a00,16,24,kronecker_binary,1,5.164308520965278,de468264fb5e4cb6,dda1a33654f90431ad8df3dfe43f39a1fc7aa59845e9cc8799350fc78c089079
odd_even,N16_L24_kronecker_binary_r2_a00,16,24,kronecker_binary,2,5.20085065625608,318fcd164738e0c4,7c071bba95cf86f82a0b7f510648e8be2a3992241c970c9131aebe84d2a3f280
odd_even,N16_L24_ordinary_new_r0_a00,16,24,ordinary_new,0,0.6966375755146146,102f77bf00545ef6,41d401fd70b8d86fb27be3a75cc482fd4ebafe20a0996a472d366592de2a2d73
odd_even,N16_L24_ordinary_new_r1_a00,16,24,ordinary_new,1,0.7063469029963017,674696d34c3360f9,d64192f0932df1ffe2f25fd598531d75dcade399f56701adf5240002bc7bf742
odd_even,N16_L24_ordinary_new_r2_a00,16,24,ordinary_new,2,0.7061451021581888,615421717a5dc9fb,0fd25d6358ae92f0e1bec7f179d055a2371b52d7878d27fd71e856f27b057db5
odd_even,N16_L31_ah_new_r0_a00,16,31,ah_new,0,0.9135197196155787,f46f83469bd644aa,603f03ce8d151676ab56c053267e7b3fe5b20d1492844f0ed32d10d1efaa6c45
odd_even,N16_L31_ah_new_r1_a00,16,31,ah_new,1,0.9190277867019176,944a1b8c24fd768b,f972c2b95d105bd1ebb935d1284517813eb88013e8713b534ce54779e62f5b60
odd_even,N16_L31_ah_new_r2_a00,16,31,ah_new,2,0.9231613827869296,acdbfc734a387226,c3aef27e9fa07abb5cb1dab34bbdd5c6095b491c1c90ca6d83c5339ca158562d
odd_even,N16_L31_fwht_r0_a00,16,31,fwht,0,1.4660598151385784,33b0fa320d7fc67b,1854a0329cd71d7603433294379002bd29455f520852f5e266b6247838edb330
odd_even,N16_L31_fwht_r1_a00,16,31,fwht,1,1.4645913485437632,c71706d72693f2dd,e1f832e828d1b09a41874e647b538637923ac4bb80dfd2657abe049f0fe17923
odd_even,N16_L31_fwht_r2_a00,16,31,fwht,2,1.4511158848181367,bf9717e744876ca8,e529409747c4d536c12474f71574da75e2f0a29623cbfa5a7ec1293f5aa8a9c2
odd_even,N16_L31_kronecker_binary_r0_a00,16,31,kronecker_binary,0,8.953521463088691,10a077bff9f0434c,3fae1796926aa5f533fe3a24a502ab9fc9d508289f16cd0a94993fe7792c6e74
odd_even,N16_L31_kronecker_binary_r1_a00,16,31,kronecker_binary,1,8.835003430955112,5ad96abfb4c2031f,24c92ba63b699232a0e83f1332bd91953f820bccc7e3603737e1c13d3c1ed297
odd_even,N16_L31_kronecker_binary_r2_a00,16,31,kronecker_binary,2,8.709338563494384,d8a1cd3a4154488b,8650590bc44355155a6382fb941d66e982e291a12ddb6443a188172fd60f77f1
odd_even,N16_L31_ordinary_new_r0_a00,16,31,ordinary_new,0,2.651510862633586,b5c7975013a13a75,1727f29e6daa2aafe9ef2e92d0808b25d7d43140cc9e9e83e8b975f89e2b3b75
odd_even,N16_L31_ordinary_new_r1_a00,16,31,ordinary_new,1,2.6293135853484273,022e4d2df2d61654,bde5f02528de2755e385ac65d48d2362d26dce32db04fed6e7c8ac33ce11a635
odd_even,N16_L31_ordinary_new_r2_a00,16,31,ordinary_new,2,2.6404839772731066,0e05d35739ecb27c,25596395c2362d2e42151018b431f6ae2643e78e554af6e1ee26242a45871841
odd_even,N16_L32_ah_new_r0_a00,16,32,ah_new,0,1.0266902791336179,7718e30001d01765,5956985852c0113b432fad2a49960fb6b494d83b80faaf5ebd4ee6c0a423db54
odd_even,N16_L32_ah_new_r1_a00,16,32,ah_new,1,1.0116695715114474,521a29f58aa0a5d5,345a4120c4e912f7715d11b09e2aa28ced035d441a826358ae04b0bbdb0b8248
odd_even,N16_L32_ah_new_r2_a00,16,32,ah_new,2,1.0085967034101486,a8bc16be67f18cb7,3cbb3a4064bf913cb61b8d6c0c73abc2c557289d6d05e487a742e0d4811c982b
odd_even,N16_L32_fwht_r0_a00,16,32,fwht,0,1.509353168308735,c0e7e6b7a6793238,e8475597c91b157e51f965d99672d3954fd197186a54c139598f1eb558a38845
odd_even,N16_L32_fwht_r1_a00,16,32,fwht,1,1.5164661705493927,b462addddfa9fc07,d875925a5e7b6b795e06f3734813a4a27bc6e2895b60e5e9d824007c6a303686
odd_even,N16_L32_fwht_r2_a00,16,32,fwht,2,1.5075011244043708,d0484ff3957ac11e,fb245f6b66ad29bbb96ac973199fbf82c9aa2eea926bf1ca91ffce18949f4628
odd_even,N16_L32_kronecker_binary_r0_a00,16,32,kronecker_binary,0,5.300508459098637,1909d907e1629038,e6efc9b6b6d0eb7b9c10fbb787eef74aa96c68f163afed8390b47d327d214a24
odd_even,N16_L32_kronecker_binary_r1_a00,16,32,kronecker_binary,1,5.256364390254021,ebf7222c3e9797bc,6a7ba5c49529be6c2838f1d27bca8ff6b9a54414b1d42fe579eef81dbaee004d
odd_even,N16_L32_kronecker_binary_r2_a00,16,32,kronecker_binary,2,5.232425837777555,d6996b3d871a2d45,85aa3244b3528d537b2820b0c519828ea1c5206cd76d64e5e9a5b9e9997afb73
odd_even,N16_L32_ordinary_new_r0_a00,16,32,ordinary_new,0,1.4652821915224195,81092378c3b7fab9,2c063c7da3d2ecde5e7dd76787fea4d1679329cc7201c0aa1b2e9b47d2ee8d8e
odd_even,N16_L32_ordinary_new_r1_a00,16,32,ordinary_new,1,1.4541578087955713,2c5004f902d405f5,16b0c7d3df0731936877fa13349d3e1f7ffb67a0f97f1fcc8adfdf56b7e57678
odd_even,N16_L32_ordinary_new_r2_a00,16,32,ordinary_new,2,1.4509356524795294,37fe97a524bb6f84,d7e32c3513b084c53d01d11abdb7cb8c627749dba9e0b8869c688449feaf0151
six_case,worker_00,8,16,ah_block_second,0,0.09833167493343353,8713c1f2a0fd2f69,b756ffca1fbaa139445003662b1db4646ae45c50d269f3c51f1de903d0260e63
six_case,worker_03,8,16,ah_block_second,1,0.0972016965970397,c463427a592f33e7,b756ffca1fbaa139445003662b1db4646ae45c50d269f3c51f1de903d0260e63
six_case,worker_04,8,16,ah_block_second,2,0.09737064503133297,65bde4e64088c283,b756ffca1fbaa139445003662b1db4646ae45c50d269f3c51f1de903d0260e63
six_case,worker_01,8,16,ordinary_int,0,0.13037351053208113,a7dc3a5729dc1596,b756ffca1fbaa139445003662b1db4646ae45c50d269f3c51f1de903d0260e63
six_case,worker_02,8,16,ordinary_int,1,0.13363744225353003,f142bb6e402f6ff7,b756ffca1fbaa139445003662b1db4646ae45c50d269f3c51f1de903d0260e63
six_case,worker_05,8,16,ordinary_int,2,0.13468421064317226,c08e243a1d959b7f,b756ffca1fbaa139445003662b1db4646ae45c50d269f3c51f1de903d0260e63
six_case,worker_07,8,24,ah_block_second,0,0.13243793044239283,37538d0ca19b5394,b756ffca1fbaa139445003662b1db4646ae45c50d269f3c51f1de903d0260e63
six_case,worker_08,8,24,ah_block_second,1,0.13273924123495817,b5c989a1e7bf6213,b756ffca1fbaa139445003662b1db4646ae45c50d269f3c51f1de903d0260e63
six_case,worker_11,8,24,ah_block_second,2,0.1340466756373644,cfaf477c986629b9,b756ffca1fbaa139445003662b1db4646ae45c50d269f3c51f1de903d0260e63
six_case,worker_06,8,24,ordinary_int,0,0.2600879790261388,d3c387674192739c,b756ffca1fbaa139445003662b1db4646ae45c50d269f3c51f1de903d0260e63
six_case,worker_09,8,24,ordinary_int,1,0.2596018062904477,4dd25737c1f07edf,b756ffca1fbaa139445003662b1db4646ae45c50d269f3c51f1de903d0260e63
six_case,worker_10,8,24,ordinary_int,2,0.2613093499094248,35c70273ee4866e8,b756ffca1fbaa139445003662b1db4646ae45c50d269f3c51f1de903d0260e63
six_case,worker_12,8,32,ah_block_second,0,0.21185417380183935,76be7b0c6a220070,b756ffca1fbaa139445003662b1db4646ae45c50d269f3c51f1de903d0260e63
six_case,worker_15,8,32,ah_block_second,1,0.21215591579675674,e9287d867a05cf8e,b756ffca1fbaa139445003662b1db4646ae45c50d269f3c51f1de903d0260e63
six_case,worker_16,8,32,ah_block_second,2,0.21236084401607513,2620cdd363bd5989,b756ffca1fbaa139445003662b1db4646ae45c50d269f3c51f1de903d0260e63
six_case,worker_13,8,32,ordinary_int,0,0.4509189836680889,ba202d9ae6aadc21,b756ffca1fbaa139445003662b1db4646ae45c50d269f3c51f1de903d0260e63
six_case,worker_14,8,32,ordinary_int,1,0.44920129980891943,20a1d72068975866,b756ffca1fbaa139445003662b1db4646ae45c50d269f3c51f1de903d0260e63
six_case,worker_17,8,32,ordinary_int,2,0.4493655627593398,b29293752361b8bb,b756ffca1fbaa139445003662b1db4646ae45c50d269f3c51f1de903d0260e63
six_case,worker_19,16,16,ah_block_second,0,0.16464944928884506,e3d52a141ae2c339,b756ffca1fbaa139445003662b1db4646ae45c50d269f3c51f1de903d0260e63
six_case,worker_20,16,16,ah_block_second,1,0.1644232915714383,36a5df1880d18f3a,b756ffca1fbaa139445003662b1db4646ae45c50d269f3c51f1de903d0260e63
six_case,worker_23,16,16,ah_block_second,2,0.16477188933640718,493174678913d055,b756ffca1fbaa139445003662b1db4646ae45c50d269f3c51f1de903d0260e63
six_case,worker_18,16,16,ordinary_int,0,0.24624704848974943,3845866e4933f73d,b756ffca1fbaa139445003662b1db4646ae45c50d269f3c51f1de903d0260e63
six_case,worker_21,16,16,ordinary_int,1,0.24922763835638762,b839128f65b92f74,b756ffca1fbaa139445003662b1db4646ae45c50d269f3c51f1de903d0260e63
six_case,worker_22,16,16,ordinary_int,2,0.2499292716383934,efb97f6ed573b959,b756ffca1fbaa139445003662b1db4646ae45c50d269f3c51f1de903d0260e63
six_case,worker_24,16,24,ah_block_second,0,0.3664117995649576,c55123060c1eb9d2,b756ffca1fbaa139445003662b1db4646ae45c50d269f3c51f1de903d0260e63
six_case,worker_27,16,24,ah_block_second,1,0.36573382280766964,b4c5e03410847da3,b756ffca1fbaa139445003662b1db4646ae45c50d269f3c51f1de903d0260e63
six_case,worker_28,16,24,ah_block_second,2,0.36651656217873096,5efc3f6015eb32b8,b756ffca1fbaa139445003662b1db4646ae45c50d269f3c51f1de903d0260e63
six_case,worker_25,16,24,ordinary_int,0,0.5974514940753579,1d746949a9854ff7,b756ffca1fbaa139445003662b1db4646ae45c50d269f3c51f1de903d0260e63
six_case,worker_26,16,24,ordinary_int,1,0.6028405483812094,f2dd26196077f2c7,b756ffca1fbaa139445003662b1db4646ae45c50d269f3c51f1de903d0260e63
six_case,worker_29,16,24,ordinary_int,2,0.6021554656326771,9afc1e4ee810216d,b756ffca1fbaa139445003662b1db4646ae45c50d269f3c51f1de903d0260e63
six_case,worker_31,16,32,ah_block_second,0,0.8739605285227299,1a499136aa14ef7e,b756ffca1fbaa139445003662b1db4646ae45c50d269f3c51f1de903d0260e63
six_case,worker_32,16,32,ah_block_second,1,0.8746969243511558,9c506b1f3f85f444,b756ffca1fbaa139445003662b1db4646ae45c50d269f3c51f1de903d0260e63
six_case,worker_35,16,32,ah_block_second,2,0.8706195866689086,774e52d4b9e26e21,b756ffca1fbaa139445003662b1db4646ae45c50d269f3c51f1de903d0260e63
six_case,worker_30,16,32,ordinary_int,0,1.3041312135756016,3dc0b88b032cb24c,b756ffca1fbaa139445003662b1db4646ae45c50d269f3c51f1de903d0260e63
six_case,worker_33,16,32,ordinary_int,1,1.301303812302649,9d6c6942d4f7b1e7,b756ffca1fbaa139445003662b1db4646ae45c50d269f3c51f1de903d0260e63
six_case,worker_34,16,32,ordinary_int,2,1.3027706323191524,921a7f6ebccfbab2,b756ffca1fbaa139445003662b1db4646ae45c50d269f3c51f1de903d0260e63
